date,open,close,high,low,volume,turnover,amount
2015-01-05,0.246,0.257,0.258,0.246,10615452.0,0.0,10709000.0
2015-01-06,0.255,0.266,0.27,0.255,9382332.0,0.0,9855300.0
2015-01-07,0.263,0.261,0.266,0.259,3017931.0,0.0,3158300.0
2015-01-08,0.259,0.261,0.266,0.258,2250700.0,0.0,2357900.0
2015-01-09,0.26,0.259,0.261,0.258,1584100.0,0.0,1646300.0
2015-01-12,0.26,0.258,0.26,0.253,1457000.0,0.0,1485400.0
2015-01-13,0.259,0.261,0.264,0.258,1761312.0,0.0,1837900.0
2015-01-14,0.26,0.259,0.262,0.257,1863062.0,0.0,1935700.0
2015-01-15,0.258,0.26,0.262,0.256,1764368.0,0.0,1827400.0
2015-01-16,0.26,0.263,0.263,0.259,2192730.0,0.0,2285200.0
2015-01-19,0.263,0.255,0.263,0.254,2661780.0,0.0,2766900.0
2015-01-20,0.255,0.26,0.263,0.255,1295681.0,0.0,1341100.0000000002
2015-01-21,0.262,0.262,0.265,0.259,2721361.0,0.0,2860000.0
2015-01-22,0.262,0.267,0.269,0.262,3713218.0,0.0,3944300.0
2015-01-23,0.268,0.265,0.268,0.263,1520118.0,0.0,1607300.0
2015-01-26,0.265,0.27,0.271,0.263,3039610.0,0.0,3261300.0
2015-01-27,0.273,0.273,0.273,0.267,3709259.0,0.0,4013800.0
2015-01-28,0.27,0.271,0.272,0.268,995229.0,0.0,1071700.0
2015-01-29,0.27,0.266,0.27,0.266,956600.0,0.0,1021600.0
2015-01-30,0.266,0.266,0.272,0.264,720400.0,0.0,767700.0
2015-02-02,0.263,0.265,0.265,0.259,546380.0,0.0,571900.0
2015-02-03,0.265,0.263,0.265,0.262,5560100.0,0.0,5825400.0
2015-02-04,0.261,0.26,0.263,0.26,562500.0,0.0,586500.0
2015-02-05,0.261,0.26,0.261,0.259,944280.0,0.0,979700.0
2015-02-06,0.257,0.255,0.26,0.255,494500.0,0.0,507500.0
2015-02-09,0.26,0.255,0.26,0.255,567100.0,0.0,580700.0
2015-02-10,0.255,0.255,0.256,0.254,906800.0,0.0,924200.0
2015-02-11,0.256,0.258,0.259,0.256,834100.0,0.0,859599.9999999999
2015-02-12,0.258,0.26,0.26,0.256,736400.0,0.0,760500.0
2015-02-13,0.259,0.262,0.266,0.259,2136409.0,0.0,2250500.0
2015-02-16,0.26,0.264,0.264,0.26,600680.0,0.0,629000.0
2015-02-17,0.264,0.265,0.265,0.264,916398.0,0.0,968600.0
2015-02-25,0.267,0.266,0.269,0.263,1633650.0,0.0,1735700.0
2015-02-26,0.266,0.266,0.267,0.264,661500.0,0.0,699900.0
2015-02-27,0.266,0.267,0.268,0.265,1583399.0,0.0,1686699.9999999998
2015-03-02,0.267,0.268,0.269,0.264,1865860.0,0.0,1985300.0
2015-03-03,0.265,0.265,0.27,0.265,1735099.0000000002,0.0,1852900.0
2015-03-04,0.265,0.273,0.275,0.265,3697900.0,0.0,3993700.0
2015-03-05,0.275,0.274,0.277,0.27,2704279.0,0.0,2966100.0
2015-03-06,0.272,0.268,0.274,0.267,2276279.0,0.0,2463800.0
2015-03-09,0.266,0.272,0.272,0.265,1025200.0,0.0,1099700.0
2015-03-10,0.272,0.273,0.275,0.27,1907240.0,0.0,2081300.0
2015-03-11,0.274,0.272,0.275,0.271,1546761.0,0.0,1688200.0
2015-03-12,0.27,0.272,0.275,0.27,1254900.0,0.0,1369000.0
2015-03-13,0.272,0.275,0.275,0.268,1834800.0,0.0,2004200.0
2015-03-16,0.276,0.284,0.285,0.272,3996016.000000001,0.0,4459300.0
2015-03-17,0.28,0.282,0.284,0.28,2139662.0,0.0,2410400.0
2015-03-18,0.281,0.287,0.288,0.28,2572994.0,0.0,2919800.0
2015-03-19,0.281,0.283,0.287,0.281,772600.0,0.0,875400.0000000001
2015-03-20,0.284,0.305,0.308,0.283,1333856.0,0.0,1529000.0
2015-03-23,0.293,0.292,0.3,0.29,8165356.0,0.0,9544400.0
2015-03-24,0.292,0.296,0.298,0.285,3397290.0,0.0,3946000.0
2015-03-25,0.296,0.298,0.3,0.291,2849190.0,0.0,3385400.0
2015-03-26,0.298,0.294,0.298,0.293,823090.0,0.0,972900.0
2015-03-27,0.293,0.295,0.299,0.292,1442856.0,0.0,1707300.0
2015-03-30,0.297,0.302,0.303,0.296,2046199.0,0.0,2455200.0
2015-03-31,0.302,0.299,0.303,0.296,3211043.0,0.0,3864100.000000001
2015-04-01,0.302,0.305,0.307,0.299,3777343.0,0.0,4591800.0
2015-04-02,0.308,0.308,0.312,0.307,937644.0,0.0,1160300.0
2015-04-03,0.308,0.31,0.31,0.305,738401.0,0.0,907700.0
2015-04-07,0.31,0.319,0.319,0.31,2424699.0,0.0,3070700.0
2015-04-08,0.32,0.314,0.324,0.312,4282618.0,0.0,5397900.0
2015-04-09,0.314,0.311,0.315,0.303,2392318.0,0.0,2952600.0
2015-04-10,0.314,0.321,0.322,0.306,2553068.0,0.0,3228700.0
2015-04-13,0.322,0.336,0.345,0.322,3277068.0,0.0,4362800.0
2015-04-14,0.336,0.338,0.345,0.33,2013568.0,0.0,2721900.0
2015-04-15,0.336,0.327,0.336,0.325,1458468.0,0.0,1909800.0
2015-04-16,0.323,0.328,0.335,0.315,1014500.0,0.0,1321100.0000000002
2015-04-17,0.335,0.331,0.335,0.322,2501600.0,0.0,3270899.9999999995
2015-04-20,0.33,0.321,0.33,0.32,1704600.0,0.0,2211300.0
2015-04-21,0.321,0.325,0.326,0.32,1299101.0,0.0,1683700.0
2015-04-22,0.327,0.336,0.336,0.327,2650610.0,0.0,3539400.0
2015-04-23,0.336,0.335,0.339,0.333,1856680.0,0.0,2490100.0
2015-04-24,0.333,0.338,0.338,0.327,3012384.0,0.0,4005800.0
2015-04-27,0.338,0.34,0.342,0.335,2041799.0,0.0,2764800.0
2015-04-28,0.34,0.33,0.343,0.325,1388200.0,0.0,1858200.0
2015-04-29,0.325,0.335,0.339,0.325,1464500.0,0.0,1958600.0
2015-04-30,0.338,0.334,0.34,0.334,724935.0,0.0,976900.0
2015-05-04,0.334,0.335,0.336,0.331,762450.0,0.0,1019000.0
2015-05-05,0.335,0.321,0.337,0.302,1736834.9999999998,0.0,2299200.0
2015-05-06,0.325,0.327,0.336,0.325,1219631.0,0.0,1619199.9999999998
2015-05-07,0.327,0.322,0.33,0.318,1434316.0,0.0,1849400.0
2015-05-08,0.322,0.329,0.33,0.322,1828916.0,0.0,2389500.0
2015-05-11,0.33,0.341,0.341,0.329,2004821.0,0.0,2702200.0000000005
2015-05-12,0.342,0.345,0.345,0.333,2309078.0,0.0,3153500.0
2015-05-13,0.333,0.344,0.345,0.333,1802061.0,0.0,2472300.0
2015-05-14,0.346,0.342,0.346,0.338,468661.0,0.0,639700.0
2015-05-15,0.339,0.337,0.342,0.334,638300.0,0.0,858000.0
2015-05-18,0.337,0.342,0.343,0.333,989093.0,0.0,1344900.0
2015-05-19,0.342,0.35,0.35,0.338,2979081.0,0.0,4135200.0
2015-05-20,0.35,0.36,0.363,0.348,1575989.0,0.0,2246700.0
2015-05-21,0.36,0.373,0.373,0.36,1703259.9999999998,0.0,2487000.0
2015-05-22,0.373,0.369,0.384,0.365,2105300.0,0.0,3120100.0
2015-05-25,0.37,0.379,0.38,0.365,922200.0,0.0,1381300.0
2015-05-26,0.379,0.387,0.388,0.376,2146200.0,0.0,3265700.0
2015-05-27,0.375,0.393,0.395,0.375,1695990.0000000002,0.0,2609800.0
2015-05-28,0.387,0.368,0.395,0.368,840700.0,0.0,1297900.0
2015-05-29,0.359,0.379,0.393,0.359,1140890.0,0.0,1689400.0
2015-06-01,0.387,0.4,0.401,0.38,1542200.0,0.0,2429000.0
2015-06-02,0.404,0.405,0.407,0.395,978100.0,0.0,1561600.0
2015-06-03,0.403,0.403,0.409,0.395,855100.0,0.0,1378700.0
2015-06-04,0.403,0.392,0.403,0.377,1133200.0,0.0,1759500.0
2015-06-05,0.395,0.394,0.403,0.391,1008600.0,0.0,1597400.0
2015-06-08,0.395,0.391,0.397,0.382,1841400.0,0.0,2879300.0
2015-06-09,0.391,0.388,0.395,0.388,908000.0,0.0,1422000.0
2015-06-10,0.388,0.395,0.398,0.38,803257.0,0.0,1262400.0
2015-06-11,0.395,0.401,0.405,0.387,2070702.0,0.0,3281200.0
2015-06-12,0.401,0.405,0.406,0.401,1404190.0,0.0,2268300.0
2015-06-15,0.405,0.4,0.41,0.397,563500.0,0.0,905800.0
2015-06-16,0.403,0.387,0.403,0.375,928765.0,0.0,1433600.0000000002
2015-06-17,0.39,0.39,0.394,0.378,1422178.0,0.0,2209900.0
2015-06-18,0.394,0.381,0.394,0.381,1349200.0,0.0,2088700.0
2015-06-19,0.38,0.361,0.38,0.35,1217432.0,0.0,1791900.0
2015-06-23,0.363,0.366,0.37,0.34,634246.0,0.0,902900.0
2015-06-24,0.363,0.374,0.378,0.363,1114032.0,0.0,1660500.0
2015-06-25,0.374,0.369,0.386,0.369,1209132.0,0.0,1817300.0
2015-06-26,0.363,0.34,0.375,0.333,694932.0,0.0,977800.0
2015-06-29,0.35,0.312,0.353,0.308,590400.0,0.0,770100.0
2015-06-30,0.31,0.343,0.343,0.31,769132.0,0.0,998900.0
2015-07-01,0.343,0.35,0.364,0.339,1693000.0,0.0,2398700.0
2015-07-02,0.35,0.335,0.363,0.315,1678700.0,0.0,2253200.0
2015-07-03,0.315,0.315,0.333,0.308,702000.0,0.0,896300.0
2015-07-06,0.347,0.312,0.347,0.284,3323500.0,0.0,4295500.0
2015-07-07,0.308,0.281,0.308,0.281,1294900.0,0.0,1490400.0
2015-07-08,0.253,0.253,0.267,0.253,3428710.0,0.0,3481000.0
2015-07-09,0.253,0.278,0.278,0.253,2222000.0,0.0,2438600.0
2015-07-10,0.306,0.306,0.306,0.306,563560.0,0.0,689800.0
2015-07-13,0.333,0.337,0.337,0.318,3559600.0,0.0,4689900.0
2015-07-14,0.34,0.35,0.368,0.337,4548010.0,0.0,6353300.0
2015-07-15,0.342,0.325,0.35,0.321,1361000.0,0.0,1808300.0
2015-07-16,0.32,0.33,0.345,0.3,4749400.0,0.0,6182800.0
2015-07-17,0.333,0.343,0.345,0.326,2576005.0,0.0,3437400.0
2015-07-20,0.343,0.337,0.35,0.33,3047100.0,0.0,4157100.0
2015-07-21,0.333,0.333,0.338,0.33,1747100.0,0.0,2331400.0
2015-07-22,0.335,0.336,0.345,0.332,1847000.0,0.0,2489400.0
2015-07-23,0.334,0.347,0.348,0.334,4831707.0,0.0,6646300.0
2015-07-24,0.347,0.341,0.349,0.34,3089900.0,0.0,4242400.0
2015-07-27,0.325,0.316,0.34,0.313,3002200.0,0.0,3974600.0
2015-07-28,0.285,0.315,0.323,0.285,1562800.0,0.0,1891000.0
2015-07-29,0.314,0.327,0.33,0.308,1251507.0,0.0,1588700.0
2015-07-30,0.328,0.322,0.332,0.319,1300007.0,0.0,1696600.0
2015-07-31,0.313,0.322,0.328,0.313,656207.0,0.0,831300.0
2015-08-03,0.313,0.319,0.323,0.31,485100.0,0.0,608400.0
2015-08-04,0.32,0.336,0.337,0.317,1557407.0,0.0,2042800.0
2015-08-05,0.336,0.333,0.348,0.325,2184607.0,0.0,2951300.0
2015-08-06,0.328,0.33,0.341,0.325,130607.0,0.0,172399.99999999997
2015-08-07,0.338,0.335,0.338,0.328,515300.0,0.0,683300.0
2015-08-10,0.335,0.344,0.345,0.329,979700.0,0.0,1328700.0
2015-08-11,0.344,0.339,0.344,0.336,505590.0,0.0,688600.0
2015-08-12,0.338,0.334,0.341,0.33,362200.0,0.0,484600.0
2015-08-13,0.335,0.335,0.336,0.33,437200.0,0.0,582100.0
2015-08-14,1.339,1.333,1.345,1.331,292200.0,,390815.0
2015-08-17,1.333,1.337,1.338,1.301,544700.0,,719397.0
2015-08-18,1.344,1.28,1.38,1.28,2888300.0,,3943659.0
2015-08-19,0.325,0.335,0.337,0.313,2201700.0,0.0,2894000.0
2015-08-20,0.326,0.325,0.332,0.323,571300.0,0.0,745300.0
2015-08-21,0.32,0.313,0.32,0.301,1076690.0,0.0,1340500.0
2015-08-24,0.29,0.282,0.313,0.282,1693500.0,0.0,1957400.0
2015-08-25,1.1,1.032,1.1,1.03,729700.0,,772069.0
2015-08-26,1.099,1.07,1.11,1.05,797700.0,,857068.0
2015-08-27,1.085,1.1,1.101,1.075,680000.0,,739863.0
2015-08-28,0.272,0.287,0.288,0.272,697500.0,0.0,786900.0
2015-08-31,1.13,1.12,1.13,1.101,409700.0,,457036.0
2015-09-01,1.123,1.102,1.123,1.05,422800.0,,458712.0
2015-09-02,0.268,0.275,0.278,0.265,371400.0,0.0,403300.0
2015-09-07,0.275,0.279,0.286,0.272,601800.0,0.0,676300.0
2015-09-08,0.282,0.287,0.287,0.274,587290.0,0.0,666200.0
2015-09-09,0.288,0.293,0.295,0.288,538690.0,0.0,630900.0
2015-09-10,1.155,1.163,1.18,1.154,92100.0,,107616.0
2015-09-11,1.16,1.156,1.168,1.137,231300.0,,267280.0
2015-09-14,0.281,0.276,0.293,0.275,370400.0,0.0,413200.0
2015-09-15,0.276,0.265,0.276,0.263,272500.0,0.0,296200.0
2015-09-16,0.274,0.284,0.285,0.266,348100.0,0.0,381100.0
2015-09-17,1.111,1.099,1.141,1.096,200700.0,,225300.0
2015-09-18,1.08,1.116,1.129,1.08,109500.0,,120522.0
2015-09-21,0.266,0.284,0.284,0.266,431500.0,0.0,481900.0
2015-09-22,0.284,0.284,0.284,0.28,444900.0,0.0,503000.0
2015-09-23,1.134,1.122,1.134,1.106,94000.0,,104738.0
2015-09-24,1.121,1.123,1.127,1.114,82400.0,,92056.0
2015-09-25,0.275,0.274,0.281,0.274,181200.0,0.0,200400.0
2015-09-28,0.272,0.278,0.278,0.272,113300.0,0.0,124300.0
2015-09-29,1.088,1.096,1.108,1.062,250300.0,,271798.0
2015-09-30,1.085,1.087,1.098,1.085,100300.0,,109398.0
2015-10-08,1.151,1.154,1.196,1.142,1101700.0,,1271397.0
2015-10-09,0.288,0.287,0.288,0.281,348400.0,0.0,397700.00000000006
2015-10-12,0.285,0.296,0.298,0.285,823500.0,0.0,965900.0
2015-10-13,1.171,1.174,1.18,1.171,407090.0,,478601.0
2015-10-14,1.17,1.165,1.176,1.152,454400.0,,531508.0
2015-10-15,0.294,0.296,0.297,0.288,200100.0,0.0,234200.00000000003
2015-10-16,0.296,0.296,0.298,0.293,468900.0,0.0,554500.0
2015-10-19,1.172,1.183,1.185,1.17,241200.0,,283027.0
2015-10-20,1.18,1.183,1.183,1.17,240100.0,,283129.0
2015-10-21,0.294,0.287,0.3,0.285,623400.0,0.0,736100.0
2015-10-22,1.166,1.192,1.193,1.153,729600.0,,861154.0
2015-10-23,0.303,0.311,0.32,0.302,1603700.0,0.0,1985400.0
2015-10-26,0.313,0.314,0.314,0.308,1394100.0,0.0,1729800.0
2015-10-27,0.308,0.313,0.316,0.305,722600.0,0.0,894900.0
2015-10-28,0.309,0.306,0.314,0.306,215200.0,0.0,265800.0
2015-10-29,0.306,0.307,0.31,0.306,244000.0,0.0,299900.0
2015-10-30,1.221,1.225,1.255,1.2,941500.0,,1154369.0
2015-11-02,0.303,0.304,0.311,0.303,354000.0,0.0,433800.0
2015-11-03,1.226,1.206,1.226,1.205,254700.0,,308464.0
2015-11-04,0.306,0.312,0.312,0.305,526900.0,0.0,652000.0
2015-11-05,0.31,0.313,0.315,0.308,955400.0,0.0,1195000.0
2015-11-06,0.315,0.317,0.318,0.313,966100.0,0.0,1219700.0
2015-11-09,0.316,0.319,0.321,0.316,556490.0,0.0,710699.9999999999
2015-11-10,0.319,0.321,0.322,0.313,301800.0,0.0,385000.0
2015-11-11,0.319,0.316,0.32,0.313,297500.0,0.0,377500.0
2015-11-12,0.32,0.321,0.322,0.317,590290.0,0.0,758100.0
2015-11-13,1.284,1.259,1.284,1.252,185590.0,,233281.0
2015-11-16,0.311,0.316,0.316,0.311,110500.0,0.0,138500.0
2015-11-17,0.316,0.315,0.32,0.314,172100.0,0.0,218600.0
2015-11-18,1.25,1.24,1.253,1.24,137100.0,,171077.0
2015-11-19,1.241,1.253,1.261,1.241,149100.0,,186762.0
2015-11-20,0.318,0.315,0.318,0.313,267700.0,0.0,338100.0
2015-11-23,0.315,0.316,0.319,0.315,54700.0,0.0,68900.0
2015-11-24,0.313,0.315,0.316,0.31,244800.0,0.0,305800.0
2015-11-25,0.317,0.318,0.318,0.313,318900.0,0.0,403900.0
2015-11-26,0.318,0.316,0.318,0.316,272500.0,0.0,345000.0
2015-11-27,1.26,1.229,1.263,1.206,567200.0,,702241.0
2015-11-30,1.227,1.212,1.238,1.2,500500.0,,609398.0
2015-12-01,1.212,1.245,1.246,1.212,378200.0,,466497.0
2015-12-02,0.311,0.316,0.318,0.308,567600.0,0.0,714000.0
2015-12-03,1.256,1.271,1.278,1.237,232000.0,,292759.0
2015-12-04,1.247,1.269,1.276,1.247,117600.0,,148914.0
2015-12-07,0.318,0.322,0.324,0.317,151600.0,0.0,193900.0
2015-12-08,1.283,1.28,1.287,1.241,208600.0,,265291.0
2015-12-09,0.309,0.315,0.319,0.309,146300.0,0.0,185200.0
2015-12-10,0.319,0.322,0.323,0.314,635625.0,0.0,814100.0
2015-12-11,0.322,0.32,0.322,0.315,103325.0,0.0,131300.0
2015-12-14,1.253,1.28,1.28,1.253,89300.0,,113666.0
2015-12-15,1.28,1.28,1.28,1.278,60200.0,,77036.0
2015-12-16,1.28,1.273,1.28,1.27,92800.0,,118508.0
2015-12-17,1.289,1.294,1.294,1.271,371000.0,,477145.0
2015-12-18,1.296,1.29,1.309,1.29,200100.0,,260314.0
2015-12-21,1.291,1.355,1.355,1.291,814700.0,,1080561.0
2015-12-22,1.354,1.355,1.358,1.325,339000.0,,457784.0
2015-12-23,1.336,1.343,1.4,1.336,247300.0,,334665.0
2015-12-24,0.331,0.33,0.337,0.328,112300.0,0.0,148300.0
2015-12-25,1.334,1.314,1.334,1.312,59200.0,,78143.0
2015-12-28,1.36,1.313,1.36,1.313,84300.0,,110850.0
2015-12-29,0.333,0.328,0.333,0.326,147300.0,0.0,194900.0
2015-12-30,0.326,0.334,0.338,0.326,86200.0,0.0,115000.0
2015-12-31,0.327,0.332,0.335,0.327,85000.0,0.0,112200.0
2016-01-04,1.302,1.299,1.327,1.299,242300.0,,315808.0
2016-01-05,0.311,0.323,0.325,0.311,76200.0,0.0,97000.0
2016-01-06,0.322,0.325,0.326,0.319,54100.0,0.0,69500.0
2016-01-07,1.26,1.26,1.26,1.26,8100.0,,10206.0
2016-01-08,1.29,1.28,1.29,1.205,166600.0,,207498.0
2016-01-11,1.26,1.213,1.26,1.207,238900.0,,290449.0
2016-01-12,0.293,0.303,0.322,0.293,77900.0,0.0,93400.0
2016-01-13,1.2,1.209,1.27,1.15,929800.0,,1093854.0
2016-01-14,0.295,0.296,0.3,0.283,620000.0,0.0,714800.0
2016-01-15,0.289,0.279,0.289,0.275,436100.0,0.0,484100.0
2016-01-18,0.282,0.28,0.282,0.271,123500.0,0.0,137300.0
2016-01-19,0.282,0.287,0.287,0.277,386000.0,0.0,439000.0
2016-01-20,0.287,0.286,0.287,0.28,439400.0,0.0,499000.0
2016-01-21,0.29,0.281,0.29,0.279,34900.0,0.0,39500.0
2016-01-22,1.09,1.129,1.15,1.09,59500.0,,67233.0
2016-01-25,0.288,0.285,0.288,0.273,32800.0,0.0,36500.0
2016-01-26,1.139,1.111,1.139,1.1,168800.0,,186163.0
2016-01-27,1.058,1.118,1.12,1.058,39000.0,,43255.0
2016-01-28,1.12,1.081,1.12,1.065,106700.0,,115803.0
2016-01-29,1.098,1.11,1.111,1.064,76951.0,,84377.0
2016-02-01,1.16,1.091,1.16,1.061,51700.0,,57493.0
2016-02-02,0.285,0.28,0.285,0.27,30500.0,0.0,34100.0
2016-02-03,1.088,1.116,1.116,1.08,73600.0,,79946.0
2016-02-04,1.119,1.15,1.165,1.106,331500.0,,374672.0
2016-02-05,0.285,0.283,0.285,0.277,63400.0,0.0,71300.0
2016-02-15,1.129,1.12,1.129,1.094,32100.0,,35832.0
2016-02-16,1.13,1.133,1.137,1.11,180700.0,,203315.0
2016-02-17,0.283,0.282,0.283,0.28,349500.0,0.0,392600.0
2016-02-18,0.28,0.278,0.282,0.278,310900.0,0.0,346900.0
2016-02-19,0.275,0.276,0.278,0.275,135500.0,0.0,149900.0
2016-02-22,0.28,0.282,0.282,0.277,440900.0,0.0,493100.0
2016-02-23,0.282,0.28,0.282,0.278,77000.0,0.0,86300.00000000001
2016-02-24,1.125,1.125,1.135,1.109,179251.0,,201385.0
2016-02-25,0.281,0.275,0.281,0.266,582751.0,0.0,626300.0
2016-02-26,1.1,1.077,1.1,1.061,242400.0,,261324.0
2016-02-29,0.269,0.262,0.269,0.258,1052300.0,0.0,1089200.0
2016-03-01,0.262,0.266,0.266,0.26,141100.0,0.0,147800.0
2016-03-02,1.063,1.082,1.093,1.043,141300.0,,152376.0
2016-03-03,1.068,1.082,1.096,1.068,156551.0,,169963.0
2016-03-04,1.163,1.092,1.164,1.07,62151.0,,67565.0
2016-03-07,0.283,0.271,0.283,0.264,80010.0,0.0,88000.0
2016-03-08,1.099,1.093,1.099,1.075,49300.0,,53393.0
2016-03-09,0.268,0.273,0.274,0.267,25700.0,0.0,27900.0
2016-03-10,1.09,1.089,1.09,1.076,77700.0,,84240.0
2016-03-11,0.27,0.271,0.271,0.27,6500.0,0.0,7000.0
2016-03-14,0.273,0.273,0.28,0.273,144200.0,0.0,158800.0
2016-03-15,1.104,1.098,1.104,1.086,220600.0,,240736.0
2016-03-16,1.098,1.1,1.103,1.09,90200.0,,99377.0
2016-03-17,1.1,1.109,1.109,1.1,123510.0,,136638.0
2016-03-18,0.277,0.28,0.283,0.277,269763.0,0.0,302800.0
2016-03-21,1.148,1.136,1.148,1.122,145000.0,,164577.0
2016-03-22,1.116,1.13,1.14,1.116,105900.0,,119967.0
2016-03-23,0.278,0.281,0.283,0.278,83600.0,0.0,93700.0
2016-03-24,0.28,0.277,0.28,0.277,255500.0,0.0,283800.0
2016-03-25,0.277,0.282,0.282,0.273,438100.0,0.0,489200.0
2016-03-28,1.121,1.128,1.145,1.121,133100.0,,151370.0
2016-03-29,0.282,0.282,0.285,0.279,47742.0,0.0,53600.0
2016-03-30,1.107,1.14,1.14,1.106,236802.0,,264496.0
2016-03-31,1.13,1.132,1.14,1.13,33000.0,,37481.0
2016-04-01,1.145,1.13,1.145,1.118,145000.0,,163344.0
2016-04-05,0.283,0.284,0.286,0.28,213000.0,0.0,243100.0
2016-04-06,1.136,1.14,1.146,1.136,95600.0,,109251.0
2016-04-07,0.283,0.285,0.285,0.283,139000.0,0.0,158200.0
2016-04-08,0.279,0.281,0.283,0.279,39500.0,0.0,44400.00000000001
2016-04-11,1.135,1.139,1.14,1.116,84140.0,,95140.0
2016-04-12,1.128,1.138,1.139,1.128,21600.0,,24497.0
2016-04-13,1.13,1.146,1.155,1.13,264087.0,,303104.0
2016-04-14,1.155,1.149,1.155,1.136,40200.0,,45806.0
2016-04-15,1.133,1.149,1.149,1.131,3700.0,,4193.0
2016-04-18,0.284,0.284,0.285,0.283,44800.0,0.0,50800.0
2016-04-19,0.284,0.286,0.286,0.284,31800.0,0.0,36200.0
2016-04-20,0.284,0.278,0.284,0.276,169400.0,0.0,190900.0
2016-04-21,1.12,1.118,1.136,1.115,57400.0,,64052.0
2016-04-22,1.131,1.131,1.131,1.131,1300.0,,1470.0
2016-04-25,1.141,1.123,1.141,1.111,58500.0,,65167.0
2016-04-26,0.279,0.281,0.281,0.276,119300.0,0.0,132300.0
2016-04-27,0.281,0.279,0.281,0.279,41400.0,0.0,46300.0
2016-04-28,1.128,1.118,1.128,1.1,57000.0,,63499.0
2016-04-29,1.12,1.119,1.12,1.107,19700.0,,21865.0
2016-05-03,0.273,0.285,0.285,0.273,374100.0,0.0,423200.0
2016-05-04,0.285,0.284,0.287,0.281,83800.0,0.0,95500.0
2016-05-05,0.287,0.286,0.287,0.282,141329.0,0.0,160300.0
2016-05-06,0.282,0.28,0.283,0.28,108687.0,0.0,122100.0
2016-05-09,0.277,0.276,0.28,0.276,33429.0,0.0,37000.0
2016-05-10,1.137,1.118,1.137,1.097,66029.0,,73073.0
2016-05-11,0.28,0.285,0.286,0.28,120400.0,0.0,136100.0
2016-05-12,0.278,0.285,0.285,0.278,38000.0,0.0,42300.00000000001
2016-05-13,0.285,0.28,0.285,0.279,2600.0,0.0,2900.0
2016-05-16,0.28,0.282,0.282,0.28,22500.0,0.0,25300.0
2016-05-17,0.279,0.282,0.283,0.279,87400.0,0.0,98300.0
2016-05-18,0.282,0.282,0.282,0.276,47200.0,0.0,52699.99999999999
2016-05-19,0.276,0.281,0.282,0.276,118352.0,0.0,132200.0
2016-05-20,1.123,1.123,1.123,1.123,700.0,,786.0
2016-05-23,0.289,0.279,0.289,0.278,114800.0,0.0,128600.0
2016-05-24,1.118,1.115,1.118,1.105,69900.0,,77297.0
2016-05-25,0.279,0.279,0.279,0.277,37000.0,0.0,41000.0
2016-05-26,0.276,0.278,0.278,0.276,54400.0,0.0,60100.0
2016-05-27,1.111,1.11,1.111,1.105,67900.0,,75341.0
2016-05-30,0.278,0.277,0.278,0.275,42000.0,0.0,46400.0
2016-05-31,1.111,1.13,1.133,1.111,228699.0,,257497.0
2016-06-01,0.282,0.282,0.282,0.28,65000.0,0.0,73300.0
2016-06-02,0.28,0.282,0.282,0.28,3600.0,0.0,4100.0
2016-06-03,1.129,1.127,1.133,1.126,136760.0,,154194.0
2016-06-06,0.283,0.282,0.284,0.282,345799.0,0.0,391200.0
2016-06-07,1.135,1.129,1.14,1.129,151100.0,,171700.0
2016-06-08,1.135,1.14,1.14,1.13,216367.0,,246164.0
2016-06-13,1.139,1.12,1.139,1.12,42200.0,,47475.0
2016-06-14,1.15,1.13,1.15,1.13,93000.0,,105146.0
2016-06-15,1.102,1.133,1.139,1.102,114400.0,,127559.0
2016-06-16,0.284,0.284,0.284,0.284,18000.0,0.0,20400.0
2016-06-17,0.284,0.287,0.287,0.284,330700.0,0.0,377300.0
2016-06-20,0.28,0.286,0.286,0.28,24900.0,0.0,28300.0
2016-06-21,0.281,0.286,0.286,0.281,8200.0,0.0,9300.0
2016-06-22,0.286,0.286,0.286,0.281,3100.0,0.0,3500.0
2016-06-23,0.281,0.285,0.285,0.281,100200.0,0.0,112800.0
2016-06-24,0.286,0.283,0.286,0.28,125700.0,0.0,142300.0
2016-06-27,0.278,0.283,0.286,0.278,87600.0,0.0,99400.0
2016-06-28,0.282,0.291,0.292,0.282,327000.0,0.0,378100.0
2016-06-29,1.17,1.166,1.17,1.143,313700.0,,366195.0
2016-06-30,1.153,1.17,1.179,1.153,71100.0,,82890.0
2016-07-01,1.171,1.172,1.174,1.165,22100.0,,25799.0
2016-07-04,0.286,0.293,0.296,0.286,84115.0,0.0,98000.0
2016-07-05,0.287,0.293,0.296,0.287,86900.0,0.0,101100.0
2016-07-06,0.287,0.294,0.298,0.287,245915.0,0.0,291000.0
2016-07-07,0.298,0.3,0.306,0.298,452200.0,0.0,544300.0
2016-07-08,0.296,0.299,0.3,0.296,209700.0,0.0,249300.0
2016-07-11,0.3,0.303,0.305,0.299,476300.0,0.0,576500.0
2016-07-12,1.227,1.245,1.246,1.204,630100.0,,775015.0
2016-07-13,0.313,0.313,0.32,0.313,245052.0,0.0,306800.0
2016-07-14,0.313,0.311,0.32,0.31,53500.0,0.0,67000.0
2016-07-15,1.219,1.25,1.25,1.219,140300.0,,174013.0
2016-07-18,1.251,1.24,1.251,1.23,121115.0,,150054.0
2016-07-19,0.31,0.309,0.31,0.309,26500.0,0.0,32800.0
2016-07-20,0.309,0.31,0.31,0.306,60215.0,0.0,74200.0
2016-07-21,1.24,1.237,1.248,1.231,99500.0,,123326.0
2016-07-22,0.306,0.306,0.311,0.306,72100.0,0.0,88500.0
2016-07-25,1.225,1.231,1.234,1.225,61000.0,,75060.0
2016-07-26,1.236,1.25,1.25,1.236,86500.0,,107369.0
2016-07-27,0.313,0.311,0.315,0.303,398415.0,0.0,492000.0
2016-07-28,0.306,0.313,0.313,0.306,62400.0,0.0,77600.0
2016-07-29,0.315,0.316,0.316,0.308,338200.0,0.0,425500.0
2016-08-01,0.308,0.31,0.312,0.308,65200.0,0.0,80800.0
2016-08-02,0.309,0.311,0.312,0.309,7300.0,0.0,9000.0
2016-08-03,0.311,0.312,0.313,0.311,36600.0,0.0,45700.0
2016-08-04,0.315,0.314,0.315,0.312,62500.0,0.0,78600.0
2016-08-05,1.246,1.267,1.273,1.232,138700.0,,174780.0
2016-08-08,1.244,1.263,1.265,1.231,77852.0,,97361.0
2016-08-09,1.261,1.267,1.267,1.253,64100.0,,80807.0
2016-08-10,1.265,1.268,1.271,1.253,69500.0,,88038.0
2016-08-11,0.318,0.316,0.318,0.316,9600.0,0.0,12200.0
2016-08-12,1.255,1.283,1.284,1.25,594200.0,,749136.0
2016-08-15,0.314,0.321,0.324,0.314,103700.0,0.0,133100.0
2016-08-16,0.322,0.318,0.322,0.318,19400.0,0.0,24800.0
2016-08-17,1.283,1.285,1.285,1.272,412200.0,,528995.0
2016-08-18,1.256,1.284,1.288,1.256,61515.0,,78650.0
2016-08-19,1.286,1.285,1.286,1.269,202300.0,,257578.0
2016-08-22,1.285,1.284,1.285,1.269,106500.0,,136197.0
2016-08-23,1.284,1.287,1.288,1.267,50500.0,,64588.0
2016-08-24,1.287,1.277,1.287,1.277,21400.0,,27502.0
2016-08-25,1.291,1.278,1.291,1.263,20300.0,,25915.0
2016-08-26,1.279,1.288,1.292,1.273,63800.0,,81861.0
2016-08-29,1.289,1.291,1.293,1.254,157200.0,,201956.0
2016-08-30,0.324,0.323,0.324,0.321,272505.0,0.0,351900.0
2016-08-31,0.324,0.323,0.324,0.321,153300.0,0.0,197100.0
2016-09-01,0.323,0.323,0.324,0.321,40800.0,0.0,52699.99999999999
2016-09-02,0.323,0.321,0.323,0.321,15900.0,0.0,20500.0
2016-09-05,0.321,0.323,0.324,0.321,49700.0,0.0,63900.0
2016-09-06,0.319,0.323,0.323,0.319,60700.0,0.0,77900.0
2016-09-07,0.318,0.322,0.323,0.318,54100.0,0.0,69600.0
2016-09-08,1.289,1.289,1.292,1.278,99400.0,,128058.0
2016-09-09,1.273,1.29,1.29,1.273,52800.0,,67919.0
2016-09-12,1.292,1.265,1.292,1.262,87600.0,,111110.0
2016-09-13,0.315,0.319,0.321,0.315,120200.0,0.0,152200.0
2016-09-14,0.315,0.316,0.318,0.315,7600.0,0.0,9600.0
2016-09-19,1.262,1.27,1.279,1.262,48900.0,,62309.0
2016-09-20,0.318,0.32,0.32,0.316,82500.0,0.0,104700.0
2016-09-21,0.32,0.32,0.32,0.32,33105.0,0.0,42400.0
2016-09-22,0.318,0.322,0.323,0.318,9000.0,0.0,11500.0
2016-09-23,0.322,0.322,0.322,0.318,24900.0,0.0,31800.0
2016-09-26,1.273,1.28,1.285,1.271,14200.0,,18166.0
2016-09-27,1.259,1.276,1.278,1.259,38100.0,,48109.0
2016-09-28,0.319,0.319,0.319,0.316,6000.0,0.0,7600.0
2016-09-29,0.318,0.32,0.321,0.317,27700.0,0.0,35300.0
2016-09-30,0.319,0.321,0.321,0.319,42400.0,0.0,54400.00000000001
2016-10-10,0.321,0.325,0.325,0.32,142100.0,0.0,183600.0
2016-10-11,0.327,0.327,0.327,0.325,146100.0,0.0,190700.0
2016-10-12,0.323,0.327,0.327,0.323,55500.0,0.0,72200.0
2016-10-13,1.295,1.309,1.313,1.295,51100.0,,66448.0
2016-10-14,0.324,0.327,0.327,0.324,25100.0,0.0,32700.0
2016-10-17,1.364,1.312,1.364,1.293,38300.0,,50442.0
2016-10-18,1.309,1.32,1.329,1.308,67400.0,,88589.0
2016-10-19,0.33,0.329,0.33,0.325,22100.0,0.0,28900.0
2016-10-20,0.329,0.327,0.329,0.327,38600.0,0.0,50500.0
2016-10-21,1.302,1.314,1.314,1.302,37200.0,,48500.0
2016-10-24,0.329,0.328,0.329,0.326,64500.0,0.0,84200.0
2016-10-25,1.303,1.306,1.306,1.301,113200.0,,147471.0
2016-10-26,1.306,1.305,1.309,1.303,208200.0,,271995.0
2016-10-27,1.306,1.3,1.309,1.3,269000.0,,350886.0
2016-10-28,1.305,1.306,1.31,1.3,137100.0,,178889.0
2016-10-31,1.304,1.3,1.304,1.29,64500.0,,83348.0
2016-11-01,1.298,1.306,1.306,1.298,60100.0,,78273.0
2016-11-02,1.301,1.307,1.307,1.301,40400.0,,52734.0
2016-11-03,0.324,0.328,0.328,0.324,65600.0,0.0,85700.0
2016-11-04,0.328,0.327,0.328,0.326,84700.0,0.0,110700.0
2016-11-07,0.328,0.326,0.328,0.325,485400.0,0.0,631100.0
2016-11-08,0.327,0.328,0.328,0.326,73200.0,0.0,95800.0
2016-11-09,1.304,1.306,1.307,1.297,154900.0,,202177.0
2016-11-10,1.311,1.315,1.318,1.298,27600.0,,36104.0
2016-11-11,1.313,1.31,1.313,1.304,33100.0,,43226.0
2016-11-14,0.321,0.325,0.33,0.321,54300.0,0.0,70400.0
2016-11-15,0.325,0.326,0.326,0.325,71200.0,0.0,92600.0
2016-11-16,0.326,0.327,0.328,0.325,55600.0,0.0,72600.0
2016-11-17,1.306,1.308,1.308,1.302,70700.0,,92334.0
2016-11-18,0.333,0.33,0.334,0.326,8600.0,0.0,11200.000000000002
2016-11-21,1.308,1.31,1.31,1.296,38400.0,,49972.0
2016-11-22,1.291,1.314,1.314,1.291,84700.0,,111126.0
2016-11-23,1.303,1.307,1.319,1.303,44100.0,,57879.0
2016-11-24,0.327,0.33,0.331,0.327,225299.0,0.0,296400.0
2016-11-25,1.325,1.329,1.332,1.304,200599.0,,264796.0
2016-11-28,1.328,1.322,1.348,1.321,193300.0,,257155.0
2016-11-29,0.334,0.336,0.337,0.331,176000.0,0.0,236200.0
2016-11-30,0.333,0.333,0.333,0.333,3900.0,0.0,5200.0
2016-12-01,1.313,1.344,1.346,1.313,70700.0,,93583.0
2016-12-02,1.335,1.321,1.335,1.32,55900.0,,74268.0
2016-12-05,0.323,0.33,0.331,0.323,39700.0,0.0,51800.0
2016-12-06,1.293,1.313,1.317,1.293,122200.0,,159964.0
2016-12-07,0.33,0.33,0.33,0.325,73100.0,0.0,96000.0
2016-12-08,1.35,1.318,1.35,1.31,18400.0,,24226.0
2016-12-09,1.317,1.312,1.317,1.308,12200.0,,16032.0
2016-12-12,0.329,0.323,0.329,0.323,50600.0,0.0,65900.0
2016-12-13,0.323,0.323,0.336,0.318,12600.0,0.0,16400.0
2016-12-14,0.32,0.323,0.324,0.318,30500.0,0.0,39100.0
2016-12-15,0.323,0.323,0.327,0.323,67700.0,0.0,87400.0
2016-12-16,0.316,0.325,0.332,0.316,12100.0,0.0,15700.0
2016-12-19,1.34,1.339,1.34,1.268,21000.0,,26785.0
2016-12-20,0.318,0.328,0.328,0.318,3300.0,0.0,4300.0
2016-12-21,0.325,0.325,0.328,0.319,16300.0,0.0,21300.0
2016-12-22,0.328,0.328,0.328,0.328,2400.0,0.0,3100.0
2016-12-23,1.272,1.31,1.34,1.272,23600.0,,30933.0
2016-12-26,1.268,1.323,1.324,1.268,10300.0,,13178.0
2016-12-27,1.316,1.31,1.316,1.293,17200.0,,22533.0
2016-12-28,0.32,0.328,0.328,0.32,10500.0,0.0,13600.000000000002
2016-12-29,1.309,1.293,1.311,1.285,14200.0,,18364.0
2016-12-30,0.336,0.329,0.341,0.328,317600.0,0.0,423400.00000000006
2017-01-03,0.328,0.334,0.335,0.324,59800.0,0.0,78100.0
2017-01-04,0.326,0.333,0.334,0.326,9200.0,0.0,12100.0
2017-01-05,1.309,1.325,1.326,1.309,41100.0,,53829.0
2017-01-06,0.325,0.329,0.33,0.325,35100.0,0.0,45800.0
2017-01-09,0.324,0.329,0.334,0.324,47100.0,0.0,62100.0
2017-01-10,0.331,0.33,0.331,0.326,4000.0,0.0,5200.0
2017-01-11,0.329,0.33,0.33,0.328,3100.0,0.0,4100.0
2017-01-13,0.323,0.325,0.328,0.323,9500.0,0.0,12300.0
2017-01-16,1.342,1.293,1.342,1.291,3900.0,,5090.0
2017-01-17,0.327,0.324,0.328,0.324,18600.0,0.0,24100.0
2017-01-18,1.3,1.3,1.3,1.3,25100.0,,32630.0
2017-01-19,1.3,1.3,1.3,1.3,1900.0,,2470.0
2017-01-20,1.286,1.307,1.307,1.285,128300.0,,166663.0
2017-01-23,1.29,1.305,1.312,1.29,56300.0,,73203.0
2017-01-24,0.326,0.325,0.326,0.321,3100.0,0.0,4000.0
2017-01-25,0.326,0.328,0.331,0.326,34500.0,0.0,45199.99999999999
2017-01-26,1.3,1.329,1.329,1.3,84000.0,,110069.0
2017-02-03,1.318,1.326,1.328,1.311,77600.0,,102467.0
2017-02-06,1.326,1.338,1.342,1.313,71300.0,,94705.0
2017-02-07,0.329,0.33,0.334,0.329,59600.0,0.0,79000.0
2017-02-08,1.32,1.325,1.326,1.307,8600.0,,11304.0
2017-02-09,0.331,0.331,0.331,0.328,48900.0,0.0,64500.0
2017-02-10,0.327,0.33,0.33,0.327,101500.0,0.0,133100.0
2017-02-13,1.31,1.32,1.32,1.305,85000.0,,111726.0
2017-02-14,1.313,1.315,1.319,1.313,47700.0,,62728.0
2017-02-15,1.319,1.318,1.319,1.307,32400.0,,42514.0
2017-02-16,1.305,1.315,1.316,1.304,58900.0,,77059.0
2017-02-17,1.31,1.313,1.316,1.31,9200.0,,12066.0
2017-02-20,1.317,1.327,1.327,1.315,97800.0,,128828.0
2017-02-21,1.333,1.327,1.333,1.321,30400.0,,40251.0
2017-02-22,0.331,0.333,0.336,0.331,37100.0,0.0,49300.0
2017-02-23,1.332,1.333,1.339,1.312,268401.0,,356840.0
2017-02-24,0.336,0.336,0.336,0.334,210500.0,0.0,282600.0
2017-02-27,0.337,0.335,0.337,0.334,175100.0,0.0,235100.00000000003
2017-02-28,0.333,0.333,0.333,0.331,24600.0,0.0,32700.0
2017-03-01,0.331,0.333,0.334,0.331,28000.0,0.0,37300.0
2017-03-02,0.333,0.334,0.334,0.332,48800.0,0.0,64900.0
2017-03-03,0.326,0.328,0.333,0.326,35100.0,0.0,46400.0
2017-03-06,0.328,0.33,0.335,0.328,96700.0,0.0,127800.0
2017-03-07,0.334,0.333,0.334,0.329,45600.0,0.0,60400.0
2017-03-08,1.338,1.333,1.338,1.318,56900.0,,75197.0
2017-03-09,1.314,1.325,1.33,1.314,13300.0,,17516.0
2017-03-10,0.332,0.333,0.333,0.329,153900.0,0.0,203400.0
2017-03-13,1.308,1.335,1.335,1.308,185100.0,,246027.0
2017-03-14,1.339,1.339,1.339,1.327,102200.0,,136459.0
2017-03-15,1.338,1.361,1.361,1.335,281900.0,,379834.0
2017-03-16,1.345,1.355,1.36,1.345,93400.0,,126136.0
2017-03-17,0.334,0.34,0.341,0.334,83700.0,0.0,113400.0
2017-03-20,0.35,0.344,0.35,0.335,242600.0,0.0,330000.0
2017-03-21,0.344,0.349,0.349,0.341,1008183.0,0.0,1400500.0
2017-03-22,1.4,1.44,1.45,1.4,1616901.0,,2285731.0
2017-03-23,1.44,1.421,1.499,1.412,210700.0,,301646.0
2017-03-24,1.422,1.432,1.434,1.41,477000.0,,680314.0
2017-03-27,0.358,0.353,0.358,0.353,60800.0,0.0,86500.0
2017-03-28,0.357,0.354,0.357,0.352,32600.0,0.0,46100.0
2017-03-29,1.406,1.419,1.43,1.406,19700.0,,27754.0
2017-03-30,0.354,0.354,0.356,0.346,412600.0,0.0,572000.0
2017-03-31,0.35,0.358,0.358,0.35,1137902.0,0.0,1615400.0
2017-04-05,0.357,0.359,0.368,0.357,84600.0,0.0,121300.0
2017-04-06,0.359,0.37,0.374,0.359,126100.0,0.0,182800.0
2017-04-07,0.37,0.368,0.37,0.352,53401.0,0.0,76800.0
2017-04-10,1.429,1.435,1.468,1.429,43900.0,,63442.0
2017-04-11,0.356,0.356,0.357,0.353,29501.0,0.0,42000.0
2017-04-12,0.356,0.355,0.358,0.348,46100.0,0.0,64500.0
2017-04-13,0.353,0.358,0.36,0.351,65800.0,0.0,93200.0
2017-04-14,0.351,0.355,0.357,0.351,12200.0,0.0,17200.0
2017-04-17,0.352,0.352,0.36,0.344,36199.0,0.0,50800.0
2017-04-18,1.429,1.42,1.429,1.402,26307.0,,37255.0
2017-04-19,1.408,1.426,1.426,1.396,69700.0,,98119.0
2017-04-20,0.356,0.363,0.369,0.355,322008.0,0.0,465300.0
2017-04-21,1.452,1.445,1.457,1.445,108001.0,,156783.0
2017-04-24,0.362,0.361,0.362,0.354,77600.0,0.0,111300.0
2017-04-25,0.362,0.36,0.362,0.357,52200.0,0.0,74900.0
2017-04-26,0.358,0.359,0.362,0.358,307900.0,0.0,442700.00000000006
2017-04-27,1.405,1.439,1.445,1.405,116400.0,,165254.0
2017-04-28,1.438,1.427,1.438,1.407,80800.0,,115185.0
2017-05-02,1.405,1.412,1.426,1.405,112000.0,,157980.0
2017-05-03,0.353,0.357,0.357,0.351,25600.0,0.0,36100.0
2017-05-04,0.356,0.352,0.356,0.352,66200.0,0.0,93400.0
2017-05-05,1.477,1.435,1.477,1.408,580167.0,,820723.0
2017-05-08,1.43,1.42,1.434,1.409,27400.0,,38860.0
2017-05-09,1.419,1.41,1.419,1.406,24500.0,,34559.0
2017-05-10,1.405,1.41,1.415,1.405,94000.0,,132313.0
2017-05-11,1.394,1.41,1.41,1.394,13100.0,,18462.0
2017-05-12,1.419,1.415,1.419,1.407,49900.0,,70578.0
2017-05-15,0.354,0.359,0.359,0.354,143200.0,0.0,204300.0
2017-05-16,1.436,1.447,1.468,1.426,160600.0,,231351.0
2017-05-17,1.468,1.449,1.468,1.436,70200.0,,102082.0
2017-05-18,0.362,0.363,0.363,0.362,51400.0,0.0,74400.0
2017-05-19,1.459,1.447,1.459,1.447,22900.0,,33377.0
2017-05-22,1.448,1.459,1.463,1.448,45900.0,,66720.0
2017-05-23,0.361,0.369,0.369,0.361,420700.0,0.0,615000.0
2017-05-24,0.369,0.367,0.369,0.363,24100.0,0.0,35100.0
2017-05-25,0.368,0.366,0.368,0.365,130700.0,0.0,191700.00000000003
2017-05-26,1.465,1.456,1.465,1.451,17200.0,,25052.0
2017-05-31,0.362,0.365,0.365,0.362,148600.0,0.0,215300.0
2017-06-01,0.366,0.367,0.369,0.363,59300.0,0.0,87100.00000000001
2017-06-02,1.475,1.469,1.476,1.463,19500.0,,28653.0
2017-06-05,0.368,0.363,0.368,0.363,55900.0,0.0,81400.0
2017-06-06,1.451,1.463,1.464,1.451,24500.0,,35599.0
2017-06-07,0.366,0.37,0.372,0.366,108600.0,0.0,160700.0
2017-06-08,0.372,0.375,0.376,0.37,130799.0,0.0,195500.0
2017-06-09,0.375,0.379,0.381,0.375,157600.0,0.0,238900.0
2017-06-12,1.52,1.546,1.549,1.52,220600.0,,340090.0
2017-06-13,0.382,0.387,0.388,0.381,391300.0,0.0,601900.0
2017-06-14,1.517,1.543,1.549,1.517,353500.0,,541036.0
2017-06-15,0.384,0.383,0.385,0.376,248500.0,0.0,375700.0
2017-06-16,1.494,1.523,1.527,1.493,65799.0,,99872.0
2017-06-19,0.38,0.383,0.384,0.377,158700.0,0.0,242200.0
2017-06-20,1.529,1.531,1.535,1.511,80500.0,,122167.0
2017-06-21,1.522,1.522,1.523,1.51,508599.0,,770323.0
2017-06-22,1.527,1.5,1.527,1.5,117600.0,,178388.0
2017-06-23,0.375,0.379,0.379,0.375,131800.0,0.0,198700.0
2017-06-26,0.38,0.385,0.386,0.38,256900.0,0.0,395200.00000000006
2017-06-27,1.535,1.537,1.55,1.535,147300.0,,226324.0
2017-06-28,0.384,0.386,0.387,0.383,58700.0,0.0,90500.0
2017-06-29,0.383,0.382,0.386,0.381,106900.0,0.0,163500.0
2017-06-30,1.525,1.526,1.535,1.521,65300.0,,99882.0
2017-07-03,1.528,1.532,1.535,1.524,43200.0,,66036.0
2017-07-04,1.524,1.51,1.529,1.51,108000.0,,163739.0
2017-07-05,1.51,1.518,1.522,1.504,95200.0,,143499.0
2017-07-06,1.515,1.519,1.525,1.51,44300.0,,67057.0
2017-07-07,1.5,1.517,1.519,1.5,38400.0,,57785.0
2017-07-10,1.517,1.515,1.517,1.5,12800.0,,19365.0
2017-07-11,1.499,1.511,1.514,1.499,133700.0,,202118.0
2017-07-12,1.513,1.507,1.513,1.49,106400.0,,158825.0
2017-07-13,0.377,0.372,0.377,0.37,334000.0,0.0,495800.0
2017-07-14,1.486,1.477,1.486,1.475,49800.0,,73738.0
2017-07-17,0.37,0.372,0.374,0.349,152700.0,0.0,226300.0
2017-07-18,1.443,1.463,1.495,1.442,28700.0,,41794.0
2017-07-19,1.479,1.468,1.485,1.468,26300.0,,38933.0
2017-07-20,1.499,1.488,1.499,1.469,52700.0,,78444.0
2017-07-21,1.468,1.487,1.491,1.468,38900.0,,57654.0
2017-07-24,0.37,0.373,0.373,0.369,26700.0,0.0,39700.0
2017-07-25,0.368,0.372,0.372,0.368,37600.0,0.0,55500.0
2017-07-26,1.487,1.471,1.487,1.469,31600.0,,46537.0
2017-07-27,1.471,1.479,1.48,1.471,19000.0,,28074.0
2017-07-28,1.48,1.479,1.48,1.471,13800.0,,20341.0
2017-07-31,0.37,0.375,0.375,0.37,240789.0,0.0,360000.0
2017-08-01,1.499,1.499,1.513,1.462,77589.0,,114650.0
2017-08-02,1.468,1.487,1.489,1.466,170000.0,,250215.0
2017-08-03,0.368,0.368,0.372,0.368,58800.0,0.0,87100.00000000001
2017-08-04,1.49,1.47,1.49,1.47,37400.0,,55070.0
2017-08-07,0.368,0.361,0.371,0.36,638400.0,0.0,931700.0
2017-08-08,0.364,0.366,0.366,0.362,92100.0,0.0,134200.0
2017-08-09,1.463,1.469,1.479,1.456,149000.0,,218528.0
2017-08-10,0.37,0.367,0.37,0.364,232900.0,0.0,340400.0
2017-08-11,1.458,1.456,1.467,1.444,426800.0,,620607.0
2017-08-14,0.366,0.37,0.37,0.366,355800.0,0.0,524500.0
2017-08-15,0.369,0.368,0.371,0.367,113000.0,0.0,166400.0
2017-08-16,1.466,1.462,1.47,1.46,124500.0,,182212.0
2017-08-17,1.47,1.467,1.47,1.459,51200.0,,74896.0
2017-08-18,0.366,0.365,0.366,0.365,35400.0,0.0,51700.0
2017-08-21,1.462,1.468,1.47,1.462,50800.0,,74590.0
2017-08-22,1.477,1.465,1.477,1.465,33000.0,,48526.0
2017-08-23,1.472,1.466,1.472,1.465,26500.0,,38956.0
2017-08-24,1.469,1.456,1.469,1.456,104900.0,,153733.0
2017-08-25,0.365,0.367,0.367,0.365,25100.0,0.0,36800.0
2017-08-28,0.366,0.368,0.368,0.366,137989.0,0.0,202600.00000000003
2017-08-29,1.468,1.47,1.472,1.46,60900.0,,89344.0
2017-08-30,0.367,0.367,0.368,0.366,57300.0,0.0,84100.0
2017-08-31,1.471,1.47,1.471,1.46,100400.0,,146967.0
2017-09-01,0.366,0.367,0.368,0.366,74800.0,0.0,110000.0
2017-09-04,1.473,1.483,1.491,1.467,135000.0,,199298.0
2017-09-05,0.37,0.372,0.372,0.37,153701.0,0.0,228200.0
2017-09-06,0.369,0.37,0.372,0.369,26200.0,0.0,38800.0
2017-09-07,0.371,0.37,0.371,0.37,49100.0,0.0,72700.0
2017-09-08,0.367,0.371,0.372,0.367,37800.0,0.0,56000.0
2017-09-11,0.371,0.37,0.371,0.365,91400.0,0.0,135000.0
2017-09-12,0.369,0.368,0.369,0.351,133300.0,0.0,194200.00000000003
2017-09-13,1.456,1.48,1.485,1.456,219500.0,,324558.0
2017-09-14,1.486,1.474,1.486,1.468,29300.0,,43067.0
2017-09-15,1.474,1.475,1.479,1.462,55600.0,,81627.0
2017-09-18,0.369,0.371,0.372,0.369,76100.0,0.0,112800.0
2017-09-19,0.372,0.371,0.372,0.37,52600.0,0.0,77900.0
2017-09-20,1.467,1.482,1.482,1.467,102800.0,,152099.0
2017-09-21,1.482,1.47,1.482,1.47,99300.0,,146753.0
2017-09-22,1.479,1.476,1.479,1.469,81000.0,,119368.0
2017-09-25,0.371,0.369,0.371,0.368,125100.0,0.0,184900.0
2017-09-26,0.369,0.369,0.371,0.369,37700.0,0.0,55700.0
2017-09-27,0.371,0.37,0.371,0.369,73000.0,0.0,107800.0
2017-09-28,0.37,0.375,0.376,0.368,949573.0,0.0,1408899.9999999998
2017-09-29,1.494,1.52,1.52,1.494,814000.0,,1233755.0
2017-10-09,0.384,0.384,0.386,0.381,274000.0,0.0,420500.0
2017-10-10,1.537,1.54,1.545,1.521,174973.0,,268911.0
2017-10-11,0.385,0.39,0.405,0.385,397150.0,0.0,624600.0
2017-10-12,0.39,0.395,0.405,0.39,383600.0,0.0,606600.0
2017-10-13,0.395,0.398,0.4,0.389,208800.0,0.0,329400.0
2017-10-16,0.395,0.393,0.397,0.39,144200.0,0.0,226500.0
2017-10-17,0.391,0.395,0.396,0.389,183447.0,0.0,288000.0
2017-10-18,0.4,0.403,0.406,0.399,1202700.0,0.0,1942100.0
2017-10-19,0.407,0.407,0.408,0.403,910600.0,0.0,1480200.0
2017-10-20,0.408,0.407,0.408,0.403,204673.0,0.0,332800.0
2017-10-23,1.627,1.635,1.642,1.623,694000.0,,1133052.0
2017-10-24,0.409,0.409,0.41,0.406,256100.0,0.0,418400.00000000006
2017-10-25,1.635,1.658,1.665,1.627,450000.0,,737243.0
2017-10-26,1.655,1.682,1.69,1.652,405400.0,,678292.0
2017-10-27,0.421,0.42,0.421,0.408,311400.0,0.0,517300.0
2017-10-30,1.68,1.67,1.69,1.633,461700.0,,770603.0
2017-10-31,1.669,1.66,1.669,1.648,140900.0,,233110.0
2017-11-01,1.66,1.665,1.687,1.646,421100.0,,697278.0
2017-11-02,1.65,1.648,1.655,1.636,285400.0,,469085.0
2017-11-03,0.414,0.412,0.415,0.411,439100.0,0.0,725699.9999999999
2017-11-06,0.415,0.437,0.437,0.412,1029900.0,0.0,1741000.0
2017-11-07,0.437,0.429,0.437,0.427,1256800.0,0.0,2171500.0
2017-11-08,0.429,0.426,0.43,0.421,1289000.0,0.0,2189000.0
2017-11-09,0.426,0.419,0.426,0.417,1231800.0,0.0,2064400.0
2017-11-10,0.421,0.423,0.424,0.418,1289900.0,0.0,2169600.0
2017-11-13,0.423,0.421,0.423,0.418,983000.0,0.0,1653899.9999999998
2017-11-14,1.684,1.661,1.688,1.658,844800.0,,1413409.0
2017-11-15,0.415,0.415,0.416,0.409,707600.0,0.0,1172300.0
2017-11-16,0.413,0.421,0.422,0.413,450900.0,0.0,755300.0
2017-11-17,0.421,0.421,0.422,0.415,729300.0,0.0,1222300.0
2017-11-20,0.42,0.421,0.421,0.415,442600.0,0.0,737800.0
2017-11-21,1.682,1.694,1.705,1.682,891700.0,,1511379.0
2017-11-22,0.426,0.424,0.426,0.424,567500.0,0.0,963700.0
2017-11-23,0.422,0.406,0.422,0.405,1801200.0,0.0,2965800.0
2017-11-24,0.405,0.403,0.408,0.4,1531700.0,0.0,2464400.0
2017-11-27,1.648,1.607,1.649,1.5,539900.0,,859476.0
2017-11-28,0.396,0.402,0.402,0.396,675800.0,0.0,1081500.0
2017-11-29,1.621,1.6,1.621,1.585,622000.0,,991547.0
2017-11-30,0.403,0.397,0.403,0.395,106700.0,0.0,169500.0
2017-12-01,1.58,1.588,1.598,1.58,125100.0,,199203.0
2017-12-04,1.586,1.596,1.609,1.578,1310100.0,,2083279.0
2017-12-05,1.596,1.596,1.603,1.588,207000.0,,329775.0
2017-12-06,1.586,1.586,1.61,1.578,1309900.0,,2074346.0
2017-12-07,0.397,0.394,0.398,0.394,947300.0,0.0,1499700.0
2017-12-08,0.396,0.399,0.4,0.395,109200.0,0.0,173500.0
2017-12-11,1.6,1.636,1.639,1.596,544300.0,,878581.0
2017-12-12,0.406,0.406,0.417,0.401,244600.0,0.0,400200.00000000006
2017-12-13,0.409,0.41,0.411,0.405,279900.0,0.0,458500.0
2017-12-14,0.41,0.41,0.412,0.408,111547.0,0.0,182700.0
2017-12-15,0.411,0.404,0.411,0.403,181400.0,0.0,295400.0
2017-12-18,0.404,0.405,0.409,0.403,1090500.0,0.0,1760600.0
2017-12-19,0.409,0.409,0.409,0.398,223300.0,0.0,361100.0
2017-12-20,1.64,1.635,1.64,1.629,136300.0,,222666.0
2017-12-21,0.411,0.415,0.415,0.405,315147.0,0.0,520000.0
2017-12-22,0.418,0.417,0.418,0.415,272100.0,0.0,452800.0
2017-12-25,1.666,1.669,1.685,1.652,289300.0,,482062.0
2017-12-26,0.417,0.415,0.418,0.413,212300.0,0.0,352299.99999999994
2017-12-27,0.415,0.411,0.415,0.409,177000.0,0.0,291100.0
2017-12-28,0.41,0.41,0.413,0.408,218200.0,0.0,357500.0
2017-12-29,0.411,0.412,0.416,0.409,1131900.0,0.0,1857900.0
2018-01-02,0.422,0.411,0.422,0.411,1088800.0,0.0,1794700.0
2018-01-03,1.642,1.655,1.66,1.642,802100.0,,1326148.0
2018-01-04,0.415,0.415,0.415,0.412,575400.0,0.0,953100.0
2018-01-05,0.415,0.414,0.415,0.413,446200.0,0.0,738900.0
2018-01-08,0.415,0.418,0.418,0.413,558300.0,0.0,928500.0
2018-01-09,0.418,0.428,0.428,0.416,2122800.0,0.0,3602600.0
2018-01-10,0.428,0.428,0.428,0.423,710300.0,0.0,1209400.0
2018-01-11,0.428,0.426,0.428,0.423,348800.0,0.0,595100.0
2018-01-12,0.426,0.429,0.429,0.423,264300.0,0.0,450900.00000000006
2018-01-15,1.712,1.712,1.73,1.702,384500.0,,659628.0
2018-01-16,1.706,1.728,1.731,1.69,894552.0,,1544711.0
2018-01-17,1.728,1.717,1.738,1.71,653200.0,,1123801.0
2018-01-18,1.713,1.7,1.727,1.695,518500.0,,885856.0
2018-01-19,0.426,0.425,0.427,0.423,448400.0,0.0,760900.0
2018-01-22,1.697,1.729,1.729,1.695,1098000.0,,1884543.0
2018-01-23,1.732,1.726,1.732,1.718,418500.0,,720787.0
2018-01-24,1.726,1.737,1.737,1.716,600800.0,,1037573.0
2018-01-25,1.738,1.714,1.738,1.71,683600.0,,1177049.0
2018-01-26,1.721,1.724,1.725,1.715,437500.0,,752514.0
2018-01-29,1.724,1.68,1.724,1.6,738400.0,,1245703.0
2018-01-30,0.419,0.417,0.419,0.416,321200.0,0.0,536700.0
2018-01-31,1.666,1.668,1.682,1.663,487600.0,,813094.0
2018-02-01,0.417,0.413,0.42,0.408,443500.0,0.0,733300.0
2018-02-02,0.413,0.414,0.416,0.41,381373.0,0.0,631400.0
2018-02-05,1.65,1.634,1.65,1.605,538173.0,,880040.0
2018-02-06,0.407,0.397,0.407,0.393,809143.0,0.0,1285800.0000000002
2018-02-07,1.593,1.582,1.62,1.57,247500.0,,392906.0
2018-02-08,1.58,1.598,1.602,1.57,277300.0,,439333.0
2018-02-09,0.392,0.382,0.392,0.377,630800.0,0.0,968900.0
2018-02-12,1.531,1.581,1.586,1.531,474400.0,,745507.0
2018-02-13,0.4,0.398,0.43,0.376,860200.0,0.0,1393899.9999999998
2018-02-14,0.396,0.405,0.405,0.393,441300.0,0.0,705000.0
2018-02-22,1.634,1.623,1.638,1.614,865800.0,,1406400.0
2018-02-23,1.631,1.623,1.631,1.62,381000.0,,618935.0
2018-02-26,0.41,0.412,0.412,0.407,656000.0,0.0,1074700.0
2018-02-27,0.413,0.409,0.413,0.408,325207.0,0.0,534100.0
2018-02-28,0.409,0.406,0.41,0.404,451500.0,0.0,736200.0
2018-03-01,0.404,0.41,0.411,0.404,345300.0,0.0,564800.0
2018-03-02,0.41,0.409,0.411,0.407,249000.0,0.0,407500.0
2018-03-05,1.628,1.649,1.653,1.628,340000.0,,557646.0
2018-03-06,0.413,0.421,0.422,0.413,669600.0,0.0,1119800.0
2018-03-07,0.423,0.419,0.423,0.419,410000.0,0.0,689900.0
2018-03-08,1.673,1.727,1.732,1.673,1975500.0,,3388119.0
2018-03-09,1.728,1.758,1.758,1.725,1276103.0,,2217239.0
2018-03-12,1.757,1.755,1.777,1.748,1250750.0,,2200415.0
2018-03-13,0.438,0.435,0.439,0.434,972300.0,0.0,1695200.0
2018-03-14,1.721,1.741,1.759,1.721,565552.0,,985523.0
2018-03-15,1.736,1.757,1.759,1.723,442243.0,,772178.0
2018-03-16,0.438,0.439,0.442,0.437,373500.0,0.0,657300.0
2018-03-19,1.75,1.804,1.808,1.736,750900.0,,1338070.0
2018-03-20,0.45,0.46,0.47,0.447,3207402.0,0.0,5913700.0
2018-03-21,0.463,0.46,0.467,0.457,1994000.0,0.0,3680800.0
2018-03-22,1.838,1.835,1.849,1.8,1803707.0,,3281208.0
2018-03-23,0.445,0.445,0.455,0.437,2796107.0,0.0,4986600.0
2018-03-26,0.44,0.457,0.463,0.438,3158243.0,0.0,5758600.0
2018-03-27,0.468,0.467,0.475,0.457,3649807.0,0.0,6760700.000000001
2018-03-28,0.46,0.457,0.467,0.454,4160000.0,0.0,7627500.0
2018-03-29,0.458,0.448,0.458,0.443,3318407.0,0.0,5946200.0
2018-03-30,1.795,1.839,1.841,1.787,2855600.0,,5200546.0
2018-04-02,1.85,1.828,1.85,1.818,2315600.0,,4244458.0
2018-04-03,0.45,0.453,0.455,0.448,2734443.0,0.0,4922800.0
2018-04-04,1.828,1.823,1.854,1.823,3421500.0,,6289860.0
2018-04-09,1.818,1.815,1.826,1.801,1303400.0,,2363801.0
2018-04-10,1.818,1.841,1.845,1.816,1944800.0,,3543645.0
2018-04-11,1.843,1.832,1.845,1.829,1670700.0,,3064785.0
2018-04-12,1.832,1.841,1.844,1.821,3212500.0,,5900212.0
2018-04-13,1.838,1.801,1.849,1.8,2541300.0,,4624808.0
2018-04-16,0.446,0.451,0.453,0.446,927800.0,0.0,1668600.0000000002
2018-04-17,1.802,1.776,1.806,1.77,1156000.0,,2070249.0
2018-04-18,0.444,0.44,0.444,0.435,1939600.0,0.0,3410200.0
2018-04-19,0.441,0.446,0.447,0.439,1071800.0,0.0,1898000.0
2018-04-20,0.441,0.446,0.452,0.441,2451100.0,0.0,4384700.0
2018-04-23,0.446,0.444,0.45,0.441,839500.0,0.0,1490300.0
2018-04-24,0.445,0.448,0.449,0.445,695900.0,0.0,1246100.0
2018-04-25,1.792,1.83,1.831,1.792,1660200.0,,3009057.0
2018-04-26,1.83,1.81,1.833,1.802,1180000.0,,2139723.0
2018-04-27,1.81,1.838,1.845,1.801,1595700.0,,2923187.0
2018-05-02,1.843,1.863,1.87,1.83,1758700.0,,3262328.0
2018-05-03,0.464,0.464,0.466,0.455,1923700.0,0.0,3525200.0
2018-05-04,0.461,0.468,0.47,0.46,1484600.0,0.0,2769200.0
2018-05-07,1.87,1.915,1.918,1.87,2851600.0,,5424828.0
2018-05-08,0.479,0.479,0.482,0.477,2493300.0,0.0,4778800.0
2018-05-09,1.911,1.922,1.925,1.906,1817900.0,,3480780.0
2018-05-10,0.481,0.498,0.513,0.48,3163300.0,0.0,6233000.0
2018-05-11,0.498,0.485,0.506,0.484,5561200.0,0.0,11010400.0
2018-05-14,0.479,0.492,0.495,0.479,3425743.0,0.0,6666600.0
2018-05-15,1.953,2.003,2.012,1.953,4720600.0,,9394991.0
2018-05-16,0.498,0.509,0.513,0.498,4708000.0,0.0,9546400.0
2018-05-17,0.511,0.503,0.512,0.5,2645300.0,0.0,5322900.0
2018-05-18,0.503,0.507,0.509,0.496,3893500.0,0.0,7785500.0
2018-05-21,2.028,2.029,2.044,2.007,3283300.0,,6627305.0
2018-05-22,2.024,2.06,2.064,2.016,5292500.0,,10829720.0
2018-05-23,0.513,0.514,0.522,0.513,5627500.0,0.0,11631800.0
2018-05-24,0.513,0.515,0.518,0.513,2733100.0,0.0,5636200.0
2018-05-25,2.06,2.112,2.132,2.059,3662500.0,,7680635.0
2018-05-28,2.103,2.157,2.159,2.086,4369900.0,,9247790.0
2018-05-29,2.162,2.038,2.194,2.036,9155843.0,,19395542.0
2018-05-30,0.492,0.508,0.52,0.492,7290400.0,0.0,14751199.999999998
2018-05-31,2.04,2.102,2.11,2.033,4535697.0,,9381630.0
2018-06-01,2.08,2.034,2.103,1.99,5321090.0,,10851199.0
2018-06-04,2.035,2.012,2.036,1.975,2505933.0,,5010630.0
2018-06-05,0.503,0.52,0.525,0.503,4373090.0,0.0,9043100.0
2018-06-06,0.522,0.526,0.528,0.516,3392483.0,0.0,7101900.000000001
2018-06-07,0.526,0.517,0.527,0.517,3254300.0,0.0,6771200.0
2018-06-08,0.515,0.515,0.521,0.511,2263600.0,0.0,4656100.0
2018-06-11,2.056,2.001,2.056,1.985,4858700.0,,9735749.0
2018-06-12,2.0,2.04,2.049,1.991,4170900.0,,8424931.0
2018-06-13,0.509,0.501,0.509,0.499,2395500.0,0.0,4808200.0
2018-06-14,0.5,0.495,0.506,0.492,3397400.0,0.0,6744800.0
2018-06-15,0.496,0.488,0.497,0.486,3044400.0,0.0,5951000.0
2018-06-19,1.94,1.907,1.975,1.888,5691800.0,,10980290.0
2018-06-20,0.477,0.493,0.495,0.473,4388250.0,0.0,8485600.0
2018-06-21,1.961,1.962,2.009,1.948,4132350.0,,8161353.0
2018-06-22,1.954,1.984,1.988,1.931,2799399.0,,5481447.0
2018-06-25,0.5,0.496,0.5,0.493,3623000.0,0.0,7192200.0
2018-06-26,1.973,1.973,1.984,1.946,2175800.0,,4269034.0
2018-06-27,0.493,0.479,0.494,0.475,3549400.0,0.0,6867900.0
2018-06-28,1.905,1.877,1.919,1.81,2906007.0,,5495985.0
2018-06-29,1.877,1.941,1.947,1.877,3363807.0,,6470887.0
2018-07-02,0.486,0.484,0.497,0.481,3226720.0,0.0,6291500.0
2018-07-03,1.931,1.92,1.947,1.846,4502470.0,,8524864.0
2018-07-04,1.908,1.875,1.908,1.866,1828300.0,,3442543.0
2018-07-05,1.883,1.829,1.884,1.827,2459200.0,,4546945.0
2018-07-06,0.457,0.464,0.47,0.454,4472690.0,0.0,8287600.0
2018-07-09,0.465,0.48,0.48,0.464,6362590.0,0.0,12063000.0
2018-07-10,0.48,0.483,0.483,0.476,4877730.0,0.0,9363600.0
2018-07-11,1.917,1.927,1.937,1.881,7339310.0,,13984323.0
2018-07-12,0.482,0.492,0.496,0.482,8803330.0,0.0,17285700.0
2018-07-13,0.495,0.501,0.505,0.49,10080030.0,0.0,20129700.0
2018-07-16,2.0,2.02,2.024,1.99,6807300.0,,13669509.0
2018-07-17,2.02,1.986,2.02,1.968,9591900.0,,19014483.0
2018-07-18,0.493,0.498,0.502,0.493,9050200.0,0.0,18053200.0
2018-07-19,1.985,1.949,1.99,1.938,10131530.0,,19805501.0
2018-07-20,1.941,1.958,1.959,1.926,9578300.0,,18606298.0
2018-07-23,0.468,0.47,0.476,0.461,16100224.0,0.0,30185700.0
2018-07-24,0.465,0.474,0.478,0.462,23430510.0,0.0,44204000.0
2018-07-25,0.47,0.481,0.482,0.47,9602100.0,0.0,18397800.0
2018-07-26,0.483,0.476,0.488,0.475,9442600.0,0.0,18112800.0
2018-07-27,1.903,1.885,1.905,1.88,5507500.0,,10406168.0
2018-07-30,1.88,1.836,1.88,1.819,13354639.0,,24488839.0
2018-07-31,1.828,1.843,1.854,1.826,9444200.0,,17403129.0
2018-08-01,1.843,1.805,1.848,1.8,7768000.0,,14114897.0
2018-08-02,1.8,1.804,1.807,1.77,7678400.0,,13751821.0
2018-08-03,1.8,1.747,1.809,1.746,8696900.0,,15418587.0
2018-08-06,1.723,1.676,1.748,1.664,21788900.0,,36976735.0
2018-08-07,1.68,1.716,1.716,1.658,14995400.0,,25385077.0
2018-08-08,1.711,1.681,1.719,1.674,10994500.0,,18690353.0
2018-08-09,1.67,1.74,1.754,1.67,17401800.0,,29808692.0
2018-08-10,1.732,1.781,1.795,1.732,20090700.0,,35743002.0
2018-08-13,1.776,1.791,1.793,1.754,18466400.0,,32848942.0
2018-08-14,0.447,0.447,0.45,0.445,19056600.0,0.0,34046400.0
2018-08-15,0.446,0.43,0.446,0.429,20424200.0,0.0,35671700.0
2018-08-16,0.429,0.429,0.436,0.423,16860500.0,0.0,28961200.0
2018-08-17,1.73,1.659,1.734,1.651,14803200.0,,24761528.0
2018-08-20,0.414,0.407,0.415,0.396,20826260.0,0.0,33635900.0
2018-08-21,0.407,0.425,0.425,0.407,21498200.0,0.0,35794000.0
2018-08-22,1.699,1.689,1.703,1.68,4715200.0,,7982208.0
2018-08-23,1.692,1.7,1.714,1.682,5570403.0,,9463754.0
2018-08-24,1.698,1.705,1.72,1.683,7327800.0,,12451470.0
2018-08-27,1.706,1.77,1.777,1.706,8922200.0,,15671494.0
2018-08-28,1.778,1.768,1.778,1.755,7326586.0,,12924036.0
2018-08-29,0.44,0.44,0.442,0.438,2327800.0,0.0,4094900.0
2018-08-30,0.438,0.435,0.442,0.433,4255900.0,0.0,7423099.999999999
2018-08-31,0.435,0.423,0.435,0.422,9241300.0,0.0,15711500.0
2018-09-03,1.699,1.694,1.699,1.666,7641700.0,,12844119.0
2018-09-04,0.425,0.425,0.427,0.419,8654900.0,0.0,14673800.000000002
2018-09-05,0.424,0.42,0.426,0.42,4749100.0,0.0,8030900.0
2018-09-06,0.419,0.415,0.422,0.414,5999800.0,0.0,10005200.0
2018-09-07,0.415,0.422,0.426,0.415,10120700.0,0.0,17100400.0
2018-09-10,0.422,0.416,0.424,0.414,7619350.0,0.0,12708200.0
2018-09-11,0.417,0.418,0.42,0.414,3327800.0,0.0,5544000.0
2018-09-12,1.67,1.624,1.67,1.62,8960400.0,,14712185.0
2018-09-13,1.638,1.589,1.648,1.541,19918902.0,,31448095.0
2018-09-14,1.589,1.579,1.592,1.569,7736100.0,,12226368.0
2018-09-17,0.395,0.387,0.395,0.385,3908300.0,0.0,6077400.0
2018-09-18,1.543,1.575,1.578,1.532,5096567.0,,7912977.0
2018-09-19,0.393,0.4,0.404,0.391,10817900.0,0.0,17253500.0
2018-09-20,0.4,0.398,0.403,0.397,4309986.0,0.0,6881200.0
2018-09-21,1.593,1.631,1.635,1.584,9473186.0,,15263786.0
2018-09-25,0.403,0.409,0.411,0.403,5728000.0,0.0,9345100.0
2018-09-26,0.409,0.416,0.42,0.409,8173000.0,0.0,13585600.0
2018-09-27,0.419,0.419,0.424,0.415,9812800.0,0.0,16449600.0
2018-09-28,0.418,0.424,0.425,0.418,7429700.0,0.0,12528000.0
2018-10-08,0.419,0.404,0.419,0.403,10396300.0,0.0,17009400.0
2018-10-09,0.403,0.405,0.409,0.402,4016300.0,0.0,6504500.0
2018-10-10,0.405,0.4,0.407,0.394,8579750.0,0.0,13739200.0
2018-10-11,0.385,0.385,0.392,0.382,10231800.0,0.0,15823100.0
2018-10-12,0.385,0.391,0.393,0.384,6141400.0,0.0,9524100.0
2018-10-15,1.564,1.555,1.588,1.55,4637200.0,,7254319.0
2018-10-16,1.555,1.526,1.567,1.513,8921000.0,,13683394.0
2018-10-17,0.385,0.379,0.387,0.37,9960400.0,0.0,15093000.0
2018-10-18,1.505,1.454,1.505,1.45,13941200.0,,20481345.0
2018-10-19,1.441,1.468,1.474,1.415,8436600.0,,12224577.0
2018-10-22,1.47,1.547,1.556,1.47,15705500.0,,23785109.0
2018-10-23,0.384,0.377,0.386,0.374,8576800.0,0.0,13040600.0
2018-10-24,1.493,1.485,1.507,1.463,10537490.0,,15622697.0
2018-10-25,1.45,1.457,1.462,1.425,8553400.0,,12371227.0
2018-10-26,1.465,1.455,1.473,1.441,8326600.0,,12140704.0
2018-10-29,0.363,0.353,0.363,0.351,8424800.0,0.0,11915200.0
2018-10-30,0.353,0.358,0.362,0.349,7508100.0,0.0,10686400.000000002
2018-10-31,0.36,0.37,0.371,0.36,11859900.0,0.0,17419000.0
2018-11-01,0.373,0.373,0.38,0.372,13852100.0,0.0,20853300.0
2018-11-02,1.52,1.573,1.575,1.52,14776500.0,,22830842.0
2018-11-05,1.568,1.553,1.57,1.531,14108100.0,,21916961.0
2018-11-06,0.387,0.39,0.39,0.384,8755400.0,0.0,13536099.999999998
2018-11-07,1.56,1.545,1.569,1.545,10357100.0,,16151329.0
2018-11-08,0.389,0.388,0.392,0.386,11902100.0,0.0,18522400.0
2018-11-09,1.55,1.537,1.55,1.531,5486800.0,,8457662.0
2018-11-12,1.536,1.563,1.564,1.522,8393000.0,,13021870.0
2018-11-13,0.388,0.395,0.396,0.384,20635100.0,0.0,32198800.0
2018-11-14,0.395,0.391,0.395,0.39,9887440.0,0.0,15523900.000000002
2018-11-15,0.391,0.392,0.392,0.385,15328900.0,0.0,23827400.0
2018-11-16,1.567,1.54,1.567,1.521,20860600.0,,32079495.0
2018-11-19,0.382,0.389,0.39,0.382,10579100.0,0.0,16358900.000000002
2018-11-20,1.545,1.532,1.551,1.53,4417900.0,,6809199.0
2018-11-21,1.482,1.558,1.563,1.482,14376400.0,,22221752.0
2018-11-22,1.561,1.556,1.568,1.546,9719300.0,,15113284.0
2018-11-23,1.554,1.526,1.554,1.522,11090100.0,,17105767.0
2018-11-26,0.381,0.381,0.383,0.379,4496300.0,0.0,6851100.0
2018-11-27,1.528,1.522,1.532,1.515,15811500.0,,24084790.0
2018-11-28,1.522,1.533,1.533,1.505,4534200.0,,6912996.0
2018-11-29,0.385,0.381,0.387,0.38,13046700.0,0.0,20052900.0
2018-11-30,1.519,1.539,1.543,1.514,11612900.0,,17789688.0
2018-12-03,1.575,1.592,1.597,1.562,17138400.0,,27166536.0
2018-12-04,1.591,1.607,1.607,1.582,12548100.0,,20043760.0
2018-12-05,1.591,1.616,1.633,1.581,35258000.0,,56920990.0
2018-12-06,0.403,0.385,0.403,0.384,39044200.0,0.0,60976000.0
2018-12-07,1.517,1.477,1.52,1.474,17996700.0,,26739650.0
2018-12-10,1.451,1.454,1.465,1.442,8785000.0,,12797911.0
2018-12-11,0.365,0.369,0.37,0.365,15375600.0,0.0,22617500.0
2018-12-12,0.37,0.364,0.371,0.363,10733800.0,0.0,15677700.0
2018-12-13,1.456,1.471,1.479,1.452,5876800.0,,8641005.0
2018-12-14,0.368,0.36,0.368,0.358,6609300.0,0.0,9548900.0
2018-12-17,0.354,0.352,0.359,0.347,7669500.0,0.0,10761199.999999998
2018-12-18,0.351,0.349,0.353,0.347,7116800.0,0.0,9956000.0
2018-12-19,1.399,1.353,1.403,1.347,9772100.0,,13334985.0
2018-12-20,1.353,1.335,1.353,1.325,8682100.0,,11588908.0
2018-12-21,1.334,1.304,1.335,1.293,12738700.0,,16662078.0
2018-12-24,0.325,0.334,0.336,0.324,13255200.0,0.0,17618600.0
2018-12-25,1.32,1.341,1.342,1.312,9583688.0,,12684309.0
2018-12-26,0.335,0.333,0.337,0.332,7471000.0,0.0,10005400.0
2018-12-27,0.336,0.33,0.339,0.329,7718200.0,0.0,10288500.0
2018-12-28,0.329,0.332,0.333,0.327,5287900.0,0.0,6992100.0
2019-01-02,0.332,0.32,0.333,0.319,9770100.0,0.0,12584200.0
2019-01-03,0.32,0.311,0.321,0.309,10858000.0,0.0,13600800.0
2019-01-04,0.31,0.32,0.321,0.306,12121100.0,0.0,15249900.0
2019-01-07,0.321,0.322,0.323,0.318,18076300.0,0.0,23156000.0
2019-01-08,0.323,0.323,0.324,0.32,9125300.0,0.0,11752000.0
2019-01-09,0.322,0.327,0.332,0.322,29018100.0,0.0,38175900.0
2019-01-10,0.328,0.325,0.329,0.322,10930100.0,0.0,14238599.999999998
2019-01-11,0.325,0.325,0.326,0.322,6988000.0,0.0,9040700.0
2019-01-14,0.325,0.318,0.325,0.317,4104100.0,0.0,5237500.0
2019-01-15,0.318,0.328,0.328,0.318,9065700.0,0.0,11717100.0
2019-01-16,0.328,0.333,0.334,0.326,12536800.0,0.0,16553500.0
2019-01-17,0.331,0.331,0.335,0.33,7532000.0,0.0,10020700.0
2019-01-18,0.332,0.342,0.342,0.331,18156300.0,0.0,24593100.0
2019-01-21,0.342,0.341,0.347,0.34,38544860.0,0.0,52963300.0
2019-01-22,0.341,0.335,0.341,0.334,10921303.0,0.0,14660100.0
2019-01-23,1.33,1.34,1.343,1.33,6584200.0,,8800610.0
2019-01-24,0.335,0.338,0.338,0.332,4640262.0,0.0,6225400.0
2019-01-25,0.338,0.338,0.34,0.335,5986601.0,0.0,8086100.0
2019-01-28,0.339,0.331,0.339,0.331,10429400.0,0.0,13901300.000000002
2019-01-29,0.329,0.334,0.334,0.329,9255200.0,0.0,12290700.0
2019-01-30,0.332,0.331,0.335,0.331,4916300.0,0.0,6555000.0
2019-01-31,1.323,1.328,1.334,1.319,6006200.0,,7971683.0
2019-02-01,0.334,0.345,0.345,0.334,19518800.0,0.0,26568000.0
2019-02-11,1.375,1.404,1.405,1.365,12884100.0,,17844657.0
2019-02-12,1.405,1.443,1.452,1.405,31992793.0,,45922273.0
2019-02-13,0.362,0.366,0.368,0.359,21837801.0,0.0,31699700.0
2019-02-14,0.364,0.367,0.368,0.363,15505792.000000002,0.0,22668200.0
2019-02-15,1.457,1.444,1.466,1.44,18366500.0,,26659481.0
2019-02-18,1.445,1.5,1.5,1.445,27151400.0,,40195300.0
2019-02-19,1.5,1.495,1.507,1.467,27506594.0,,40802713.0
2019-02-20,1.484,1.467,1.484,1.447,26765692.0,,39069671.0
2019-02-21,1.465,1.455,1.477,1.451,22356800.0,,32791244.0
2019-02-22,1.45,1.475,1.477,1.439,25377001.0,,37014094.0
2019-02-25,1.48,1.534,1.537,1.48,57037400.0,,85665076.0
2019-02-26,0.384,0.386,0.405,0.379,93859900.0,0.0,147250000.0
2019-02-27,0.385,0.383,0.388,0.379,38880600.0,0.0,59723700.0
2019-02-28,0.38,0.391,0.392,0.38,37037638.0,0.0,57599100.0
2019-03-01,0.395,0.394,0.397,0.389,33037278.000000004,0.0,51806500.0
2019-03-04,0.396,0.4,0.405,0.394,59764001.0,0.0,95395700.0
2019-03-05,0.397,0.4,0.4,0.394,30744400.0,0.0,48827900.0
2019-03-06,1.598,1.603,1.61,1.583,36461100.0,,58150889.0
2019-03-07,1.594,1.575,1.601,1.568,31677900.0,,50089961.0
2019-03-08,1.552,1.547,1.595,1.541,36978250.0,,58098258.0
2019-03-11,1.56,1.6,1.6,1.56,44957228.0,,71270791.0
2019-03-12,0.403,0.402,0.404,0.396,32762000.0,0.0,52567500.0
2019-03-13,1.597,1.599,1.613,1.59,24822053.0,,39782419.0
2019-03-14,0.399,0.397,0.402,0.394,33580200.0,0.0,53411100.0
2019-03-15,0.396,0.402,0.406,0.396,21276400.0,0.0,34245500.0
2019-03-18,0.403,0.42,0.421,0.403,37718749.0,0.0,62363500.0
2019-03-19,0.423,0.414,0.423,0.411,42687466.0,0.0,70947700.0
2019-03-20,1.651,1.65,1.659,1.625,18618142.0,,30617319.0
2019-03-21,1.646,1.651,1.654,1.635,23049100.0,,37964592.0
2019-03-22,1.648,1.67,1.671,1.636,25464568.0,,42173529.0
2019-03-25,1.636,1.632,1.665,1.631,22342068.0,,36789024.0
2019-03-26,0.408,0.401,0.41,0.4,24210400.0,0.0,39110600.0
2019-03-27,0.403,0.414,0.415,0.403,38473876.0,0.0,63254500.0
2019-03-28,1.652,1.661,1.676,1.646,41598579.0,,69208488.0
2019-03-29,1.671,1.71,1.71,1.653,24731650.0,,41738679.0
2019-04-01,0.431,0.438,0.438,0.43,32112467.0,0.0,55799399.99999999
2019-04-02,1.75,1.732,1.751,1.717,33904200.0,,58502834.0
2019-04-03,1.718,1.736,1.737,1.715,33085200.0,,57185491.0
2019-04-04,1.739,1.736,1.74,1.719,36806500.0,,63645769.0
2019-04-08,1.738,1.718,1.751,1.701,58395280.0,,100548617.0
2019-04-09,0.429,0.437,0.438,0.425,37223751.0,0.0,64548500.0
2019-04-10,0.437,0.445,0.447,0.434,52250738.0,0.0,92667100.0
2019-04-11,1.779,1.732,1.788,1.722,47499800.0,,82942185.0
2019-04-12,1.735,1.718,1.735,1.705,16875100.0,,28903012.0
2019-04-15,1.736,1.697,1.748,1.693,23049000.0,,39651859.0
2019-04-16,1.695,1.725,1.725,1.68,24163700.0,,41141941.0
2019-04-17,0.431,0.431,0.433,0.428,23938900.0,0.0,41206300.0
2019-04-18,1.72,1.711,1.724,1.706,14088733.0,,24165853.0
2019-04-19,0.428,0.43,0.433,0.426,17640400.0,0.0,30238400.0
2019-04-22,0.43,0.425,0.431,0.423,24107900.0,0.0,40999000.0
2019-04-23,1.7,1.699,1.707,1.691,14612500.0,,24861108.0
2019-04-24,1.7,1.704,1.706,1.68,19072700.0,,32317041.0
2019-04-25,1.702,1.686,1.721,1.685,22546500.0,,38453952.0
2019-04-26,0.419,0.413,0.421,0.413,18039800.0,0.0,29992400.0
2019-04-29,1.651,1.686,1.711,1.651,27005800.0,,45652763.0
2019-04-30,0.42,0.423,0.424,0.42,8708700.0,0.0,14693599.999999998
2019-05-06,0.411,0.399,0.412,0.397,38111800.0,0.0,61443900.0
2019-05-07,0.4,0.409,0.413,0.4,19625200.0,0.0,32047600.000000004
2019-05-08,0.4,0.404,0.41,0.4,14024992.000000002,0.0,22732300.0
2019-05-09,1.606,1.568,1.613,1.565,20049700.0,,31735291.0
2019-05-10,1.594,1.612,1.613,1.55,20945950.0,,33389265.0
2019-05-13,1.586,1.604,1.615,1.581,12861700.0,,20614277.0
2019-05-14,0.396,0.397,0.403,0.396,7177100.0,0.0,11483699.999999998
2019-05-15,1.596,1.634,1.636,1.596,13886700.0,,22437276.0
2019-05-16,1.634,1.643,1.644,1.616,15019100.0,,24452967.0
2019-05-17,0.41,0.401,0.411,0.4,20845400.0,0.0,33682000.0
2019-05-20,1.604,1.576,1.604,1.557,13810300.0,,21740724.0
2019-05-21,1.575,1.595,1.606,1.537,16249905.0,,25844975.0
2019-05-22,0.399,0.398,0.4,0.395,9074755.0,0.0,14443100.0
2019-05-23,0.398,0.39,0.398,0.388,14909900.0,0.0,23349400.0
2019-05-24,1.554,1.552,1.567,1.547,12010900.0,,18679380.0
2019-05-27,0.391,0.392,0.393,0.384,15663700.0,0.0,24330900.0
2019-05-28,0.392,0.395,0.398,0.392,15144700.0,0.0,23938800.0
2019-05-29,1.577,1.579,1.588,1.566,10080500.0,,15898777.0
2019-05-30,0.393,0.392,0.396,0.388,13068900.0,0.0,20423700.0
2019-05-31,0.392,0.394,0.398,0.392,13993900.0,0.0,22109900.0
2019-06-03,1.575,1.577,1.592,1.57,22237400.0,,35084534.0
2019-06-04,1.578,1.547,1.578,1.543,20576600.0,,32010942.0
2019-06-05,1.551,1.493,1.561,1.49,34531200.0,,52112520.0
2019-06-06,1.49,1.472,1.49,1.458,26484932.0,,38938054.0
2019-06-10,0.371,0.373,0.374,0.366,24965832.0,0.0,37201300.0
2019-06-11,1.492,1.535,1.535,1.492,22835300.0,,34731563.0
2019-06-12,1.532,1.526,1.532,1.519,12168600.0,,18547671.0
2019-06-13,1.526,1.533,1.538,1.511,7945200.0,,12119721.0
2019-06-14,1.533,1.53,1.553,1.528,10717100.0,,16534050.0
2019-06-17,1.541,1.538,1.557,1.535,8604135.0,,13296725.0
2019-06-18,1.54,1.546,1.549,1.529,10155400.0,,15660999.0
2019-06-19,1.571,1.57,1.584,1.568,18088000.0,,28540159.0
2019-06-20,0.391,0.4,0.403,0.391,16902100.0,0.0,26919500.0
2019-06-21,1.603,1.611,1.619,1.601,18562400.0,,29879953.0
2019-06-24,1.612,1.613,1.622,1.599,10280840.0,,16573108.0
2019-06-25,1.617,1.611,1.622,1.586,9678600.0,,15491077.0
2019-06-26,1.609,1.628,1.63,1.6,17636600.0,,28496464.0
2019-06-27,1.634,1.643,1.648,1.626,15237500.0,,24979040.0
2019-06-28,1.636,1.635,1.643,1.625,11263200.0,,18363918.0
2019-07-01,1.672,1.682,1.686,1.653,21731000.0,,36358146.0
2019-07-02,0.421,0.428,0.428,0.42,19732800.0,0.0,33588300.0
2019-07-03,0.428,0.421,0.429,0.418,17112783.0,0.0,28910600.0
2019-07-04,0.42,0.413,0.422,0.411,27572833.0,0.0,45629399.99999999
2019-07-05,0.413,0.419,0.42,0.413,23268400.0,0.0,38777200.0
2019-07-08,0.417,0.411,0.419,0.406,18260600.0,0.0,30084500.0
2019-07-09,1.642,1.64,1.651,1.629,6932800.0,,11352958.0
2019-07-10,0.41,0.412,0.415,0.41,17781400.0,0.0,29330800.0
2019-07-11,0.413,0.412,0.417,0.41,12085645.0,0.0,19965500.0
2019-07-12,0.411,0.414,0.415,0.411,12657000.0,0.0,20916600.0
2019-07-15,0.411,0.415,0.417,0.408,21644800.0,0.0,35827400.0
2019-07-16,1.656,1.647,1.663,1.641,12436300.0,,20504070.0
2019-07-17,0.411,0.411,0.413,0.409,11305233.0,0.0,18592400.0
2019-07-18,1.631,1.626,1.642,1.625,13980600.0,,22795200.0
2019-07-19,1.627,1.626,1.645,1.623,13621300.0,,22228623.0
2019-07-22,0.407,0.405,0.41,0.402,20212900.0,0.0,32721300.0
2019-07-23,0.405,0.407,0.407,0.404,9597400.0,0.0,15562600.0
2019-07-24,0.408,0.41,0.412,0.407,13081700.0,0.0,21440300.000000004
2019-07-25,0.41,0.412,0.412,0.409,13539000.0,0.0,22259300.0
2019-07-26,0.411,0.414,0.415,0.41,10984096.0,0.0,18157300.0
2019-07-29,0.416,0.411,0.416,0.41,8792200.0,0.0,14461199.999999998
2019-07-30,0.411,0.413,0.414,0.41,7337700.0,0.0,12112500.0
2019-07-31,1.647,1.644,1.654,1.637,12613500.0,,20720464.0
2019-08-01,1.634,1.628,1.64,1.625,10033700.0,,16367858.0
2019-08-02,1.602,1.613,1.62,1.597,9845000.0,,15841404.0
2019-08-05,1.609,1.58,1.609,1.58,16979226.0,,27024209.0
2019-08-06,1.549,1.575,1.578,1.54,9884600.0,,15402074.0
2019-08-07,1.58,1.583,1.593,1.568,10979695.0,,17411756.0
2019-08-08,1.584,1.609,1.613,1.584,7421500.0,,11914336.0
2019-08-09,0.405,0.403,0.409,0.403,13807200.0,0.0,22399600.0
2019-08-12,1.61,1.627,1.628,1.605,16548764.0,,26809533.0
2019-08-13,0.405,0.407,0.408,0.403,12904150.0,0.0,20935300.000000004
2019-08-14,0.409,0.414,0.414,0.409,12767500.0,0.0,21031500.0
2019-08-15,0.408,0.415,0.416,0.406,18902500.0,0.0,31181800.0
2019-08-16,1.674,1.668,1.679,1.65,20164900.0,,33616465.0
2019-08-19,1.677,1.703,1.704,1.677,21007200.0,,35595413.0
2019-08-20,0.426,0.423,0.426,0.419,15019200.0,0.0,25422400.0
2019-08-21,1.689,1.683,1.692,1.677,19509880.0,,32841469.0
2019-08-22,0.421,0.425,0.426,0.421,19411491.0,0.0,32890200.0
2019-08-23,0.425,0.44,0.443,0.425,37998992.0,0.0,66202299.99999999
2019-08-26,0.431,0.441,0.446,0.431,44711200.0,0.0,78866600.0
2019-08-27,1.769,1.779,1.805,1.769,50840552.0,,90823182.0
2019-08-28,0.445,0.441,0.445,0.438,33330100.0,0.0,58767600.0
2019-08-29,1.761,1.762,1.767,1.748,21169600.0,,37241360.0
2019-08-30,0.443,0.444,0.449,0.441,29003700.0,0.0,51659100.0
2019-09-02,1.776,1.793,1.794,1.765,25380100.0,,45198302.0
2019-09-03,0.448,0.444,0.448,0.441,31128800.0,0.0,55184700.0
2019-09-04,0.443,0.443,0.445,0.439,35677940.0,0.0,62976899.99999999
2019-09-05,0.443,0.444,0.447,0.443,45961820.0,0.0,81721100.0
2019-09-06,0.445,0.449,0.449,0.441,57660794.99999999,0.0,102983100.0
2019-09-09,1.798,1.803,1.804,1.781,28776333.0,,51628140.0
2019-09-10,1.801,1.829,1.835,1.793,45472773.0,,82618916.0
2019-09-11,1.829,1.785,1.829,1.782,59383200.0,,106612467.0
2019-09-12,1.784,1.79,1.794,1.776,18018900.0,,32162840.0
2019-09-16,0.448,0.449,0.451,0.447,18827800.0,0.0,33836700.0
2019-09-17,0.449,0.444,0.451,0.443,14722500.0,0.0,26293800.0
2019-09-18,0.445,0.446,0.449,0.444,16399810.999999998,0.0,29309700.0
2019-09-19,1.789,1.799,1.801,1.781,10469200.0,,18763423.0
2019-09-20,0.451,0.455,0.457,0.45,34450200.0,0.0,62658500.0
2019-09-23,1.812,1.791,1.82,1.78,18796622.0,,33759169.0
2019-09-24,0.448,0.452,0.456,0.448,28470600.0,0.0,51501500.0
2019-09-25,1.791,1.79,1.809,1.784,21422432.0,,38472946.0
2019-09-26,1.79,1.761,1.804,1.759,21498786.0,,38290697.0
2019-09-27,0.44,0.442,0.444,0.437,17092450.0,0.0,30168500.0
2019-09-30,0.44,0.441,0.445,0.44,9638300.0,0.0,17055000.0
2019-10-08,1.762,1.765,1.781,1.76,9415715.0,,16657755.0
2019-10-09,1.765,1.75,1.765,1.731,7045500.0,,12273416.0
2019-10-10,0.438,0.452,0.453,0.438,22741500.0,0.0,40754200.0
2019-10-11,0.452,0.453,0.455,0.45,23771000.0,0.0,43096400.0
2019-10-14,1.834,1.829,1.837,1.823,17158400.0,,31434939.0
2019-10-15,0.458,0.461,0.465,0.457,17151700.0,0.0,31633600.0
2019-10-16,0.461,0.462,0.468,0.461,13641400.0,0.0,25314900.0
2019-10-17,1.85,1.845,1.87,1.837,12595300.0,,23245803.0
2019-10-18,0.461,0.461,0.467,0.458,12665200.0,0.0,23444100.0
2019-10-21,1.843,1.82,1.848,1.804,11674415.0,,21270044.0
2019-10-22,0.456,0.461,0.462,0.455,15421500.0,0.0,28244700.0
2019-10-23,0.46,0.455,0.462,0.453,13632800.0,0.0,24873000.0
2019-10-24,0.454,0.452,0.457,0.448,22299052.0,0.0,40196000.0
2019-10-25,0.453,0.463,0.463,0.453,20875600.0,0.0,38282600.0
2019-10-28,0.462,0.47,0.47,0.462,20967663.0,0.0,39101100.0
2019-10-29,1.88,1.888,1.899,1.87,13312300.0,,25150203.0
2019-10-30,1.89,1.878,1.893,1.872,11045800.0,,20763015.0
2019-10-31,1.882,1.9,1.913,1.877,14232900.0,,27033007.0
2019-11-01,0.475,0.482,0.483,0.474,29496529.0,0.0,56449900.0
2019-11-04,0.485,0.484,0.488,0.482,23314900.0,0.0,45115200.00000001
2019-11-05,1.931,1.938,1.943,1.922,17293000.0,,33411321.0
2019-11-06,1.939,1.933,1.939,1.926,11796700.0,,22784417.0
2019-11-07,1.939,1.94,1.953,1.931,14357729.0,,27887084.0
2019-11-08,1.952,1.948,1.959,1.94,15249600.0,,29737367.0
2019-11-11,1.931,1.905,1.938,1.898,18707292.0,,35896967.0
2019-11-12,1.901,1.919,1.92,1.897,20908000.0,,39883216.0
2019-11-13,1.925,1.944,1.95,1.908,18676226.0,,36006145.0
2019-11-14,0.486,0.493,0.494,0.485,20401826.0,0.0,40156400.0
2019-11-15,0.491,0.488,0.494,0.488,19853300.0,0.0,38992900.0
2019-11-18,1.955,1.969,1.97,1.95,13057400.0,,25569890.0
2019-11-19,1.97,2.01,2.013,1.966,31663800.0,,63165390.0
2019-11-20,0.503,0.5,0.504,0.498,17545400.0,0.0,35198500.0
2019-11-21,1.996,1.964,1.996,1.954,40667600.0,,79886249.0
2019-11-22,1.963,1.901,1.978,1.882,57997400.0,,111798124.0
2019-11-25,0.474,0.472,0.477,0.466,22590500.0,0.0,42562000.0
2019-11-26,1.891,1.9,1.915,1.89,17155600.0,,32654167.0
2019-11-27,0.475,0.474,0.477,0.471,16202700.0,0.0,30747300.0
2019-11-28,1.903,1.901,1.908,1.887,13437500.0,,25487726.0
2019-11-29,1.91,1.843,1.91,1.821,46518200.0,,85817368.0
2019-12-02,0.458,0.455,0.459,0.454,27341799.0,0.0,49857800.0
2019-12-03,0.454,0.455,0.455,0.445,44355593.0,0.0,79750800.0
2019-12-04,0.452,0.458,0.459,0.451,29022674.0,0.0,52947900.0
2019-12-05,1.833,1.845,1.858,1.833,23082900.0,,42618226.0
2019-12-06,1.846,1.856,1.857,1.837,26573100.0,,49162778.0
2019-12-09,1.855,1.819,1.858,1.808,52493200.0,,95601575.0
2019-12-10,1.81,1.834,1.835,1.809,24426568.0,,44655421.0
2019-12-11,0.459,0.458,0.459,0.455,16400000.0,0.0,30038400.0
2019-12-12,1.832,1.828,1.84,1.822,14013300.0,,25646926.0
2019-12-13,0.459,0.465,0.465,0.459,26901043.0,0.0,49793100.00000001
2019-12-16,1.863,1.865,1.868,1.851,34850267.0,,64827086.0
2019-12-17,0.467,0.471,0.472,0.464,55156500.0,0.0,103482000.0
2019-12-18,0.471,0.464,0.471,0.463,66065100.0,0.0,123031900.0
2019-12-19,1.856,1.855,1.859,1.849,28099831.0,,52104314.0
2019-12-20,0.464,0.461,0.466,0.461,36084900.0,0.0,66727600.0
2019-12-23,1.843,1.838,1.863,1.835,39656649.0,,73347643.0
2019-12-24,0.46,0.46,0.461,0.458,21368200.0,0.0,39272600.0
2019-12-25,0.46,0.46,0.46,0.457,29058894.0,0.0,53230200.00000001
2019-12-26,0.459,0.464,0.464,0.459,29262840.000000004,0.0,54107299.99999999
2019-12-27,0.464,0.461,0.466,0.461,28846400.0,0.0,53476500.0
2019-12-30,1.838,1.855,1.856,1.822,37448600.0,,69051207.0
2019-12-31,1.853,1.897,1.901,1.851,101473499.0,,191613697.0
2020-01-02,1.9,1.895,1.901,1.878,94491559.0,,178405377.0
2020-01-03,1.895,1.887,1.898,1.88,46498900.0,,87852448.0
2020-01-06,0.47,0.467,0.472,0.464,81611141.0,0.0,152718100.0
2020-01-07,0.467,0.472,0.473,0.467,59562700.0,0.0,111974400.0
2020-01-08,0.469,0.468,0.471,0.467,32964100.0,0.0,61817600.0
2020-01-09,1.881,1.919,1.921,1.881,72057747.0,,137333221.0
2020-01-10,1.92,1.93,1.939,1.92,51201638.0,,98747693.0
2020-01-13,0.482,0.486,0.486,0.479,40331600.0,0.0,77784300.0
2020-01-14,1.942,1.924,1.945,1.92,36648630.0,,70711383.0
2020-01-15,0.481,0.483,0.487,0.48,38006640.0,0.0,73515100.0
2020-01-16,0.483,0.483,0.484,0.478,28696368.0,0.0,55255600.00000001
2020-01-17,0.483,0.49,0.493,0.483,57432815.0,0.0,112222300.0
2020-01-20,0.504,0.495,0.505,0.487,156705715.0,0.0,309345500.0
2020-01-21,2.008,2.002,2.022,1.982,232607714.0,,465959552.0
2020-01-22,2.015,1.978,2.015,1.958,140489792.0,,277493394.0
2020-01-23,0.495,0.483,0.497,0.477,114491197.0,0.0,222997500.0
2020-02-03,2.005,1.805,2.005,1.738,200165124.0,,373331049.0
2020-02-04,1.82,1.888,1.904,1.82,105054869.0,,195531083.0
2020-02-05,0.477,0.489,0.49,0.473,146901782.0,0.0,281809600.0
2020-02-06,0.491,0.503,0.509,0.485,191591678.0,0.0,383753500.0
2020-02-07,0.505,0.497,0.509,0.489,147194443.0,0.0,293012500.0
2020-02-10,1.983,1.965,1.983,1.944,91311518.0,,178581304.0
2020-02-11,0.491,0.494,0.496,0.488,81654485.0,0.0,160587200.0
2020-02-12,0.495,0.5,0.501,0.494,72667980.0,0.0,145003100.0
2020-02-13,2.002,1.982,2.004,1.969,68806821.0,,136480331.0
2020-02-14,1.991,1.986,2.003,1.973,48951557.0,,97563693.0
2020-02-17,1.987,2.02,2.022,1.983,77157460.0,,154893346.0
2020-02-18,2.031,2.004,2.036,1.994,46407108.0,,93199641.0
2020-02-19,0.498,0.494,0.5,0.493,46154665.0,0.0,91459100.0
2020-02-20,1.972,1.999,2.0,1.97,48874028.0,,97094712.0
2020-02-21,0.499,0.501,0.502,0.495,67078779.0,0.0,133964700.0
2020-02-24,0.501,0.499,0.502,0.495,49212874.0,0.0,98175200.0
2020-02-25,0.493,0.504,0.507,0.49,79376600.0,0.0,159051500.0
2020-02-26,1.996,1.953,1.997,1.948,57261812.0,,112690003.0
2020-02-27,1.959,1.965,1.978,1.953,26416770.0,,51912443.0
2020-02-28,1.934,1.904,1.955,1.9,32212810.0,,62011974.0
2020-03-02,0.479,0.487,0.489,0.476,31029330.0,0.0,60053700.0
2020-03-03,1.969,2.0,2.021,1.969,61836663.0,,123977468.0
2020-03-04,1.999,1.999,2.0,1.976,29893367.0,,59416323.0
2020-03-05,2.019,2.062,2.064,2.013,86157041.0,,176511743.0
2020-03-06,2.055,2.06,2.1,2.049,52549216.0,,109166701.0
2020-03-09,0.508,0.501,0.512,0.5,45704053.0,0.0,92517200.0
2020-03-10,0.498,0.507,0.508,0.49,35293883.0,0.0,70720000.0
2020-03-11,0.506,0.499,0.509,0.498,22371882.0,0.0,45048600.0
2020-03-12,0.493,0.483,0.495,0.48,34557099.0,0.0,67141100.0
2020-03-13,1.848,1.89,1.914,1.82,44701861.0,,83615468.0
2020-03-16,1.907,1.835,1.915,1.826,38143698.0,,71580212.0
2020-03-17,0.459,0.458,0.469,0.443,38035450.0,0.0,69323500.0
2020-03-18,1.839,1.817,1.884,1.813,31709100.0,,58909693.0
2020-03-19,0.453,0.448,0.457,0.437,61479162.0,0.0,109695800.0
2020-03-20,0.451,0.46,0.46,0.45,21010400.0,0.0,38188400.0
2020-03-23,0.455,0.451,0.458,0.446,22708260.0,0.0,41224600.0
2020-03-24,1.829,1.865,1.866,1.824,25205239.0,,46515799.0
2020-03-25,1.899,1.925,1.931,1.883,36191400.0,,69075548.0
2020-03-26,1.914,1.964,1.965,1.905,38874110.0,,75800183.0
2020-03-27,0.498,0.492,0.503,0.489,35159232.0,0.0,69695100.0
2020-03-30,0.486,0.484,0.491,0.478,28622000.0,0.0,55442100.0
2020-03-31,1.945,1.961,1.964,1.93,23427443.0,,45650392.0
2020-04-01,0.489,0.482,0.491,0.481,32961300.0,0.0,64060300.0
2020-04-02,1.924,1.958,1.959,1.913,17756000.0,,34342526.0
2020-04-03,1.958,1.978,2.0,1.955,32114300.0,,63628285.0
2020-04-07,0.5,0.507,0.508,0.497,28596496.000000004,0.0,57499000.0
2020-04-08,0.506,0.506,0.51,0.499,22356100.0,0.0,45125000.0
2020-04-09,0.507,0.519,0.522,0.505,38534796.0,0.0,79479700.0
2020-04-10,0.517,0.513,0.529,0.511,33594513.0,0.0,69890200.0
2020-04-13,2.049,2.063,2.078,2.035,26411596.0,,54338051.0
2020-04-14,2.073,2.092,2.098,2.04,22220786.0,,46008781.0
2020-04-15,0.522,0.52,0.528,0.518,29458212.0,0.0,61552200.0
2020-04-16,2.071,2.085,2.099,2.058,25131156.0,,52311479.0
2020-04-17,2.084,2.071,2.096,2.067,22513936.0,,46846085.0
2020-04-20,2.068,2.083,2.099,2.068,18074168.0,,37705126.0
2020-04-21,2.088,2.068,2.09,2.047,26204405.0,,54095484.0
2020-04-22,2.06,2.112,2.113,2.047,24935488.0,,52027134.0
2020-04-23,2.117,2.112,2.139,2.101,18015037.0,,38189279.0
2020-04-24,0.527,0.52,0.528,0.518,64789353.0,0.0,135188700.0
2020-04-27,2.085,2.125,2.136,2.066,30800601.0,,65098470.0
2020-04-28,0.531,0.531,0.534,0.521,19491009.0,0.0,41273500.0
2020-04-29,2.124,2.096,2.141,2.086,13744200.0,,29064546.0
2020-04-30,2.088,2.092,2.104,2.081,20757100.0,,43402417.0
2020-05-06,2.079,2.129,2.132,2.065,19722566.0,,41422738.0
2020-05-07,2.131,2.132,2.139,2.117,19554900.0,,41650345.0
2020-05-08,2.135,2.153,2.173,2.131,22839100.0,,49211167.0
2020-05-11,2.158,2.12,2.163,2.11,27847300.0,,59180909.0
2020-05-12,2.119,2.144,2.148,2.113,17925100.0,,38255861.0
2020-05-13,0.535,0.544,0.545,0.534,23709300.0,0.0,51252299.99999999
2020-05-14,0.545,0.544,0.546,0.54,14410500.0,0.0,31327500.0
2020-05-15,0.543,0.539,0.547,0.535,25367800.0,0.0,54649600.0
2020-05-18,0.536,0.548,0.551,0.535,30967481.0,0.0,67470700.0
2020-05-19,0.552,0.552,0.56,0.548,16635300.0,0.0,36740100.0
2020-05-20,2.212,2.187,2.218,2.173,14788700.0,,32437789.0
2020-05-21,0.547,0.55,0.558,0.546,18558901.0,0.0,40991500.0
2020-05-22,2.2,2.142,2.205,2.123,27853700.0,,59991445.0
2020-05-25,0.536,0.543,0.543,0.532,13312800.0,0.0,28702200.0
2020-05-26,0.543,0.552,0.553,0.542,12929500.0,0.0,28413200.0
2020-05-27,0.553,0.542,0.553,0.54,28164101.0,0.0,61309200.0
2020-05-28,0.541,0.534,0.541,0.526,27152500.0,0.0,58014700.0
2020-05-29,0.531,0.54,0.542,0.53,12676200.0,0.0,27334400.0
2020-06-01,0.543,0.55,0.551,0.543,13536093.0,0.0,29660400.0
2020-06-02,2.2,2.182,2.2,2.17,24242300.0,,52758107.0
2020-06-03,0.546,0.548,0.553,0.546,33908093.0,0.0,74625600.0
2020-06-04,2.205,2.214,2.217,2.184,20439900.0,,44927442.0
2020-06-05,0.553,0.558,0.559,0.549,11343600.0,0.0,25148500.0
2020-06-08,2.238,2.202,2.242,2.192,25708189.0,,56797587.0
2020-06-09,2.202,2.242,2.244,2.202,15158802.0,,33807205.0
2020-06-10,0.56,0.57,0.573,0.56,17029611.0,0.0,38694400.0
2020-06-11,2.284,2.27,2.3,2.253,12636800.0,,28822177.0
2020-06-12,2.244,2.302,2.306,2.238,17594500.0,,40164801.0
2020-06-15,2.312,2.295,2.329,2.29,26159100.0,,60384330.0
2020-06-16,2.307,2.347,2.352,2.301,29642900.0,,69264532.0
2020-06-17,2.358,2.405,2.412,2.355,43634000.0,,104525695.0
2020-06-18,0.601,0.598,0.602,0.586,40948201.0,0.0,97132700.0
2020-06-19,0.595,0.612,0.614,0.594,25720164.0,0.0,62589100.0
2020-06-22,2.452,2.473,2.511,2.448,31776314.0,,78658884.0
2020-06-23,2.471,2.523,2.524,2.456,26196100.0,,65270961.0
2020-06-24,2.53,2.512,2.534,2.466,56626902.0,,140840560.0
2020-06-29,2.495,2.507,2.512,2.48,28586000.0,,71420262.0
2020-06-30,2.506,2.528,2.545,2.506,43022200.0,,108823922.0
2020-07-01,2.531,2.503,2.54,2.464,50222960.0,,125620377.0
2020-07-02,2.505,2.484,2.517,2.468,57430100.0,,142992749.0
2020-07-03,0.621,0.631,0.631,0.613,41561270.0,0.0,103489500.0
2020-07-06,2.522,2.536,2.57,2.492,62219040.0,,156930610.0
2020-07-07,2.536,2.609,2.641,2.503,66760600.0,,172367661.0
2020-07-08,0.653,0.653,0.658,0.646,51012000.0,0.0,133002400.0
2020-07-09,0.652,0.677,0.677,0.649,59128826.0,0.0,157833400.0
2020-07-10,2.716,2.734,2.754,2.687,68168200.0,,186163950.0
2020-07-13,0.685,0.706,0.713,0.685,58675500.0,0.0,164377500.0
2020-07-14,0.713,0.714,0.72,0.695,65333600.0,0.0,184881700.0
2020-07-15,2.868,2.894,2.973,2.856,82168423.0,,239888709.0
2020-07-16,2.92,2.718,2.92,2.697,105886504.0,,295857709.0
2020-07-17,2.689,2.745,2.785,2.689,67129569.0,,183400106.0
2020-07-20,2.764,2.75,2.777,2.661,58900332.0,,159848207.0
2020-07-21,2.751,2.845,2.851,2.724,69144032.0,,194183200.0
2020-07-22,0.708,0.717,0.724,0.7,58358300.0,0.0,167419000.0
2020-07-23,2.84,2.938,2.938,2.838,72955168.0,,211926255.0
2020-07-24,2.912,2.782,2.912,2.753,78758268.0,,223154420.0
2020-07-27,2.793,2.841,2.856,2.793,62734381.0,,177544368.0
2020-07-28,2.856,2.841,2.88,2.784,52682392.0,,148677063.0
2020-07-29,2.819,2.944,2.948,2.81,62419522.0,,181158997.0
2020-07-30,0.741,0.742,0.762,0.734,65986564.0,0.0,197383600.0
2020-07-31,2.961,3.006,3.007,2.927,102945952.0,,306595157.0
2020-08-03,0.755,0.771,0.772,0.745,60696057.99999999,0.0,184350400.0
2020-08-04,0.769,0.763,0.788,0.759,62309785.0,0.0,192731100.0
2020-08-05,0.763,0.775,0.777,0.747,47943905.0,0.0,146280500.0
2020-08-06,0.777,0.756,0.786,0.747,76585254.0,0.0,232205700.0
2020-08-07,3.021,2.966,3.051,2.906,82477753.0,,244756469.0
2020-08-10,2.95,2.948,2.98,2.872,81436545.0,,238906316.0
2020-08-11,0.737,0.732,0.752,0.729,48521910.0,0.0,144309300.0
2020-08-12,0.729,0.709,0.735,0.695,51995217.0,0.0,147757600.0
2020-08-13,2.836,2.782,2.848,2.77,55236908.0,,154848344.0
2020-08-14,0.694,0.702,0.704,0.685,45737118.0,0.0,127216400.0
2020-08-17,0.702,0.712,0.713,0.696,44514957.0,0.0,125579700.0
2020-08-18,0.713,0.722,0.727,0.713,33979603.0,0.0,98113100.0
2020-08-19,0.722,0.697,0.722,0.696,46205914.0,0.0,130204400.0
2020-08-20,0.691,0.693,0.701,0.685,24579900.0,0.0,68103400.0
2020-08-21,0.698,0.698,0.705,0.693,28835655.0,0.0,80693300.0
2020-08-24,2.8,2.806,2.812,2.735,23175410.0,,64549739.0
2020-08-25,0.701,0.705,0.71,0.701,27834078.000000004,0.0,78626800.0
2020-08-26,0.704,0.707,0.723,0.704,44430784.0,0.0,126897900.0
2020-08-27,0.708,0.713,0.713,0.698,23885304.0,0.0,67407300.0
2020-08-28,0.712,0.736,0.736,0.709,52778368.99999999,0.0,153204700.0
2020-08-31,2.956,2.915,2.959,2.906,41024149.0,,120244949.0
2020-09-01,0.726,0.726,0.733,0.721,30901138.0,0.0,89713400.0
2020-09-02,2.904,2.914,2.919,2.871,29317074.0,,84934518.0
2020-09-03,2.9,2.901,2.975,2.883,35913953.0,,105296925.0
2020-09-04,0.712,0.713,0.717,0.703,30335869.0,0.0,85922800.0
2020-09-07,2.838,2.76,2.862,2.756,32239153.0,,90419055.0
2020-09-08,2.763,2.776,2.787,2.743,19919800.0,,55122611.0
2020-09-09,2.732,2.652,2.732,2.62,39296300.0,,104743587.0
2020-09-10,2.679,2.65,2.709,2.645,25206900.0,,67551739.0
2020-09-11,2.639,2.697,2.7,2.619,20821800.0,,55900166.0
2020-09-14,0.678,0.667,0.683,0.663,23351167.0,0.0,62795900.0
2020-09-15,2.672,2.699,2.7,2.629,26893624.0,,71962770.0
2020-09-16,0.673,0.663,0.678,0.658,30657000.0,0.0,81421000.0
2020-09-17,0.659,0.647,0.66,0.642,32186871.000000004,0.0,83408500.0
2020-09-18,0.649,0.657,0.657,0.643,32723400.0,0.0,85128500.0
2020-09-21,0.658,0.655,0.663,0.652,30088355.0,0.0,79093600.0
2020-09-22,2.622,2.621,2.66,2.61,35351384.0,,93251957.0
2020-09-23,0.658,0.674,0.679,0.651,66685891.0,0.0,178365900.0
2020-09-24,2.676,2.655,2.68,2.644,52954400.0,,140724626.0
2020-09-25,0.665,0.665,0.675,0.66,49397800.0,0.0,131737600.0
2020-09-28,2.667,2.626,2.675,2.619,19510200.0,,51544536.0
2020-09-29,0.659,0.664,0.668,0.651,28691991.0,0.0,75888400.0
2020-09-30,0.667,0.67,0.679,0.666,34212503.0,0.0,91881000.0
2020-10-09,0.679,0.692,0.693,0.677,49320016.0,0.0,134987400.0
2020-10-12,2.775,2.85,2.85,2.773,48711955.0,,136864496.0
2020-10-13,2.852,2.868,2.886,2.827,37967539.0,,108813986.0
2020-10-14,0.716,0.714,0.722,0.713,33410600.0,0.0,95788600.0
2020-10-15,2.855,2.838,2.856,2.821,29485700.0,,83662741.0
2020-10-16,0.707,0.713,0.717,0.702,27640200.0,0.0,78684600.0
2020-10-19,0.713,0.694,0.716,0.693,31243500.0,0.0,87767099.99999999
2020-10-20,0.692,0.699,0.701,0.688,15816271.0,0.0,43974700.0
2020-10-21,0.701,0.701,0.711,0.698,30588037.0,0.0,86127300.0
2020-10-22,2.785,2.759,2.792,2.73,24130537.0,,66452944.0
2020-10-23,2.758,2.688,2.775,2.645,58858416.0,,157777025.0
2020-10-26,0.661,0.671,0.673,0.653,26641800.0,0.0,70930400.0
2020-10-27,0.669,0.689,0.69,0.669,44561884.0,0.0,121635200.0
2020-10-28,2.755,2.785,2.794,2.735,29661799.0,,82241783.0
2020-10-29,0.69,0.709,0.713,0.689,43743100.0,0.0,123115700.0
2020-10-30,0.709,0.698,0.713,0.693,30370184.000000004,0.0,85211900.0
2020-11-02,0.697,0.69,0.699,0.684,41407574.0,0.0,114079500.0
2020-11-03,0.691,0.698,0.699,0.684,27204903.000000004,0.0,75545100.0
2020-11-04,0.699,0.702,0.703,0.695,24993563.0,0.0,69880100.0
2020-11-05,0.709,0.702,0.709,0.695,35414700.0,0.0,99594100.0
2020-11-06,2.812,2.732,2.812,2.701,58517200.0,,160083910.0
2020-11-09,0.685,0.696,0.699,0.682,49945377.0,0.0,138256800.0
2020-11-10,0.704,0.692,0.711,0.688,39510851.0,0.0,110156300.0
2020-11-11,0.691,0.674,0.691,0.671,33608000.0,0.0,90890200.0
2020-11-12,0.677,0.681,0.687,0.676,22000823.0,0.0,59930000.0
2020-11-13,2.722,2.716,2.722,2.69,19271500.0,,52065777.0
2020-11-16,0.682,0.681,0.683,0.674,16879500.0,0.0,45857800.0
2020-11-17,2.71,2.658,2.716,2.645,35925900.0,,95810556.0
2020-11-18,0.666,0.654,0.669,0.654,40463200.0,0.0,106458800.0
2020-11-19,2.617,2.631,2.636,2.598,23992500.0,,62922941.0
2020-11-20,0.66,0.661,0.664,0.659,30439500.0,0.0,80502200.0
2020-11-23,2.663,2.635,2.665,2.617,64224400.0,,169239469.0
2020-11-24,2.634,2.614,2.635,2.601,41172657.0,,107635252.0
2020-11-25,0.653,0.641,0.654,0.64,45352100.0,0.0,116935300.0
2020-11-26,0.643,0.637,0.646,0.635,31235700.0,0.0,79749800.0
2020-11-27,0.639,0.642,0.644,0.633,37022000.0,0.0,94565900.0
2020-11-30,2.577,2.589,2.602,2.548,44732400.0,,115245346.0
2020-12-01,0.647,0.665,0.666,0.645,60082350.0,0.0,158793700.0
2020-12-02,0.665,0.665,0.667,0.658,35458800.0,0.0,93939400.0
2020-12-03,0.667,0.681,0.685,0.663,58458277.0,0.0,157848400.0
2020-12-04,0.681,0.689,0.69,0.676,50004400.0,0.0,136889000.0
2020-12-07,2.732,2.707,2.735,2.692,32986662.0,,89529651.0
2020-12-08,2.72,2.705,2.724,2.7,35107549.0,,95101799.0
2020-12-09,0.675,0.669,0.681,0.668,34694420.0,0.0,93355300.0
2020-12-10,2.686,2.701,2.704,2.653,30812673.0,,82821081.0
2020-12-11,0.679,0.671,0.68,0.666,33306300.0,0.0,89845700.0
2020-12-14,0.673,0.681,0.682,0.667,44426800.0,0.0,119964000.0
2020-12-15,0.678,0.699,0.701,0.678,51679427.0,0.0,143373100.0
2020-12-16,2.8,2.81,2.82,2.771,45680705.0,,127939208.0
2020-12-17,2.865,2.913,2.927,2.86,87942872.0,,255775982.0
2020-12-18,0.727,0.73,0.733,0.719,57234500.0,0.0,166462300.0
2020-12-21,2.915,2.942,2.946,2.882,65153907.0,,190075341.0
2020-12-22,0.736,0.731,0.747,0.729,54722010.0,0.0,161490200.0
2020-12-23,0.728,0.731,0.734,0.72,47826500.0,0.0,138977100.0
2020-12-24,2.923,2.931,2.964,2.915,44299090.0,,130131164.0
2020-12-25,2.937,3.012,3.015,2.929,48179499.0,,143843848.0
2020-12-28,0.755,0.742,0.758,0.74,43505750.0,0.0,129836800.0
2020-12-29,0.74,0.73,0.744,0.725,36020807.0,0.0,105454200.0
2020-12-30,0.732,0.743,0.746,0.729,48464050.0,0.0,143541300.0
2020-12-31,0.747,0.751,0.754,0.738,55789181.00000001,0.0,166962200.0
2021-01-04,0.748,0.757,0.759,0.744,76399635.0,0.0,230062000.0
2021-01-05,3.021,3.077,3.078,3.0,64108826.0,,195562307.0
2021-01-06,0.772,0.783,0.785,0.767,63257221.0,0.0,196796900.0
2021-01-07,0.783,0.796,0.796,0.775,49804745.0,0.0,155962000.0
2021-01-08,0.794,0.791,0.805,0.783,42752734.0,0.0,135365800.0
2021-01-11,0.789,0.774,0.793,0.77,46537990.0,0.0,145418500.0
2021-01-12,0.771,0.792,0.792,0.769,42312696.0,0.0,132390500.0
2021-01-13,0.793,0.777,0.793,0.771,58047106.99999999,0.0,181111800.0
2021-01-14,0.775,0.763,0.777,0.761,60436228.0,0.0,185611400.0
2021-01-15,3.048,3.044,3.056,2.99,53440057.0,,161633421.0
2021-01-18,3.039,3.053,3.076,2.995,37444800.0,,113919809.0
2021-01-19,0.764,0.747,0.765,0.746,42898710.0,0.0,129496800.0
2021-01-20,0.75,0.778,0.778,0.75,61192750.0,0.0,187795200.0
2021-01-21,0.781,0.792,0.793,0.78,47868450.0,0.0,150765700.0
2021-01-22,0.795,0.831,0.832,0.793,64835538.0,0.0,211452500.0
2021-01-25,0.833,0.832,0.837,0.822,54900140.0,0.0,182262600.0
2021-01-26,0.83,0.805,0.83,0.803,46425200.0,0.0,150786500.0
2021-01-27,0.806,0.801,0.81,0.785,36107200.0,0.0,115269200.0
2021-01-28,0.793,0.779,0.798,0.776,44308800.0,0.0,139272700.0
2021-01-29,3.119,3.094,3.156,3.05,53572917.0,,166479608.0
2021-02-01,3.092,3.168,3.169,3.088,53212449.0,,167144002.0
2021-02-02,3.178,3.236,3.237,3.127,38435171.0,,123175512.0
2021-02-03,3.24,3.252,3.311,3.218,53734565.0,,175716321.0
2021-02-04,3.227,3.216,3.271,3.172,40672546.0,,130757517.0
2021-02-05,3.216,3.311,3.36,3.216,56157932.0,,185971482.0
2021-02-08,0.829,0.852,0.854,0.828,49004530.0,0.0,164462000.0
2021-02-09,0.855,0.868,0.869,0.847,50732419.0,0.0,174203900.0
2021-02-10,0.869,0.89,0.892,0.858,43603269.0,0.0,153470900.0
2021-02-18,0.906,0.849,0.907,0.848,72303080.0,0.0,250177500.0
2021-02-19,3.381,3.395,3.417,3.296,57849400.0,,194016326.0
2021-02-22,3.395,3.217,3.398,3.215,80376928.0,,263650223.0
2021-02-23,3.199,3.212,3.262,3.178,53320012.0,,171605034.0
2021-02-24,3.21,3.068,3.216,3.04,81911240.0,,254684030.0
2021-02-25,3.078,3.076,3.12,3.057,48517880.0,,149713433.0
2021-02-26,0.755,0.757,0.771,0.743,51927900.0,0.0,157341000.0
2021-03-01,3.055,3.071,3.072,2.997,40809753.0,,124293323.0
2021-03-02,3.087,2.99,3.089,2.962,57649577.0,,173798617.0
2021-03-03,0.745,0.763,0.764,0.741,38270800.0,0.0,115500400.0
2021-03-04,3.01,2.935,3.02,2.916,47477949.0,,140470025.0
2021-03-05,2.86,2.936,2.958,2.86,36737592.0,,107110880.0
2021-03-08,0.738,0.686,0.742,0.685,76916914.0,0.0,218548200.0
2021-03-09,2.739,2.673,2.773,2.63,67293963.0,,182612400.0
2021-03-10,0.68,0.686,0.694,0.678,61383716.0,0.0,168392200.0
2021-03-11,2.738,2.817,2.855,2.738,68214170.0,,191757852.0
2021-03-12,2.828,2.82,2.834,2.771,33625200.0,,94393199.0
2021-03-15,2.81,2.707,2.81,2.669,40086600.0,,109372341.0
2021-03-16,2.718,2.729,2.753,2.682,32525960.0,,88417742.0
2021-03-17,2.717,2.743,2.759,2.678,40232608.0,,109951374.0
2021-03-18,2.75,2.802,2.81,2.75,41858250.0,,116828167.0
2021-03-19,0.687,0.684,0.696,0.678,32112350.0,0.0,88140900.0
2021-03-22,0.687,0.688,0.699,0.679,35127300.0,0.0,96759300.0
2021-03-23,0.688,0.688,0.696,0.678,29869100.0,0.0,81979200.0
2021-03-24,0.684,0.685,0.695,0.68,29256250.0,0.0,80442700.0
2021-03-25,0.677,0.692,0.694,0.674,38611844.0,0.0,106103000.0
2021-03-26,2.783,2.88,2.883,2.782,68170400.0,,193813486.0
2021-03-29,0.718,0.715,0.724,0.709,42092696.0,0.0,120702300.0
2021-03-30,2.865,2.909,2.937,2.85,39509113.0,,114720322.0
2021-03-31,0.726,0.722,0.726,0.713,34876341.0,0.0,100279600.0
2021-04-01,0.722,0.737,0.739,0.722,49442151.0,0.0,144968700.0
2021-04-02,2.964,2.968,2.99,2.937,49654454.0,,147054774.0
2021-04-06,2.967,2.918,2.968,2.907,31175900.0,,91218413.0
2021-04-07,0.727,0.726,0.73,0.715,26339032.0,0.0,76065000.0
2021-04-08,0.723,0.74,0.741,0.718,38438100.0,0.0,112872400.0
2021-04-09,0.738,0.726,0.74,0.723,34147150.0,0.0,99497300.0
2021-04-12,0.725,0.706,0.73,0.703,44353656.0,0.0,126263900.0
2021-04-13,0.702,0.712,0.72,0.701,45199100.0,0.0,129047700.0
2021-04-14,0.713,0.712,0.72,0.7,55571931.99999999,0.0,157714400.0
2021-04-15,0.71,0.706,0.713,0.698,36760532.0,0.0,103858700.0
2021-04-16,2.842,2.809,2.843,2.78,48740200.0,,136747844.0
2021-04-19,2.817,2.893,2.894,2.786,53828250.0,,154016359.0
2021-04-20,0.723,0.725,0.732,0.714,38627300.0,0.0,111926400.0
2021-04-21,2.88,2.963,2.965,2.877,42878389.0,,125652700.0
2021-04-22,0.741,0.741,0.744,0.734,67123314.0,0.0,198656400.0
2021-04-23,2.962,3.032,3.053,2.956,53512469.0,,161701741.0
2021-04-26,3.059,3.018,3.119,3.014,61376031.0,,188534535.0
2021-04-27,0.751,0.775,0.775,0.748,55780364.0,0.0,170895800.00000003
2021-04-28,3.095,3.162,3.162,3.079,44098727.0,,137815317.0
2021-04-29,3.157,3.15,3.171,3.104,43615547.0,,137048950.0
2021-04-30,3.145,3.202,3.229,3.14,51137700.0,,163459326.0
2021-05-06,0.788,0.765,0.793,0.756,78369456.0,0.0,240832400.00000003
2021-05-07,0.765,0.746,0.774,0.746,55927819.99999999,0.0,169636200.0
2021-05-10,2.997,3.044,3.073,2.997,39763800.0,,120790160.0
2021-05-11,0.759,0.776,0.776,0.748,47977500.0,0.0,146875300.0
2021-05-12,3.099,3.149,3.155,3.073,46994500.0,,146459967.0
2021-05-13,0.783,0.792,0.796,0.778,52944450.0,0.0,167054500.0
2021-05-14,3.183,3.242,3.28,3.158,62702292.0,,202746911.0
2021-05-17,0.815,0.828,0.834,0.815,58186239.0,0.0,192882400.00000003
2021-05-18,0.827,0.821,0.832,0.81,46444145.0,0.0,152085200.0
2021-05-19,0.818,0.818,0.822,0.81,39218500.0,0.0,127940700.0
2021-05-20,3.263,3.26,3.295,3.253,36573516.0,,119590141.0
2021-05-21,0.816,0.804,0.823,0.801,43682752.0,0.0,141458000.0
2021-05-24,0.802,0.799,0.803,0.779,59760611.0,0.0,189029100.0
2021-05-25,3.213,3.293,3.296,3.213,60121300.0,,196309056.0
2021-05-26,0.823,0.822,0.829,0.812,40343691.0,0.0,132280500.0
2021-05-27,3.282,3.314,3.322,3.241,49312500.0,,162383618.0
2021-05-28,0.828,0.812,0.83,0.807,75045527.0,0.0,245288000.0
2021-05-31,3.246,3.296,3.309,3.241,47251126.0,,155294446.0
2021-06-01,3.296,3.356,3.359,3.274,66859900.0,,221897473.0
2021-06-02,3.356,3.288,3.369,3.274,47585130.0,,157840364.0
2021-06-03,3.276,3.255,3.298,3.239,42962729.0,,140352572.0
2021-06-04,3.243,3.272,3.289,3.208,37883150.0,,123206398.0
2021-06-07,3.269,3.28,3.283,3.221,31548720.0,,102847459.0
2021-06-08,3.28,3.229,3.317,3.201,46097497.0,,150289390.0
2021-06-09,0.805,0.809,0.813,0.799,30451726.0,0.0,98343200.0
2021-06-10,3.245,3.296,3.32,3.244,52647800.0,,173398473.0
2021-06-11,3.293,3.282,3.302,3.233,35895500.0,,117361474.0
2021-06-15,0.816,0.805,0.822,0.803,50014300.0,0.0,161611300.0
2021-06-16,3.214,3.116,3.228,3.113,47033780.0,,148674691.0
2021-06-17,0.776,0.784,0.791,0.776,33835250.0,0.0,106129600.0
2021-06-18,0.784,0.791,0.797,0.782,37688092.0,0.0,119210100.0
2021-06-21,0.789,0.794,0.799,0.781,38397500.0,0.0,121654500.0
2021-06-22,3.179,3.26,3.261,3.149,57731450.0,,185768721.0
2021-06-23,0.815,0.815,0.825,0.811,47000544.0,0.0,153764200.0
2021-06-24,0.814,0.802,0.815,0.794,57541319.99999999,0.0,184262100.0
2021-06-28,0.821,0.836,0.837,0.821,189580900.0,,157814370.0
2021-06-29,0.838,0.829,0.841,0.826,188939353.0,0.0,157162000.0
2021-06-30,0.83,0.832,0.835,0.825,154740900.0,0.0,128454700.0
2021-07-01,0.834,0.848,0.855,0.832,292623678.0,0.0,247135300.0
2021-07-02,0.844,0.809,0.846,0.808,372366100.0,0.0,305544800.0
2021-07-05,0.8,0.804,0.815,0.796,228808776.0,,183743186.0
2021-07-06,0.805,0.775,0.806,0.754,406747709.0,,314447972.0
2021-07-07,0.766,0.791,0.798,0.766,244020495.0,,191875221.0
2021-07-08,0.791,0.777,0.8,0.775,232235800.0,0.0,181853900.0
2021-07-09,0.771,0.779,0.78,0.755,191879340.0,0.0,147840300.0
2021-07-12,0.782,0.797,0.799,0.768,241561304.0,0.0,190762000.0
2021-07-13,0.795,0.799,0.804,0.788,148725900.0,0.0,118152100.0
2021-07-14,0.796,0.801,0.815,0.789,266249200.0,,214586813.0
2021-07-15,0.802,0.807,0.807,0.793,187018011.0,,149705703.0
2021-07-16,0.807,0.803,0.809,0.796,195586089.0,0.0,156970000.0
2021-07-19,0.802,0.821,0.822,0.802,232907396.0,0.0,189786000.0
2021-07-20,0.818,0.826,0.832,0.818,227314080.0,0.0,187523600.0
2021-07-21,0.828,0.835,0.836,0.82,205139113.0,0.0,170282200.0
2021-07-22,0.833,0.809,0.834,0.803,478264023.0,,388468724.0
2021-07-23,0.805,0.783,0.805,0.78,372816600.0,,293128538.0
2021-07-26,0.778,0.741,0.778,0.722,595366088.0,0.0,444972700.0
2021-07-27,0.737,0.711,0.742,0.71,398997060.0,,290569985.0
2021-07-28,0.707,0.732,0.733,0.698,360167810.0,,258668546.0
2021-07-29,0.74,0.748,0.754,0.74,313726037.0,,234288139.0
2021-07-30,0.745,0.741,0.745,0.722,275486458.0,,201613600.0
2021-08-02,0.738,0.751,0.753,0.711,326032488.0,,239627010.0
2021-08-03,0.745,0.778,0.781,0.742,422587125.0,0.0,324858600.0
2021-08-04,0.779,0.778,0.781,0.763,335860112.0,,259815720.0
2021-08-05,0.773,0.772,0.783,0.761,287379857.0,,222780484.0
2021-08-06,0.767,0.744,0.768,0.737,394747375.0,,295266469.0
2021-08-09,0.735,0.749,0.75,0.733,218212762.0,,162508735.0
2021-08-10,0.751,0.759,0.759,0.738,250701152.0,,187759028.0
2021-08-11,0.759,0.742,0.76,0.739,321675500.0,,239659715.0
2021-08-12,0.735,0.729,0.742,0.726,256986009.0,,188027369.0
2021-08-13,0.73,0.727,0.737,0.72,218830000.0,,159241479.0
2021-08-16,0.725,0.724,0.728,0.719,290062600.0,,210115389.0
2021-08-17,0.721,0.699,0.727,0.695,410216000.0,0.0,291083700.0
2021-08-18,0.699,0.698,0.707,0.694,249313900.0,,174369230.0
2021-08-19,0.699,0.701,0.709,0.698,225162469.0,,158300911.0
2021-08-20,0.69,0.665,0.691,0.658,598017044.0,0.0,400978600.0
2021-08-23,0.66,0.675,0.677,0.654,329653452.0,0.0,219888100.0
2021-08-24,0.676,0.688,0.691,0.674,277782439.0,,190066265.0
2021-08-25,0.688,0.692,0.698,0.681,237019177.0,0.0,163706600.0
2021-08-26,0.692,0.666,0.692,0.665,303008369.0,0.0,203738300.00000003
2021-08-27,0.664,0.665,0.681,0.662,256872810.0,0.0,172075700.0
2021-08-30,0.668,0.663,0.673,0.657,233190713.0,0.0,155047800.0
2021-08-31,0.663,0.648,0.67,0.647,346146800.0,,226625288.0
2021-09-01,0.649,0.659,0.667,0.636,353500340.0,,230755116.0
2021-09-02,0.66,0.638,0.661,0.636,470386270.0,,303481441.0
2021-09-03,0.637,0.641,0.646,0.626,326940600.0,0.0,208515500.0
2021-09-06,0.643,0.675,0.677,0.641,584483082.0,,388374548.0
2021-09-07,0.673,0.673,0.673,0.664,443965490.00000006,0.0,296767700.0
2021-09-08,0.673,0.667,0.675,0.663,299758600.0,,200216151.0
2021-09-09,0.667,0.667,0.674,0.662,259491200.0,,172911297.0
2021-09-10,0.666,0.664,0.668,0.656,324419674.0,0.0,214629900.00000003
2021-09-13,0.668,0.659,0.675,0.654,457996500.0,,303877231.0
2021-09-14,0.66,0.663,0.67,0.657,321011967.0,0.0,213723600.0
2021-09-15,0.66,0.652,0.662,0.648,343918311.0,0.0,224999300.0
2021-09-16,0.649,0.654,0.66,0.643,356588248.0,0.0,232349600.0
2021-09-17,0.652,0.684,0.688,0.647,678041389.0,0.0,456943600.0
2021-09-22,0.676,0.68,0.693,0.673,390762390.0,0.0,266270900.0
2021-09-23,0.678,0.68,0.69,0.67,392816371.0,,267029731.0
2021-09-24,0.677,0.685,0.691,0.673,425261129.0,0.0,290511300.0
2021-09-27,0.694,0.696,0.706,0.683,492411306.0,0.0,342556900.0
2021-09-28,0.694,0.691,0.701,0.683,419367626.0,,289953882.0
2021-09-29,0.684,0.68,0.69,0.673,403861736.0,0.0,274608200.0
2021-09-30,0.679,0.69,0.692,0.678,397798319.0,,273675524.0
2021-10-08,0.687,0.694,0.698,0.678,342016091.0,,236248338.0
2021-10-11,0.692,0.683,0.703,0.68,446521100.0,,307792664.0
2021-10-12,0.679,0.68,0.69,0.673,352250000.0,,240134678.0
2021-10-13,0.677,0.692,0.694,0.675,451648800.0,,308962119.0
2021-10-14,0.689,0.677,0.692,0.672,536717600.0,,365011228.0
2021-10-15,0.671,0.669,0.674,0.664,422569669.0,,282126209.0
2021-10-18,0.668,0.657,0.669,0.653,387569500.0,,254705567.0
2021-10-19,0.656,0.667,0.671,0.655,354182953.0,0.0,235713800.0
2021-10-20,0.666,0.665,0.671,0.653,380759990.0,0.0,251499500.0
2021-10-21,0.664,0.662,0.669,0.659,335935239.0,,222680063.0
2021-10-22,0.662,0.666,0.67,0.658,338609100.0,,225136457.0
2021-10-25,0.665,0.668,0.672,0.664,357910100.0,,238846584.0
2021-10-26,0.665,0.663,0.672,0.661,373752538.0,0.0,248688400.0
2021-10-27,0.662,0.648,0.663,0.646,429908246.0,,280648258.0
2021-10-28,0.646,0.646,0.653,0.642,329793162.0,0.0,213166100.0
2021-10-29,0.645,0.655,0.657,0.636,434173608.0,,281776988.0
2021-11-01,0.654,0.642,0.657,0.638,513081337.0,,329942443.0
2021-11-02,0.64,0.632,0.645,0.63,539561045.0,0.0,344143500.0
2021-11-03,0.634,0.638,0.644,0.634,370773238.0,0.0,236941900.0
2021-11-04,0.64,0.641,0.645,0.636,356672301.0,0.0,228237500.0
2021-11-05,0.64,0.641,0.647,0.638,353942432.0,,227823246.0
2021-11-08,0.641,0.627,0.641,0.623,740602046.0,0.0,465232900.0
2021-11-09,0.627,0.631,0.633,0.624,399888700.0,0.0,251819900.00000003
2021-11-10,0.631,0.647,0.648,0.623,761580517.0,0.0,486065800.0
2021-11-11,0.644,0.645,0.65,0.64,582743000.0,0.0,375139700.0
2021-11-12,0.646,0.642,0.647,0.64,453160297.0,,291136938.0
2021-11-15,0.642,0.656,0.656,0.641,633634308.0,,412866310.0
2021-11-16,0.657,0.676,0.678,0.656,1019720983.0,0.0,683145100.0
2021-11-17,0.677,0.676,0.685,0.671,565872542.0,,382907367.0
2021-11-18,0.673,0.661,0.674,0.659,575126800.0,0.0,381693900.0
2021-11-19,0.656,0.659,0.661,0.653,591330286.0,0.0,388371900.0
2021-11-22,0.66,0.653,0.66,0.65,816904000.0,,532936818.0
2021-11-23,0.655,0.654,0.658,0.651,649191300.0,,424412343.0
2021-11-24,0.654,0.659,0.66,0.649,787562465.0,0.0,516164500.0
2021-11-25,0.659,0.665,0.668,0.657,684692290.0,0.0,453843000.0
2021-11-26,0.667,0.664,0.672,0.664,692659796.0,,461846526.0
2021-11-29,0.676,0.664,0.686,0.663,675308966.0,,453715155.0
2021-11-30,0.662,0.663,0.664,0.655,513349866.0,0.0,338253200.0
2021-12-01,0.66,0.655,0.661,0.653,510164900.0,0.0,334297200.0
2021-12-02,0.652,0.646,0.656,0.645,507093000.0,,329465736.0
2021-12-03,0.647,0.651,0.652,0.646,399601832.0,0.0,259188900.0
2021-12-06,0.65,0.639,0.651,0.638,660924386.0,0.0,425330200.0
2021-12-07,0.641,0.644,0.647,0.639,466030423.00000006,0.0,299480600.0
2021-12-08,0.645,0.652,0.652,0.641,547651238.0,0.0,354629200.0
2021-12-09,0.654,0.668,0.67,0.65,961574683.0,0.0,637561200.0
2021-12-10,0.665,0.662,0.669,0.659,844856786.0,0.0,559510500.0
2021-12-13,0.661,0.656,0.667,0.656,804041607.0,0.0,530977200.0
2021-12-14,0.655,0.659,0.663,0.654,557652303.0,,368106183.0
2021-12-15,0.658,0.639,0.659,0.636,1170270194.0,0.0,756841900.0
2021-12-16,0.635,0.642,0.644,0.634,615712187.0,,393811423.0
2021-12-17,0.644,0.636,0.648,0.635,725497206.0,,463439226.0
2021-12-20,0.634,0.624,0.638,0.624,809093792.0,,509456270.0
2021-12-21,0.625,0.631,0.632,0.624,479604800.0,,301636434.0
2021-12-22,0.632,0.632,0.635,0.629,347572800.0,,219621505.0
2021-12-23,0.634,0.627,0.635,0.625,511442559.0,0.0,320999800.0
2021-12-24,0.628,0.63,0.632,0.624,495721600.0,,311305830.0
2021-12-27,0.63,0.634,0.634,0.627,696230077.0,,439165658.0
2021-12-28,0.633,0.638,0.638,0.628,576867000.0,,365681244.0
2021-12-29,0.638,0.629,0.643,0.628,695121770.0,0.0,441794700.0
2021-12-30,0.628,0.633,0.634,0.624,570154545.0,,358993586.0
2021-12-31,0.633,0.633,0.636,0.63,567753100.0,0.0,359489000.0
2022-01-04,0.63,0.617,0.631,0.615,1101872971.0,0.0,683190399.9999999
2022-01-05,0.616,0.609,0.617,0.606,707607200.0,0.0,431655900.0
2022-01-06,0.606,0.601,0.609,0.595,779581990.0,0.0,467863200.0
2022-01-07,0.601,0.599,0.604,0.597,472126850.0,0.0,283366700.0
2022-01-10,0.598,0.604,0.606,0.592,521936700.0,0.0,313201600.0
2022-01-11,0.601,0.604,0.607,0.599,453669391.0,0.0,273676900.0
2022-01-12,0.603,0.609,0.611,0.601,590630799.0,0.0,359117500.0
2022-01-13,0.609,0.596,0.61,0.596,597123900.0,,359654455.0
2022-01-14,0.594,0.597,0.6,0.591,548828800.0,,326975603.0
2022-01-17,0.597,0.599,0.601,0.594,465148410.0,0.0,277806800.0
2022-01-18,0.598,0.598,0.604,0.593,516872203.0,,309646982.0
2022-01-19,0.598,0.582,0.598,0.58,887094337.0,,521041085.0
2022-01-20,0.58,0.58,0.585,0.579,627935038.0,0.0,365236000.0
2022-01-21,0.58,0.566,0.58,0.565,789332624.0,0.0,449301700.0
2022-01-24,0.561,0.564,0.569,0.56,564705500.0,,318042759.0
2022-01-25,0.562,0.552,0.566,0.551,683034894.0,0.0,382018400.0
2022-01-26,0.554,0.542,0.556,0.537,823711500.0,0.0,448635300.0
2022-01-27,0.542,0.534,0.543,0.533,613547492.0,,330028654.0
2022-01-28,0.536,0.53,0.539,0.529,651593829.0,0.0,347865199.99999994
2022-02-07,0.538,0.536,0.545,0.534,553948210.0,0.0,298442400.0
2022-02-08,0.529,0.529,0.529,0.516,1011263600.0,0.0,527693400.0
2022-02-09,0.528,0.533,0.535,0.522,752536000.0,0.0,398500700.0
2022-02-10,0.533,0.526,0.534,0.524,786237500.0,0.0,414414900.0
2022-02-11,0.523,0.509,0.523,0.508,903177098.0,0.0,465310900.0
2022-02-14,0.506,0.511,0.517,0.506,625752800.0,0.0,320449800.0
2022-02-15,0.51,0.533,0.534,0.508,1205263000.0,,633333006.0
2022-02-16,0.535,0.533,0.539,0.532,642787496.0,0.0,343793500.0
2022-02-17,0.533,0.534,0.538,0.53,461764899.0,,246708793.0
2022-02-18,0.53,0.537,0.538,0.528,413263800.0,0.0,220329100.0
2022-02-21,0.542,0.537,0.543,0.534,476712328.0,0.0,256125000.0
2022-02-22,0.533,0.528,0.534,0.526,498123692.0,0.0,263436600.0
2022-02-23,0.529,0.539,0.539,0.529,532126330.0,0.0,284909900.0
2022-02-24,0.536,0.527,0.542,0.521,720895999.0,,383271315.0
2022-02-25,0.531,0.544,0.548,0.531,781279358.0,,424353155.0
2022-02-28,0.543,0.546,0.547,0.537,607713106.0,0.0,329847800.0
2022-03-01,0.546,0.548,0.552,0.544,494808733.0,0.0,271045000.0
2022-03-02,0.544,0.542,0.545,0.537,683387649.0,,369729234.0
2022-03-03,0.544,0.536,0.546,0.536,616916901.0,,332273838.0
2022-03-04,0.531,0.533,0.541,0.53,620162544.0,0.0,332148900.0
2022-03-07,0.53,0.515,0.531,0.512,772641300.0,,400302642.0
2022-03-08,0.514,0.502,0.521,0.497,890437856.0,0.0,451528300.0
2022-03-09,0.501,0.487,0.502,0.468,1089771937.0,0.0,531270000.0
2022-03-10,0.498,0.504,0.506,0.496,780573500.0,,391720064.0
2022-03-11,0.495,0.516,0.516,0.493,1067444300.0,0.0,536447100.0
2022-03-14,0.519,0.508,0.523,0.508,882484952.0,0.0,455182800.0
2022-03-15,0.502,0.488,0.512,0.486,948234858.0,0.0,475216900.0
2022-03-16,0.494,0.504,0.506,0.478,1043220300.0,0.0,510793900.0
2022-03-17,0.511,0.524,0.533,0.51,1442564922.0,0.0,752712600.0
2022-03-18,0.519,0.527,0.529,0.518,807783744.0,0.0,422407300.00000006
2022-03-21,0.53,0.532,0.533,0.521,699180339.0,0.0,368823100.0
2022-03-22,0.528,0.52,0.53,0.518,675174500.0,0.0,352878600.0
2022-03-23,0.521,0.532,0.534,0.517,907368890.0,,479231343.0
2022-03-24,0.526,0.544,0.55,0.522,1099096052.0,0.0,590861100.0
2022-03-25,0.542,0.527,0.544,0.526,1183606518.0,,632034034.0
2022-03-28,0.521,0.52,0.526,0.517,783824400.0,,408728228.0
2022-03-29,0.522,0.525,0.528,0.517,682411955.0,,357867908.0
2022-03-30,0.529,0.538,0.539,0.519,857241864.0,,455035358.0
2022-03-31,0.534,0.535,0.545,0.533,701141499.0,0.0,377303500.0
2022-04-01,0.53,0.532,0.535,0.525,687371700.0,0.0,364827800.0
2022-04-06,0.534,0.53,0.539,0.527,733732100.0,0.0,390450000.0
2022-04-07,0.525,0.521,0.533,0.52,733018800.0,0.0,384780100.0
2022-04-08,0.521,0.516,0.522,0.511,765018200.0,0.0,395704600.0
2022-04-11,0.513,0.507,0.516,0.505,713895884.0,,363910069.0
2022-04-12,0.506,0.519,0.522,0.504,824957061.0,,422618540.0
2022-04-13,0.515,0.507,0.516,0.506,746933700.0,0.0,381109600.0
2022-04-14,0.509,0.51,0.515,0.504,861103840.0,,438647166.0
2022-04-15,0.506,0.515,0.522,0.504,818334500.0,0.0,420410900.0
2022-04-18,0.512,0.514,0.516,0.508,586758800.0,0.0,299884200.0
2022-04-19,0.513,0.502,0.517,0.5,707946700.0,0.0,357566900.0
2022-04-20,0.502,0.494,0.504,0.492,728405900.0,,362603002.0
2022-04-21,0.492,0.481,0.497,0.477,910527570.0,,444755633.0
2022-04-22,0.478,0.48,0.487,0.471,798663600.0,0.0,381599500.0
2022-04-25,0.472,0.456,0.475,0.455,782779900.0,,366106840.0
2022-04-26,0.456,0.463,0.471,0.453,733913300.0,0.0,340221900.0
2022-04-27,0.457,0.472,0.472,0.452,793834600.0,0.0,366468700.0
2022-04-28,0.47,0.469,0.472,0.462,595329100.0,,278300896.0
2022-04-29,0.469,0.479,0.48,0.466,760559300.0,,359987966.0
2022-05-05,0.476,0.48,0.483,0.474,622316200.0,0.0,297559500.0
2022-05-06,0.47,0.47,0.476,0.467,593074600.0,0.0,279392900.0
2022-05-09,0.467,0.465,0.472,0.464,514276800.0,0.0,240790500.0
2022-05-10,0.46,0.469,0.472,0.457,546738041.0,,254845110.0
2022-05-11,0.47,0.479,0.488,0.468,928849600.0,0.0,447103000.0
2022-05-12,0.476,0.484,0.487,0.475,683229299.0,,329373865.0
2022-05-13,0.488,0.483,0.492,0.48,494817600.0,0.0,239926900.0
2022-05-16,0.486,0.476,0.487,0.474,528214900.0,0.0,252797900.0
2022-05-17,0.475,0.471,0.476,0.467,597404300.0,,280965459.0
2022-05-18,0.472,0.466,0.474,0.466,504880900.0,,236716911.0
2022-05-19,0.461,0.465,0.466,0.46,514253078.0,,238071597.0
2022-05-20,0.468,0.479,0.481,0.468,697412575.0,,332343905.0
2022-05-23,0.483,0.479,0.484,0.476,527743400.0,,252734945.0
2022-05-24,0.48,0.461,0.48,0.461,826861100.0,,387198586.0
2022-05-25,0.46,0.463,0.465,0.46,566599300.0,0.0374,261757500.0
2022-05-26,0.464,0.458,0.465,0.454,753111300.0,0.0494,344915199.99999994
2022-05-27,0.461,0.462,0.471,0.461,823350200.0,0.0530999999999999,383803400.0
2022-05-30,0.465,0.468,0.47,0.459,614564000.0,0.0401,285692500.0
2022-05-31,0.467,0.478,0.479,0.462,917052100.0,,431896107.0
2022-06-01,0.477,0.476,0.481,0.471,608066934.0,,289779834.0
2022-06-02,0.473,0.469,0.474,0.466,718588600.0,0.0475999999999999,336933300.0
2022-06-06,0.469,0.483,0.483,0.467,1011101450.0,,480975370.0
2022-06-07,0.482,0.49,0.491,0.48,961990000.0,0.063,469111000.0
2022-06-08,0.491,0.498,0.505,0.49,1590991400.0,0.1042,791933600.0
2022-06-09,0.498,0.488,0.501,0.486,879394093.0,,433064423.0
2022-06-10,0.483,0.492,0.493,0.481,956695693.0,,466830538.0
2022-06-13,0.484,0.482,0.486,0.478,898730100.0,0.0566,432111200.0
2022-06-14,0.477,0.484,0.485,0.473,824795049.0,,394731003.0
2022-06-15,0.485,0.492,0.498,0.484,1142042700.0,0.0717,560686400.0
2022-06-16,0.492,0.498,0.504,0.492,937007891.0,,467800122.0
2022-06-17,0.494,0.514,0.515,0.491,1229684500.0,0.0775,617895100.0
2022-06-20,0.515,0.522,0.528,0.514,1245238600.0,0.0784,647478100.0
2022-06-21,0.521,0.517,0.526,0.512,895219500.0,0.0555,464677900.0
2022-06-22,0.517,0.509,0.521,0.508,905059920.0,,465878321.0
2022-06-23,0.51,0.512,0.512,0.502,1113190100.0,0.0684,565168600.0
2022-06-24,0.513,0.525,0.526,0.512,1169984500.0,,609828830.0
2022-06-27,0.527,0.535,0.541,0.527,1075154870.0,,575966714.0
2022-06-28,0.535,0.535,0.536,0.526,1138658400.0,,604529040.0
2022-06-29,0.533,0.533,0.546,0.53,1185170262.0,,639055673.0
2022-06-30,0.533,0.549,0.553,0.533,1170020500.0,0.0691,638921900.0
2022-07-01,0.549,0.546,0.554,0.542,862511200.0,,472069345.0
2022-07-04,0.549,0.572,0.573,0.546,1315901700.0,0.0776,741379500.0
2022-07-05,0.573,0.575,0.579,0.56,1471879500.0,0.0868,837299700.0
2022-07-06,0.572,0.56,0.581,0.556,1297730600.0,0.0749,737539500.0
2022-07-07,0.559,0.551,0.563,0.542,1278955494.0,,703472087.0
2022-07-08,0.552,0.552,0.56,0.55,1003738600.0,0.0557,557020600.0
2022-07-11,0.553,0.546,0.556,0.541,1182894900.0,0.0654,646616500.0
2022-07-12,0.549,0.529,0.552,0.528,1265105100.0,0.0699,678011799.9999999
2022-07-13,0.528,0.53,0.534,0.526,793723700.0,0.0436,420493800.0
2022-07-14,0.53,0.542,0.549,0.529,1034599124.0,,560323671.0
2022-07-15,0.54,0.529,0.545,0.529,850644464.0,,458326821.0
2022-07-18,0.53,0.531,0.532,0.515,969954540.0,,508201266.0
2022-07-19,0.53,0.523,0.533,0.518,1112380400.0,0.0613,582123600.0
2022-07-20,0.527,0.528,0.534,0.524,1009034859.0,,533745576.0
2022-07-21,0.527,0.527,0.532,0.524,1007142800.0,0.0541,531774500.0
2022-07-22,0.529,0.525,0.534,0.521,958254400.0,0.0507,504913400.0
2022-07-25,0.522,0.521,0.524,0.516,846712000.0,0.045,440556000.0
2022-07-26,0.524,0.519,0.527,0.516,973659568.0,,505874037.0
2022-07-27,0.519,0.51,0.519,0.509,1128109700.0,0.06,578494400.0
2022-07-28,0.512,0.506,0.514,0.504,1272248500.0,0.0667,645592300.0
2022-07-29,0.506,0.491,0.507,0.49,1362691000.0,0.0699,677216200.0
2022-08-01,0.489,0.493,0.494,0.484,988883011.0,,485224545.0
2022-08-02,0.489,0.482,0.49,0.479,1029813800.0,0.0524,498350200.0
2022-08-03,0.483,0.485,0.493,0.482,1158396400.0,0.0587,563406500.0
2022-08-04,0.488,0.496,0.497,0.487,1222751900.0,0.062,604252300.0
2022-08-05,0.497,0.509,0.509,0.497,1187735104.0,,598311599.0
2022-08-08,0.51,0.503,0.51,0.5,900701088.0,,454320110.0
2022-08-09,0.501,0.5,0.502,0.495,789075900.0,,392863260.0
2022-08-10,0.498,0.489,0.499,0.487,1036093800.0,0.0506,509434500.0
2022-08-11,0.493,0.505,0.506,0.491,1295392700.0,0.0626,647250600.0
2022-08-12,0.503,0.506,0.508,0.5,850931829.0,,429364765.0
2022-08-15,0.504,0.497,0.505,0.496,974777941.0,,486986085.0
2022-08-16,0.498,0.491,0.499,0.489,1102736700.0,,543408445.0
2022-08-17,0.49,0.495,0.498,0.487,842809263.0,,415120486.0
2022-08-18,0.494,0.485,0.494,0.484,1239249500.0,0.0575,604354400.0
2022-08-19,0.483,0.481,0.483,0.479,1189043400.0,,572163032.0
2022-08-22,0.479,0.484,0.484,0.474,954992300.0,0.043,458817400.0
2022-08-23,0.482,0.477,0.484,0.475,954890300.0,0.0431,455554600.0
2022-08-24,0.476,0.472,0.481,0.471,1013248193.0,,481986562.0
2022-08-25,0.473,0.478,0.478,0.47,992691264.0,,470912713.0
2022-08-26,0.478,0.479,0.485,0.476,956532700.0,0.0426,459876800.0
2022-08-29,0.474,0.473,0.475,0.47,970420700.0,0.0431,458646500.0
2022-08-30,0.472,0.471,0.475,0.467,902017400.0,0.0397,424115200.0
2022-08-31,0.47,0.48,0.485,0.469,1447044000.0,0.0633,690877500.0
2022-09-01,0.479,0.478,0.484,0.477,877107100.0,0.0389,421904000.0
2022-09-02,0.479,0.473,0.484,0.471,1001065500.0,0.0441999999999999,476513100.0
2022-09-05,0.473,0.465,0.476,0.462,1451967800.0,0.0630999999999999,677286600.0
2022-09-06,0.466,0.464,0.466,0.461,902450800.0,0.0381,418405700.0
2022-09-07,0.463,0.463,0.465,0.458,967536700.0,,447081830.0
2022-09-08,0.464,0.461,0.467,0.46,893379864.0,,413897043.0
2022-09-09,0.465,0.475,0.475,0.465,1473898500.0,0.0615,693869000.0
2022-09-13,0.472,0.466,0.474,0.466,1287441076.0,,603416922.0
2022-09-14,0.461,0.464,0.465,0.458,1061602100.0,,490100141.0
2022-09-15,0.466,0.462,0.472,0.459,1258169316.0,,585395135.0
2022-09-16,0.46,0.448,0.462,0.448,1528500419.0,,693752123.0
2022-09-19,0.447,0.441,0.45,0.439,1147215900.0,,508767888.0
2022-09-20,0.443,0.442,0.444,0.437,975948100.0,0.0388,429850800.0
2022-09-21,0.439,0.429,0.44,0.428,1465451126.0,,632146614.0
2022-09-22,0.425,0.421,0.427,0.419,1271817500.0,0.0494,538224900.0
2022-09-23,0.42,0.419,0.423,0.413,1285438200.0,0.0495,538440100.0
2022-09-26,0.415,0.416,0.423,0.415,1081332500.0,0.0417,453668300.0
2022-09-27,0.417,0.439,0.439,0.416,1874221703.0,,801688621.0
2022-09-28,0.435,0.434,0.442,0.433,1310270600.0,0.0518,573770300.0
2022-09-29,0.439,0.444,0.453,0.439,1586255300.0,0.0630999999999999,707438500.0
2022-09-30,0.441,0.442,0.449,0.441,952259800.0,0.0382,423390500.0
2022-10-10,0.444,0.428,0.446,0.427,1044200200.0,0.0419,455728100.0
2022-10-11,0.429,0.426,0.431,0.42,844368572.0,,358450329.0
2022-10-12,0.425,0.429,0.429,0.412,1566156400.0,0.0626999999999999,656405500.0
2022-10-13,0.426,0.438,0.443,0.424,1413348400.0,0.0552,618575600.0
2022-10-14,0.443,0.482,0.482,0.441,3995381100.0,0.1578,1872644400.0
2022-10-17,0.479,0.481,0.49,0.476,2126447200.0,0.0834,1025054700.0
2022-10-18,0.482,0.484,0.488,0.471,1745681626.0,,840684818.0
2022-10-19,0.479,0.474,0.481,0.471,1526612354.0,,724712961.0
2022-10-20,0.47,0.475,0.485,0.468,1447476500.0,0.0552,691237400.0
2022-10-21,0.473,0.473,0.478,0.468,1021112800.0,0.0389,481708300.0
2022-10-24,0.471,0.455,0.473,0.451,1774359926.0,,815723990.0
2022-10-25,0.454,0.444,0.455,0.439,1637619000.0,,729549940.0
2022-10-26,0.446,0.469,0.474,0.445,1973244000.0,0.0728,916520200.0
2022-10-27,0.47,0.46,0.47,0.454,2080500300.0,,955473120.0
2022-10-28,0.453,0.45,0.462,0.447,1596757000.0,0.0576999999999999,726212899.9999999
2022-10-31,0.443,0.446,0.452,0.438,1686362042.0,,749655567.0
2022-11-01,0.448,0.464,0.464,0.441,1976432900.0,0.0701,892051300.0
2022-11-02,0.46,0.471,0.48,0.458,2503302226.0,,1180820789.0
2022-11-03,0.465,0.468,0.472,0.462,1664421100.0,0.06,776047000.0
2022-11-04,0.467,0.478,0.483,0.466,1831273200.0,0.0654,869534299.9999999
2022-11-07,0.476,0.479,0.479,0.472,1545025799.0,,734973734.0
2022-11-08,0.477,0.47,0.478,0.466,1534875700.0,,721717652.0
2022-11-09,0.468,0.467,0.474,0.466,1154933000.0,0.0408,542152700.0
2022-11-10,0.465,0.464,0.47,0.461,1171700100.0,,544868874.0
2022-11-11,0.48,0.467,0.482,0.466,3330788000.0,0.1163,1582463500.0
2022-11-14,0.467,0.479,0.482,0.465,2242952200.0,0.0785,1069334300.0
2022-11-15,0.479,0.482,0.482,0.467,2118239100.0,,1006765789.0
2022-11-16,0.481,0.482,0.493,0.478,2091035981.0,,1015996466.0
2022-11-17,0.479,0.48,0.484,0.473,1543428500.0,0.052,737981700.0
2022-11-18,0.483,0.487,0.491,0.482,1794082664.0,,873328469.0
2022-11-21,0.481,0.482,0.483,0.476,1215101000.0,0.0409,582883000.0
2022-11-22,0.48,0.473,0.487,0.468,1626195500.0,0.0544,774246500.0
2022-11-23,0.471,0.463,0.471,0.459,1594219300.0,0.0533999999999999,738048800.0
2022-11-24,0.464,0.465,0.469,0.462,1140808869.0,,530434073.0
2022-11-25,0.464,0.465,0.466,0.456,1134990600.0,0.0379,524020600.0
2022-11-28,0.454,0.457,0.459,0.45,1555563500.0,0.0521,704947600.0
2022-11-29,0.456,0.468,0.469,0.456,1516953500.0,0.0508,704364700.0
2022-11-30,0.467,0.464,0.468,0.462,1037096716.0,,482236884.0
2022-12-01,0.472,0.473,0.475,0.468,1713889600.0,0.0572,808376400.0
2022-12-02,0.471,0.469,0.474,0.468,1112040300.0,0.0373,523319300.0
2022-12-05,0.473,0.471,0.475,0.468,1765502900.0,0.059,831649800.0
2022-12-06,0.47,0.471,0.477,0.467,1331520806.0,,629369609.0
2022-12-07,0.469,0.471,0.475,0.466,1637489806.0,,770622426.0
2022-12-08,0.471,0.47,0.473,0.468,1047574500.0,0.0342,492362700.0
2022-12-09,0.47,0.47,0.471,0.464,1478262600.0,0.0482,691850900.0
2022-12-12,0.471,0.473,0.478,0.47,1592342300.0,0.0524,754986200.0
2022-12-13,0.474,0.471,0.475,0.466,1314198400.0,0.0432,617121100.0
2022-12-14,0.471,0.47,0.475,0.467,1147905700.0,0.0379,540747700.0
2022-12-15,0.47,0.468,0.474,0.466,1085278189.0,,508542210.0
2022-12-16,0.467,0.47,0.472,0.466,1273232019.0,,597240046.0
2022-12-19,0.471,0.458,0.472,0.457,1399785641.0,,646456107.0
2022-12-20,0.457,0.451,0.46,0.45,1211385644.0,,549295210.0
2022-12-21,0.453,0.452,0.456,0.452,790136400.0,,358477699.0
2022-12-22,0.455,0.46,0.467,0.452,1295016238.0,,596425174.0
2022-12-23,0.457,0.464,0.465,0.456,1030980456.0,,476233523.0
2022-12-26,0.465,0.463,0.467,0.462,658461900.0,,305841179.0
2022-12-27,0.465,0.469,0.47,0.46,1026010010.0,,477364464.0
2022-12-28,0.467,0.469,0.473,0.467,863812880.0,,406509179.0
2022-12-29,0.468,0.476,0.479,0.466,1250772300.0,0.0455999999999999,594019000.0
2022-12-30,0.477,0.478,0.48,0.475,866531600.0,,413988790.0
2023-01-03,0.478,0.477,0.482,0.472,1081325961.0,,515512513.0
2023-01-04,0.476,0.48,0.482,0.476,1055289339.0,,506430262.0
2023-01-05,0.482,0.494,0.498,0.481,1740502785.0,,855433276.0
2023-01-06,0.494,0.491,0.495,0.488,893779122.0,,438587648.0
2023-01-09,0.492,0.495,0.497,0.488,888928386.0,,438343644.0
2023-01-10,0.495,0.502,0.505,0.492,1112442700.0,0.0426,556156800.0
2023-01-11,0.502,0.499,0.507,0.498,928611758.0,,466243647.0
2023-01-12,0.499,0.496,0.503,0.495,842139500.0,,419950477.0
2023-01-13,0.498,0.511,0.511,0.496,1126652130.0,,569112105.0
2023-01-16,0.512,0.531,0.54,0.51,2019770640.0,,1071329053.0
2023-01-17,0.53,0.528,0.533,0.524,952511344.0,,503277545.0
2023-01-18,0.527,0.523,0.528,0.521,818816035.0,,428474381.0
2023-01-19,0.523,0.534,0.539,0.52,1481415514.0,,788319232.0
2023-01-20,0.534,0.532,0.542,0.531,1110845114.0,,594300242.0
2023-01-30,0.539,0.527,0.541,0.526,978178600.0,,519052431.0
2023-01-31,0.526,0.513,0.528,0.512,1296119000.0,0.049,671157700.0
2023-02-01,0.514,0.518,0.519,0.509,1063719708.0,,546566713.0
2023-02-02,0.518,0.52,0.527,0.515,1079924874.0,,563627979.0
2023-02-03,0.516,0.515,0.521,0.51,1315740208.0,,677139779.0
2023-02-06,0.508,0.503,0.51,0.501,1610172000.0,,812947050.0
2023-02-07,0.506,0.504,0.509,0.501,1193531900.0,0.0454,602686900.0
2023-02-08,0.505,0.505,0.511,0.504,840811985.0,,426287628.0
2023-02-09,0.503,0.512,0.512,0.502,1023313900.0,0.0387,520320600.0
2023-02-10,0.51,0.51,0.512,0.505,1035624500.0,0.0389,526668000.0
2023-02-13,0.509,0.514,0.52,0.509,1270488174.0,,653863069.0
2023-02-14,0.514,0.515,0.517,0.511,977541500.0,0.0369,502509500.0
2023-02-15,0.515,0.507,0.517,0.506,966444900.0,0.0362,491893000.0
2023-02-16,0.507,0.505,0.513,0.498,1184205776.0,,599750212.0
2023-02-17,0.502,0.502,0.507,0.5,988537700.0,0.0371,498505800.0
2023-02-20,0.501,0.509,0.511,0.495,1429257800.0,0.0533999999999999,719372500.0
2023-02-21,0.508,0.506,0.509,0.503,950470092.0,,480884476.0
2023-02-22,0.503,0.503,0.507,0.5,728658300.0,0.0269,366546800.0
2023-02-23,0.501,0.498,0.506,0.496,1092661200.0,,546196664.0
2023-02-24,0.499,0.494,0.5,0.492,821101200.0,0.0296,406455500.0
2023-02-27,0.491,0.489,0.493,0.487,816464100.0,,399588387.0
2023-02-28,0.49,0.494,0.496,0.489,996596000.0,0.0356999999999999,490839700.0
2023-03-01,0.494,0.496,0.496,0.489,1361930000.0,0.0486,672259500.0
2023-03-02,0.494,0.491,0.495,0.49,937827200.0,0.0332,461598600.0
2023-03-03,0.492,0.492,0.497,0.489,1104540100.0,0.0388,544358800.0
2023-03-06,0.492,0.49,0.493,0.488,983577600.0,0.0342,482405100.0
2023-03-07,0.489,0.482,0.494,0.481,1549413600.0,0.0537,754795200.0
2023-03-08,0.48,0.48,0.482,0.477,986184216.0,,472794231.0
2023-03-09,0.48,0.48,0.483,0.478,950432500.0,0.0324,456367300.00000006
2023-03-10,0.477,0.48,0.485,0.474,1516078379.0,,725615640.0
2023-03-13,0.478,0.477,0.481,0.476,1136206124.0,,543007336.0
2023-03-14,0.477,0.477,0.483,0.476,1433789700.0,,687034311.0
2023-03-15,0.481,0.475,0.483,0.473,1330037005.0,,636259995.0
2023-03-16,0.473,0.473,0.478,0.471,1148483820.0,,544188975.0
2023-03-17,0.475,0.463,0.476,0.46,2179671262.0,,1016915110.0
2023-03-20,0.461,0.456,0.462,0.453,1452452092.0,,663381658.0
2023-03-21,0.458,0.471,0.472,0.457,1685598570.0,,785859841.0
2023-03-22,0.472,0.472,0.475,0.471,1127834000.0,0.0375999999999999,533593400.0
2023-03-23,0.471,0.472,0.475,0.47,826482700.0,0.0275,390338600.0
2023-03-24,0.473,0.469,0.475,0.468,998156199.0,,470461054.0
2023-03-27,0.469,0.474,0.477,0.463,1352313300.0,0.0443,637719000.0
2023-03-28,0.474,0.475,0.476,0.472,882739400.0,0.0289,418387100.0
2023-03-29,0.475,0.471,0.475,0.47,925746087.0,,437033333.0
2023-03-30,0.471,0.473,0.474,0.468,874859400.0,0.0283999999999999,412464800.00000006
2023-03-31,0.473,0.47,0.475,0.469,846049200.0,0.0275,398601300.0
2023-04-03,0.469,0.466,0.471,0.463,1552738700.0,,723410885.0
2023-04-04,0.465,0.469,0.469,0.463,1591518300.0,0.0503,740985200.0
2023-04-06,0.469,0.472,0.472,0.467,1724163121.0,,810209394.0
2023-04-07,0.471,0.483,0.484,0.47,3050116900.0,0.0929,1465945799.9999998
2023-04-10,0.484,0.487,0.49,0.483,2429310700.0,0.0711,1184198200.0
2023-04-11,0.488,0.485,0.492,0.482,1724137787.0,,838431825.0
2023-04-12,0.485,0.481,0.488,0.479,1442707000.0,0.0403,696017800.0
2023-04-13,0.479,0.489,0.492,0.476,2185947657.0,,1062506469.0
2023-04-14,0.492,0.488,0.498,0.486,2093255300.0,0.0573,1027111500.0
2023-04-17,0.486,0.49,0.492,0.485,1814794800.0,0.0487999999999999,886964200.0
2023-04-18,0.487,0.485,0.488,0.482,1821347909.0,,883259412.0
2023-04-19,0.484,0.481,0.485,0.478,1918209100.0,,921344501.0
2023-04-20,0.48,0.471,0.482,0.47,2207105900.0,0.0567,1047505800.0
2023-04-21,0.47,0.464,0.473,0.463,1686892600.0,0.0424,790061799.9999999
2023-04-24,0.465,0.462,0.47,0.46,1455656100.0,0.0361,676547600.0
2023-04-25,0.463,0.455,0.463,0.45,2690292000.0,0.0661,1220298600.0
2023-04-26,0.452,0.455,0.459,0.451,1393650016.0,,634043460.0
2023-04-27,0.454,0.459,0.462,0.453,1292003600.0,0.0316,590533300.0
2023-04-28,0.461,0.461,0.465,0.457,1294486600.0,0.0318,596244200.0
2023-05-04,0.461,0.462,0.466,0.46,987663600.0,0.0242,456836800.0
2023-05-05,0.463,0.455,0.463,0.454,1237369000.0,0.0302999999999999,565069700.0
2023-05-08,0.459,0.457,0.46,0.453,1538438600.0,0.0375,701610200.0
2023-05-09,0.457,0.453,0.459,0.451,1434872100.0,0.035,652795900.0
2023-05-10,0.452,0.454,0.455,0.448,1830559700.0,0.0443,826925800.0
2023-05-11,0.454,0.452,0.46,0.451,1519467350.0,,691981221.0
2023-05-12,0.451,0.449,0.455,0.448,1054320000.0,,475265753.0
2023-05-15,0.449,0.459,0.459,0.447,1305077830.0,,591483266.0
2023-05-16,0.461,0.463,0.464,0.459,1356566961.0,,626900533.0
2023-05-17,0.463,0.459,0.463,0.457,960731208.0,,441219829.0
2023-05-18,0.459,0.455,0.461,0.453,923710750.0,,421510997.0
2023-05-19,0.454,0.459,0.462,0.452,1178858500.0,,539500809.0
2023-05-22,0.459,0.462,0.466,0.459,1623913800.0,0.0398,751418500.0
2023-05-23,0.463,0.462,0.468,0.461,1241469200.0,0.0302,577083500.0
2023-05-24,0.461,0.455,0.461,0.454,1117274800.0,0.0273,509887700.0
2023-05-25,0.454,0.452,0.455,0.449,1106322800.0,0.0269,499843900.0
2023-05-26,0.452,0.453,0.456,0.452,989984100.0,0.024,449358900.0
2023-05-29,0.454,0.452,0.457,0.448,1094089600.0,0.0264,494161900.0
2023-05-30,0.451,0.447,0.453,0.439,1550823400.0,0.0374,691284000.0
2023-05-31,0.445,0.437,0.447,0.436,1629550300.0,0.0389,717101500.0
2023-06-01,0.437,0.441,0.445,0.436,1279283200.0,,564218522.0
2023-06-02,0.441,0.443,0.445,0.439,1140257154.0,,504448436.0
2023-06-05,0.443,0.44,0.445,0.438,843225140.0,,371533981.0
2023-06-06,0.441,0.433,0.441,0.432,1167676200.0,0.0274,509330800.0
2023-06-07,0.434,0.426,0.435,0.423,1392613128.0,,596972896.0
2023-06-08,0.425,0.423,0.426,0.421,1364528903.0,,577484563.0
2023-06-09,0.424,0.428,0.429,0.423,1132777929.0,,483632311.0
2023-06-12,0.427,0.428,0.43,0.423,984933500.0,0.0227999999999999,419659500.0
2023-06-13,0.428,0.429,0.432,0.426,878745400.0,,376565055.0
2023-06-14,0.43,0.431,0.435,0.428,1218737700.0,0.0281,526591400.0
2023-06-15,0.432,0.441,0.441,0.431,1391320400.0,0.0323,607039600.0
2023-06-16,0.441,0.443,0.446,0.44,1015167899.0,,449571018.0
2023-06-19,0.442,0.438,0.443,0.437,807454101.0,,355021962.0
2023-06-20,0.439,0.436,0.441,0.435,1014947498.0,,443941919.0
2023-06-21,0.434,0.425,0.435,0.423,1502619670.0,,643314736.0
2023-06-26,0.422,0.423,0.424,0.419,1219999800.0,0.0282,514348600.0
2023-06-27,0.424,0.424,0.428,0.422,1189914500.0,0.0274,504581200.0
2023-06-28,0.424,0.421,0.425,0.42,810936100.0,0.0186,342121300.0
2023-06-29,0.421,0.421,0.424,0.419,1047318600.0,0.0239,441497800.0
2023-06-30,0.421,0.425,0.428,0.42,1267857000.0,0.0289,539159100.0
2023-07-03,0.426,0.429,0.429,0.424,1126813500.0,,480890369.0
2023-07-04,0.428,0.432,0.435,0.423,1699731842.0,,728651074.0
2023-07-05,0.431,0.428,0.432,0.428,858569700.0,,368859120.0
2023-07-06,0.428,0.422,0.428,0.421,1252863300.0,0.0283,530804200.0
2023-07-07,0.421,0.421,0.424,0.42,1095734900.0,0.0246,462194900.0
2023-07-10,0.423,0.423,0.429,0.422,1255019600.0,0.0279999999999999,533833100.0
2023-07-11,0.425,0.427,0.427,0.422,982024100.0,,417736447.0
2023-07-12,0.427,0.425,0.428,0.424,790935200.0,,337211177.0
2023-07-13,0.426,0.433,0.434,0.425,1562544600.0,0.0349,673289400.0
2023-07-14,0.433,0.431,0.434,0.43,828285188.0,,357687760.0
2023-07-17,0.43,0.427,0.431,0.426,788310600.0,0.0177,336634400.0
2023-07-18,0.428,0.43,0.43,0.426,789969500.0,0.0177,338047000.0
2023-07-19,0.429,0.426,0.43,0.425,892966200.0,0.0199,381357400.0
2023-07-20,0.428,0.424,0.431,0.424,784815244.0,,335651384.0
2023-07-21,0.425,0.429,0.434,0.424,1471256182.0,,631638161.0
2023-07-24,0.428,0.431,0.436,0.428,1167065900.0,0.0262,503853600.0
2023-07-25,0.434,0.436,0.436,0.431,1471931086.0,,638827199.0
2023-07-26,0.435,0.44,0.442,0.434,1468396085.0,,645188414.0
2023-07-27,0.44,0.441,0.444,0.439,1363932498.0,,601562918.0
2023-07-28,0.44,0.448,0.449,0.438,1522803200.0,0.0347,676052899.9999999
2023-07-31,0.45,0.437,0.451,0.434,2837504100.0,,1252930388.0
2023-08-01,0.436,0.435,0.442,0.433,2032162240.0,,888343972.0
2023-08-02,0.434,0.428,0.435,0.428,2052002000.0,0.0458999999999999,883033900.0
2023-08-03,0.427,0.434,0.435,0.426,1698164200.0,0.0374,732194800.0
2023-08-04,0.436,0.431,0.438,0.431,1634140700.0,0.036,708318400.0
2023-08-07,0.429,0.418,0.43,0.416,3890578820.0,,1634645965.0
2023-08-08,0.416,0.42,0.423,0.415,2144842100.0,0.0453,898965200.0
2023-08-09,0.419,0.426,0.429,0.418,2396045900.0,0.0507,1017337500.0
2023-08-10,0.425,0.427,0.427,0.422,1214594200.0,0.0260999999999999,515373700.0
2023-08-11,0.427,0.421,0.429,0.42,1360077800.0,0.0294,577227400.0
2023-08-14,0.418,0.423,0.423,0.417,1474973500.0,0.0317,618965800.0
2023-08-15,0.422,0.419,0.423,0.416,1413204730.0,,591771410.0
2023-08-16,0.419,0.42,0.425,0.418,1419900925.0,,599709767.0
2023-08-17,0.419,0.422,0.423,0.417,1273363597.0,,534874826.0
2023-08-18,0.422,0.416,0.423,0.415,1427104100.0,0.03,596591000.0
2023-08-21,0.413,0.412,0.417,0.409,1612151910.0,,664878595.0
2023-08-22,0.412,0.41,0.414,0.402,2003545228.0,,814562596.0
2023-08-23,0.408,0.402,0.409,0.401,1230974867.0,,498915916.0
2023-08-24,0.403,0.412,0.414,0.402,1757912087.0,,718351611.0
2023-08-25,0.41,0.409,0.414,0.407,1225371800.0,0.0253,502984300.0
2023-08-28,0.433,0.415,0.435,0.413,2215010233.0,,933473180.0
2023-08-29,0.414,0.421,0.423,0.413,1504455352.0,,630939674.0
2023-08-30,0.422,0.421,0.423,0.418,1418783100.0,0.0292,596084800.0
2023-08-31,0.419,0.419,0.42,0.416,1017479500.0,0.0208,425379300.0
2023-09-01,0.419,0.416,0.42,0.414,1143120639.0,,475232555.0
2023-09-04,0.417,0.42,0.422,0.416,1162435100.0,0.0237999999999999,486984400.0
2023-09-05,0.419,0.418,0.42,0.417,797352014.0,,333594387.0
2023-09-06,0.417,0.412,0.418,0.411,1277508700.0,0.0260999999999999,527611700.0
2023-09-07,0.412,0.405,0.412,0.405,1211162900.0,0.0246,493756400.0
2023-09-08,0.404,0.405,0.408,0.404,1100013600.0,0.0222,445879000.0
2023-09-11,0.406,0.415,0.416,0.405,2105822500.0,0.0425,869251000.0
2023-09-12,0.414,0.413,0.416,0.412,840922900.0,0.0171,348086700.0
2023-09-13,0.413,0.411,0.415,0.407,1176953108.0,,482611116.0
2023-09-14,0.41,0.411,0.412,0.407,932599415.0,,382232881.0
2023-09-15,0.412,0.417,0.421,0.41,2165032600.0,0.0435,902161000.0
2023-09-18,0.417,0.423,0.425,0.417,1746455933.0,,736680910.0
2023-09-19,0.423,0.421,0.424,0.418,917406875.0,,385973584.0
2023-09-20,0.421,0.419,0.421,0.418,873079231.0,,366168673.0
2023-09-21,0.418,0.415,0.419,0.414,868697000.0,,361067343.0
2023-09-22,0.414,0.419,0.42,0.41,1111046200.0,0.0226,461503600.0
2023-09-25,0.419,0.425,0.427,0.418,1803963023.0,,764161181.0
2023-09-26,0.425,0.423,0.426,0.422,692219800.0,0.0143,293472400.0
2023-09-27,0.423,0.432,0.433,0.423,1715837356.0,,737107995.0
2023-09-28,0.432,0.428,0.434,0.427,1015768700.0,0.0212,436113800.0
2023-10-09,0.428,0.433,0.434,0.423,1334530600.0,0.0278,572602300.0
2023-10-10,0.433,0.426,0.433,0.425,950871900.0,,407188995.0
2023-10-11,0.427,0.435,0.44,0.427,2083577900.0,0.0435,908357600.0
2023-10-12,0.439,0.437,0.44,0.434,1201234800.0,0.0255,525375400.0
2023-10-13,0.434,0.435,0.439,0.433,1069677800.0,0.0227,466034800.00000006
2023-10-16,0.437,0.428,0.439,0.427,1489513700.0,0.0316,643252900.0
2023-10-17,0.43,0.427,0.431,0.422,1276336500.0,0.0271,542432200.0
2023-10-18,0.426,0.42,0.426,0.42,1328964500.0,0.0282,560710600.0
2023-10-19,0.418,0.415,0.42,0.413,1409301400.0,0.0296,586598400.0
2023-10-20,0.412,0.408,0.413,0.406,1726256437.0,,705385647.0
2023-10-23,0.406,0.409,0.411,0.403,1369077000.0,0.0283,556872700.0
2023-10-24,0.409,0.411,0.413,0.405,1647303672.0,,673869666.0
2023-10-25,0.414,0.408,0.415,0.406,1923491336.0,,790026257.0
2023-10-26,0.406,0.412,0.412,0.405,1498377900.0,0.0302999999999999,613053300.0
2023-10-27,0.41,0.426,0.429,0.408,2812486200.0,0.0567999999999999,1181511100.0
2023-10-30,0.425,0.438,0.439,0.425,2887101852.0,,1257793370.0
2023-10-31,0.437,0.438,0.439,0.433,1508391400.0,0.0314,658237200.0
2023-11-01,0.438,0.435,0.439,0.43,1338377899.0,,581212893.0
2023-11-02,0.436,0.433,0.44,0.433,1091717800.0,0.0226,476159800.00000006
2023-11-03,0.434,0.435,0.439,0.432,1265122263.0,,551466307.0
2023-11-06,0.439,0.445,0.447,0.438,1925893787.0,,853709486.0
2023-11-07,0.444,0.442,0.446,0.442,1155266228.0,,512605106.0
2023-11-08,0.442,0.445,0.45,0.44,1524309400.0,0.0318,679805900.0
2023-11-09,0.444,0.441,0.448,0.439,1162734402.0,,514731093.0
2023-11-10,0.439,0.44,0.443,0.436,1009128345.0,,443504817.0
2023-11-13,0.442,0.435,0.443,0.433,1180503853.0,,514609815.0
2023-11-14,0.436,0.435,0.439,0.433,926143500.0,0.0195,403308000.0
2023-11-15,0.44,0.44,0.442,0.437,1547621100.0,0.0325,679317300.0
2023-11-16,0.438,0.432,0.441,0.432,1175341500.0,0.0245,511082800.0
2023-11-17,0.432,0.435,0.435,0.43,997860640.0,,431460157.0
2023-11-20,0.436,0.439,0.441,0.433,1229099800.0,0.0255,537594900.0
2023-11-21,0.44,0.439,0.443,0.438,1168558900.0,0.0242,515095800.0
2023-11-22,0.439,0.433,0.439,0.432,1162272900.0,0.0241,505974000.0
2023-11-23,0.433,0.435,0.435,0.431,958087200.0,0.0197999999999999,415057200.0
2023-11-24,0.435,0.434,0.437,0.432,1003216822.0,,435685722.0
2023-11-27,0.434,0.43,0.434,0.427,1228152345.0,,527429939.0
2023-11-28,0.43,0.436,0.437,0.428,1134719121.0,,492839285.0
2023-11-29,0.436,0.434,0.438,0.432,992238200.0,0.0207,431855800.0
2023-11-30,0.434,0.436,0.438,0.432,1087419900.0,0.0227,473956300.0
2023-12-01,0.436,0.434,0.439,0.428,1514562200.0,0.0316,655733000.0
2023-12-04,0.434,0.422,0.434,0.422,1626010000.0,0.0338,691932000.0
2023-12-05,0.421,0.416,0.423,0.415,1578824200.0,0.0327,662113300.0
2023-12-06,0.415,0.417,0.421,0.413,2085743100.0,0.0434,866181300.0
2023-12-07,0.416,0.412,0.416,0.41,1178759458.0,,485907034.0
2023-12-08,0.412,0.416,0.418,0.41,1170022860.0,,484960167.0
2023-12-11,0.415,0.419,0.422,0.411,1286094043.0,,534142254.0
2023-12-12,0.419,0.417,0.42,0.415,855496500.0,0.0179,356554200.0
2023-12-13,0.417,0.413,0.418,0.413,1055534600.0,0.0220999999999999,438383600.0
2023-12-14,0.415,0.412,0.419,0.411,1076121100.0,0.0224,446238600.0
2023-12-15,0.413,0.407,0.415,0.405,1967557400.0,0.0409,806295600.0
2023-12-18,0.406,0.407,0.412,0.403,1692941400.0,0.0345,689692300.0
2023-12-19,0.407,0.403,0.407,0.401,1507241040.0,,607038076.0
2023-12-20,0.404,0.401,0.408,0.4,1071015000.0,,432502430.0
2023-12-21,0.399,0.405,0.406,0.398,1324507900.0,0.0269,533664300.0
2023-12-22,0.405,0.403,0.406,0.4,1381489500.0,0.0281,556362200.0
2023-12-25,0.402,0.404,0.406,0.401,908903000.0,0.0184,366445800.0
2023-12-26,0.404,0.401,0.404,0.398,1034961800.0,0.021,413927300.00000006
2023-12-27,0.401,0.403,0.403,0.398,1194003200.0,0.0242,478026000.0
2023-12-28,0.402,0.41,0.411,0.4,2077422580.0,,844189990.0
2023-12-29,0.409,0.411,0.414,0.409,1220266998.0,,501947848.0
2024-01-02,0.412,0.407,0.412,0.405,1038418706.0,,422977805.0
2024-01-03,0.406,0.405,0.41,0.404,1257883300.0,,510936988.0
2024-01-04,0.405,0.401,0.405,0.397,1586526995.0,,634685633.0
2024-01-05,0.4,0.393,0.401,0.392,1823996100.0,0.0364,722718500.0
2024-01-08,0.392,0.389,0.394,0.388,1215797106.0,,475710969.0
2024-01-09,0.389,0.39,0.393,0.387,1417086248.0,,552313988.0
2024-01-10,0.389,0.386,0.392,0.385,1307797500.0,0.026,507626300.0
2024-01-11,0.39,0.39,0.393,0.385,1334478680.0,,519625678.0
2024-01-12,0.388,0.384,0.391,0.384,1356483842.0,,525158566.0
2024-01-15,0.382,0.385,0.389,0.381,1124512460.0,,433429225.0
2024-01-16,0.384,0.385,0.385,0.379,1434523589.0,,548285796.0
2024-01-17,0.383,0.376,0.385,0.375,1393236454.0,,528978885.0
2024-01-18,0.374,0.381,0.382,0.368,1968467800.0,0.0389,734971700.0
2024-01-19,0.379,0.381,0.384,0.378,1267434000.0,0.0253,483697600.0
2024-01-22,0.381,0.374,0.383,0.371,1486245433.0,,561569221.0
2024-01-23,0.372,0.375,0.378,0.371,1371706900.0,0.0276,513648800.0
2024-01-24,0.377,0.379,0.379,0.368,1370898142.0,,512484701.0
2024-01-25,0.378,0.382,0.383,0.375,1801615300.0,0.0364,683968200.0000001
2024-01-26,0.38,0.371,0.383,0.368,2265563618.0,,854191347.0
2024-01-29,0.371,0.36,0.373,0.36,1979795400.0,0.0393,724123500.0
2024-01-30,0.358,0.353,0.36,0.352,1804532000.0,0.0356,642165400.0
2024-01-31,0.349,0.341,0.35,0.341,1880017600.0,0.0373,647020300.0
2024-02-01,0.339,0.344,0.349,0.338,1758600500.0,0.0348,604731000.0
2024-02-02,0.345,0.334,0.347,0.325,2032508100.0,0.0405,683222200.0
2024-02-05,0.329,0.34,0.347,0.326,2369760100.0,0.0471,794988300.0
2024-02-06,0.338,0.363,0.364,0.337,2471860600.0,0.0499,877298000.0
2024-02-07,0.364,0.372,0.372,0.362,1558447274.0,,574195130.0
2024-02-08,0.372,0.368,0.375,0.365,1216480912.0,,447741807.0
2024-02-19,0.369,0.369,0.37,0.364,1369413200.0,0.0278,502064100.00000006
2024-02-20,0.368,0.371,0.373,0.366,913548479.0,,338176847.0
2024-02-21,0.369,0.375,0.379,0.368,1398584200.0,0.0287,523895300.0
2024-02-22,0.374,0.376,0.376,0.372,882485500.0,0.0182,329659100.00000006
2024-02-23,0.375,0.375,0.376,0.37,943942300.0,0.0195,352364800.00000006
2024-02-26,0.374,0.374,0.377,0.37,1032986700.0,0.0213,386114900.0
2024-02-27,0.373,0.378,0.378,0.371,1217142495.0,,454986514.0
2024-02-28,0.378,0.372,0.385,0.372,2031684000.0,0.0419,771042100.0000001
2024-02-29,0.371,0.379,0.379,0.37,1271145475.0,,476893790.0
2024-03-01,0.378,0.378,0.379,0.374,958060100.0,0.0199,361206600.00000006
2024-03-04,0.378,0.387,0.39,0.377,1676834513.0,,645098499.0
2024-03-05,0.384,0.386,0.387,0.382,1197683700.0,0.0250999999999999,461031500.0
2024-03-06,0.385,0.384,0.387,0.381,805004288.0,,309101605.0
2024-03-07,0.379,0.369,0.38,0.369,1639162000.0,0.0346,613482100.0
2024-03-08,0.369,0.37,0.374,0.367,1031149029.0,,381525245.0
2024-03-11,0.37,0.38,0.38,0.369,1530594503.0,,574308503.0
2024-03-12,0.381,0.389,0.39,0.381,1788929865.0,,691937198.0
2024-03-13,0.389,0.385,0.389,0.383,1193926800.0,,460253968.0
2024-03-14,0.397,0.387,0.399,0.383,1662124415.0,,650458449.0
2024-03-15,0.384,0.384,0.39,0.38,986604893.0,,378689882.0
2024-03-18,0.383,0.386,0.386,0.378,1151293596.0,,439955124.0
2024-03-19,0.384,0.381,0.385,0.38,1125575493.0,,430080035.0
2024-03-20,0.38,0.379,0.381,0.376,1092254300.0,0.023,413130600.0
2024-03-21,0.379,0.376,0.38,0.375,938652500.0,0.0197,353948800.0
2024-03-22,0.375,0.371,0.375,0.368,1341297920.0,,496901073.0
2024-03-25,0.371,0.369,0.375,0.368,845807847.0,,314117651.0
2024-03-26,0.368,0.367,0.369,0.365,1004518098.0,,368101070.0
2024-03-27,0.367,0.363,0.369,0.363,879169200.0,0.0185,321665900.0
2024-03-28,0.363,0.365,0.368,0.361,951649833.0,,346680568.0
2024-03-29,0.363,0.363,0.365,0.36,829786600.0,0.0174,300226300.0
2024-04-01,0.363,0.369,0.369,0.362,1055754713.0,,386854380.0
2024-04-02,0.368,0.363,0.368,0.362,1094969204.0,,398088614.0
2024-04-03,0.362,0.361,0.365,0.36,1187526700.0,0.0246,429563000.0
2024-04-08,0.359,0.354,0.359,0.354,1049672500.0,0.0217,373865100.0
2024-04-09,0.356,0.361,0.361,0.352,1268463700.0,0.0263,452699300.0
2024-04-10,0.359,0.355,0.36,0.354,875849538.0,,312422050.0
2024-04-11,0.353,0.353,0.356,0.351,1248938500.0,0.026,441196800.0
2024-04-12,0.352,0.348,0.355,0.348,877523400.0,0.0182,307647100.0
2024-04-15,0.348,0.352,0.356,0.348,1139566800.0,0.0235,401416200.0
2024-04-16,0.35,0.348,0.352,0.347,993026900.0,0.0206,346662900.0
2024-04-17,0.348,0.354,0.354,0.346,1445503944.0,,507639734.0
2024-04-18,0.353,0.35,0.356,0.35,1175534279.0,,414904496.0
2024-04-19,0.349,0.347,0.349,0.344,1010088500.0,0.0209,350270400.0
2024-04-22,0.347,0.349,0.352,0.347,767671572.0,,268074032.0
2024-04-23,0.348,0.353,0.354,0.345,1592988200.0,0.033,557345700.0
2024-04-24,0.352,0.351,0.352,0.349,975721700.0,0.0202,341665800.0
2024-04-25,0.349,0.351,0.355,0.348,996972147.0,,350336873.0
2024-04-26,0.35,0.359,0.36,0.35,1630733467.0,,580327259.0
2024-04-29,0.359,0.369,0.372,0.359,2070551600.0,0.0426,759889000.0
2024-04-30,0.368,0.368,0.371,0.366,1194196800.0,0.0246,439912200.0
2024-05-06,0.372,0.377,0.379,0.371,1536747830.0,,577464191.0
2024-05-07,0.378,0.377,0.378,0.375,902684100.0,,340138560.0
2024-05-08,0.376,0.372,0.377,0.371,1005744400.0,0.0208,375080200.0
2024-05-09,0.371,0.373,0.375,0.37,1105173600.0,0.023,412058700.0
2024-05-10,0.374,0.371,0.375,0.369,816178988.0,,303141670.0
2024-05-13,0.374,0.371,0.375,0.369,993469000.0,0.0206,369608700.0
2024-05-14,0.371,0.376,0.378,0.37,1300331500.0,0.0269,488195700.0
2024-05-15,0.375,0.37,0.375,0.369,855679800.0,0.0179,317961400.0
2024-05-16,0.371,0.369,0.372,0.367,1115178000.0,0.0233,412784200.0
2024-05-17,0.37,0.369,0.372,0.365,1361322900.0,0.0286,500202400.0
2024-05-20,0.368,0.369,0.37,0.366,1169966400.0,0.0247,430609900.0
2024-05-21,0.368,0.365,0.368,0.363,827977600.0,0.0173,302593900.0
2024-05-22,0.365,0.364,0.366,0.362,968879600.0,,352156279.0
2024-05-23,0.363,0.359,0.364,0.359,974457100.0,0.0200999999999999,351369400.0
2024-05-24,0.359,0.355,0.361,0.355,1262486103.0,,450901169.0
2024-05-27,0.355,0.357,0.358,0.352,920094687.0,,326533534.0
2024-05-28,0.356,0.355,0.358,0.353,824425100.0,,293121810.0
2024-05-29,0.355,0.355,0.357,0.353,711146673.0,,252483399.0
2024-05-30,0.355,0.353,0.356,0.351,809086972.0,,285832278.0
2024-05-31,0.355,0.352,0.357,0.351,843108300.0,0.0172,298235900.0
2024-06-03,0.351,0.35,0.353,0.348,1047899500.0,,366759737.0
2024-06-04,0.349,0.357,0.357,0.349,1285806120.0,,455239996.0
2024-06-05,0.356,0.357,0.36,0.355,960431200.0,,343643475.0
2024-06-06,0.358,0.353,0.358,0.353,939980100.0,0.0191,333926500.0
2024-06-07,0.355,0.352,0.356,0.35,898539020.0,,316831868.0
2024-06-11,0.351,0.353,0.354,0.348,944100700.0,0.0192,331226000.0
2024-06-12,0.353,0.354,0.356,0.35,1185091700.0,0.024,418312500.0
2024-06-13,0.354,0.349,0.354,0.348,1117636300.0,0.0225,391486400.0
2024-06-14,0.348,0.347,0.349,0.342,1516238600.0,0.0302,523198300.0
2024-06-17,0.345,0.347,0.348,0.344,731171500.0,0.0144,253092700.0
2024-06-18,0.347,0.343,0.348,0.343,1065755100.0,0.0210999999999999,367585400.0
2024-06-19,0.344,0.341,0.345,0.34,851960500.0,0.0168,291295600.0
2024-06-20,0.341,0.336,0.343,0.335,1202789000.0,0.0237,406954200.0
2024-06-21,0.335,0.334,0.336,0.331,1074249690.0,,358354383.0
2024-06-24,0.333,0.331,0.335,0.33,1216124291.0,,404490135.0
2024-06-25,0.332,0.329,0.333,0.328,1092393600.0,0.0212,361066400.0
2024-06-26,0.33,0.334,0.335,0.328,1128529000.0,,374080937.0
2024-06-27,0.334,0.329,0.334,0.328,965590900.0,,318665347.0
2024-06-28,0.328,0.326,0.331,0.325,1298583300.0,0.025,426227100.0
2024-07-01,0.326,0.327,0.328,0.322,1058936200.0,0.0202,343825199.99999994
2024-07-02,0.326,0.323,0.327,0.322,1219735700.0,,395336230.0
2024-07-03,0.323,0.322,0.326,0.32,1044299200.0,0.0199,336889000.0
2024-07-04,0.322,0.317,0.323,0.317,1388623400.0,0.0264,442907300.00000006
2024-07-05,0.316,0.325,0.326,0.315,1564374000.0,0.0297,500866200.0
2024-07-08,0.324,0.317,0.324,0.316,1194016700.0,0.0227999999999999,381505900.0
2024-07-09,0.317,0.319,0.32,0.313,1202973400.0,,380443408.0
2024-07-10,0.318,0.319,0.323,0.317,1146662200.0,0.0218,367167900.0
2024-07-11,0.323,0.329,0.33,0.321,1597924000.0,0.0302,521634400.0
2024-07-12,0.329,0.329,0.331,0.326,1040547900.0,0.0197999999999999,341394100.00000006
2024-07-15,0.327,0.326,0.329,0.324,755729100.0,0.0144,246418500.0
2024-07-16,0.325,0.327,0.328,0.324,739948900.0,0.0141,241533800.0
2024-07-17,0.327,0.335,0.336,0.326,1737370800.0,0.033,577146600.0
2024-07-18,0.334,0.338,0.339,0.333,1213916744.0,,408321076.0
2024-07-19,0.337,0.341,0.341,0.336,1054832040.0,,357659277.0
2024-07-22,0.341,0.342,0.345,0.339,1095161330.0,,374814850.0
2024-07-23,0.342,0.332,0.342,0.332,1208798600.0,0.0237,406060600.0
2024-07-24,0.331,0.328,0.335,0.328,1008291100.0,0.0197,333326000.0
2024-07-25,0.326,0.328,0.33,0.325,867008100.0,,284505533.0
2024-07-26,0.328,0.328,0.329,0.324,1079553665.0,,353103327.0
2024-07-29,0.328,0.322,0.328,0.321,1002509300.0,0.0195,324823300.0
2024-07-30,0.322,0.32,0.324,0.318,1181623900.0,0.0227999999999999,378561400.0
2024-07-31,0.319,0.334,0.335,0.319,1836848400.0,0.0352,604300700.0
2024-08-01,0.335,0.332,0.337,0.33,1107390400.0,0.0214,368940900.0
2024-08-02,0.331,0.334,0.341,0.33,1506395400.0,0.0291,507349400.0
2024-08-05,0.333,0.334,0.342,0.333,1506840800.0,0.0291,507945300.0
2024-08-06,0.335,0.338,0.34,0.334,1195525900.0,0.0231,402869400.0
2024-08-07,0.338,0.336,0.338,0.334,1087745977.0,,365631519.0
2024-08-08,0.335,0.338,0.341,0.334,1205206700.0,,406784285.0
2024-08-09,0.338,0.331,0.34,0.331,1129605400.0,0.0217,377566200.0
2024-08-12,0.331,0.336,0.338,0.33,1047416000.0,0.0200999999999999,350679500.0
2024-08-13,0.335,0.332,0.336,0.329,1118620300.0,0.0216,370490700.0
2024-08-14,0.332,0.328,0.332,0.326,806781600.0,0.0155,264584600.0
2024-08-15,0.327,0.329,0.332,0.326,1004128800.0,0.0192999999999999,330342699.99999994
2024-08-16,0.329,0.329,0.33,0.325,802678700.0,0.0154,263386600.0
2024-08-19,0.33,0.326,0.333,0.325,785335800.0,0.015,257941400.0
2024-08-20,0.326,0.322,0.327,0.321,824090000.0,0.0157,266267300.0
2024-08-21,0.322,0.32,0.324,0.32,606461200.0,0.0115,195138100.0
2024-08-22,0.321,0.318,0.323,0.318,895000800.0,0.017,285888100.0
2024-08-23,0.317,0.317,0.32,0.316,717332200.0,,227720525.0
2024-08-26,0.318,0.315,0.319,0.313,960875550.0,,302706250.0
2024-08-27,0.314,0.315,0.316,0.313,686973100.0,,215977870.0
2024-08-28,0.314,0.314,0.316,0.312,780683800.0,,244437449.0
2024-08-29,0.313,0.317,0.319,0.312,960362000.0,0.0181,303484900.0
2024-08-30,0.319,0.323,0.326,0.317,1301131000.0,0.0245,419552500.0
2024-09-02,0.322,0.316,0.322,0.316,965774000.0,0.0183,307409300.0
2024-09-03,0.315,0.32,0.323,0.315,909393100.0,,290846789.0
2024-09-04,0.318,0.319,0.323,0.317,907681200.0,0.0172,290503900.0
2024-09-05,0.319,0.322,0.323,0.319,832238600.0,0.0157,267276100.0
2024-09-06,0.321,0.316,0.322,0.315,881032900.0,,280321965.0
2024-09-09,0.316,0.316,0.32,0.314,1038974700.0,,329749629.0
2024-09-10,0.316,0.314,0.317,0.311,958880100.0,,299956900.0
2024-09-11,0.313,0.315,0.317,0.311,872274120.0,,274327530.0
2024-09-12,0.315,0.311,0.318,0.311,1087466720.0,,341591728.0
2024-09-13,0.311,0.31,0.313,0.309,900595720.0,,280183505.0
2024-09-18,0.31,0.309,0.311,0.307,803857700.0,0.0149,248319400.0
2024-09-19,0.31,0.312,0.315,0.306,1091665800.0,,339625059.0
2024-09-20,0.312,0.308,0.313,0.306,1219253600.0,0.0226,376051400.0
2024-09-23,0.311,0.307,0.314,0.307,1106400600.0,0.0204,342997300.00000006
2024-09-24,0.309,0.317,0.318,0.306,2197264000.0,0.0406,688053000.0
2024-09-25,0.32,0.322,0.328,0.32,2613840900.0,0.0482,848205100.0
2024-09-26,0.321,0.335,0.336,0.318,2871561800.0,0.0533999999999999,939091300.0
2024-09-27,0.341,0.363,0.365,0.341,3086399232.0,,1083558385.0
2024-09-30,0.381,0.399,0.399,0.373,5724801500.0,0.1073,2232110900.0
2024-10-08,0.439,0.439,0.439,0.41,8573830700.0,0.1588,3717311500.0
2024-10-09,0.425,0.4,0.431,0.398,4858249000.0,0.0886999999999999,2012542700.0
2024-10-10,0.403,0.4,0.414,0.392,3158246621.0,,1272589094.0
2024-10-11,0.396,0.379,0.397,0.374,3707639570.0,,1420051725.0
2024-10-14,0.38,0.382,0.383,0.372,2466332050.0,,931729399.0
2024-10-15,0.381,0.37,0.383,0.369,2166999500.0,0.0393,816062100.0000001
2024-10-16,0.365,0.363,0.368,0.36,2236734600.0,0.0405,814427300.0
2024-10-17,0.365,0.36,0.368,0.359,1622234800.0,0.0294,590487100.0
2024-10-18,0.359,0.376,0.385,0.357,4026019263.0,,1491388973.0
2024-10-21,0.376,0.377,0.382,0.369,3755546400.0,0.0667,1410582000.0
2024-10-22,0.375,0.381,0.384,0.374,2406462600.0,0.0419,914109300.0
2024-10-23,0.382,0.382,0.384,0.377,3179992352.0,,1210404814.0
2024-10-24,0.381,0.376,0.382,0.375,2154574390.0,,814119510.0
2024-10-25,0.375,0.382,0.384,0.371,3142318600.0,0.0530999999999999,1189904900.0
2024-10-28,0.382,0.385,0.386,0.378,2727498700.0,0.046,1043841300.0
2024-10-29,0.387,0.378,0.389,0.377,2835033900.0,,1082371593.0
2024-10-30,0.375,0.373,0.38,0.37,2068320640.0,,773545456.0
2024-10-31,0.372,0.37,0.375,0.368,2303368400.0,,853419712.0
2024-11-01,0.369,0.371,0.376,0.368,2107225900.0,0.0348,783833300.0
2024-11-04,0.372,0.375,0.375,0.371,1500105500.0,0.0249,559231300.0
2024-11-05,0.374,0.383,0.384,0.371,3474104416.0,,1318937083.0
2024-11-06,0.384,0.382,0.39,0.38,3288340000.0,,1266101438.0
2024-11-07,0.38,0.397,0.398,0.379,4492358411.0,,1752097141.0
2024-11-08,0.402,0.394,0.405,0.392,3506371300.0,0.0583,1393852100.0
2024-11-11,0.39,0.397,0.398,0.387,3194131200.0,0.0523,1253559800.0
2024-11-12,0.398,0.402,0.412,0.397,5308163200.0,0.0858,2151395500.0
2024-11-13,0.4,0.399,0.404,0.394,2740411865.0,,1090574864.0
2024-11-14,0.398,0.387,0.398,0.387,2510086300.0,0.0406,985817000.0
2024-11-15,0.386,0.38,0.389,0.38,2357249160.0,,905870065.0
2024-11-18,0.38,0.375,0.383,0.373,2324449700.0,0.0373,880041400.0
2024-11-19,0.377,0.379,0.38,0.371,1792771300.0,0.0288,673979600.0000001
2024-11-20,0.378,0.387,0.39,0.377,3138550100.0,0.0504999999999999,1209708900.0
2024-11-21,0.387,0.385,0.387,0.382,1779655800.0,0.0285,684323700.0
2024-11-22,0.384,0.371,0.385,0.37,2320536439.0,,874877092.0
2024-11-25,0.371,0.368,0.374,0.365,1897687890.0,,701230546.0
2024-11-26,0.368,0.37,0.375,0.367,1885617000.0,0.0299,700688000.0
2024-11-27,0.369,0.376,0.377,0.368,1763743221.0,,657536314.0
2024-11-28,0.376,0.373,0.377,0.37,1367162800.0,,510359676.0
2024-11-29,0.372,0.377,0.381,0.372,1917006200.0,0.0306,722224500.0
2024-12-02,0.378,0.381,0.382,0.375,1694770300.0,0.027,643424800.0
2024-12-03,0.38,0.379,0.38,0.377,2026750491.0,,767559363.0
2024-12-04,0.378,0.374,0.379,0.373,1398109332.0,,525126544.0
2024-12-05,0.374,0.373,0.374,0.37,1260311964.0,,468686794.0
2024-12-06,0.373,0.382,0.383,0.372,2394984047.0,,907121706.0
2024-12-09,0.385,0.383,0.387,0.381,1641070945.0,,629855000.0
2024-12-10,0.393,0.381,0.396,0.38,2844038600.0,0.0446,1098655300.0
2024-12-11,0.38,0.381,0.383,0.379,1500390900.0,0.0235,572021300.0
2024-12-12,0.381,0.385,0.385,0.38,2415083300.0,0.038,923986700.0
2024-12-13,0.383,0.374,0.383,0.373,2105553100.0,0.033,795233100.0
2024-12-16,0.374,0.37,0.374,0.368,1576073500.0,0.0246,583794600.0
2024-12-17,0.37,0.369,0.372,0.368,1503689155.0,,555778644.0
2024-12-18,0.37,0.37,0.371,0.368,1011832200.0,0.0157,374154500.0
2024-12-19,0.368,0.369,0.37,0.365,1483249800.0,,545253647.0
2024-12-20,0.368,0.368,0.371,0.367,1402001200.0,0.0218,517419000.0
2024-12-23,0.368,0.366,0.37,0.365,1894222700.0,0.0295,696056799.9999999
2024-12-24,0.366,0.37,0.37,0.365,1235311000.0,,454848003.0
2024-12-25,0.372,0.369,0.373,0.367,1435953900.0,0.0225,531330100.0
2024-12-26,0.369,0.367,0.369,0.366,946451800.0,,347538264.0
2024-12-27,0.366,0.366,0.368,0.365,1472287100.0,0.0229,539233800.0
2024-12-30,0.366,0.366,0.37,0.365,1292889799.0,,475126488.0
2024-12-31,0.366,0.361,0.367,0.361,1552032557.0,,564687253.0
2025-01-02,0.361,0.351,0.362,0.349,2373260219.0,,843158050.0
2025-01-03,0.352,0.348,0.354,0.346,1751621056.0,,613971691.0
2025-01-06,0.349,0.349,0.353,0.348,1803128500.0,0.0281,630579500.0
2025-01-07,0.35,0.344,0.35,0.341,1921501250.0,,661122524.0
2025-01-08,0.344,0.341,0.345,0.337,1930760680.0,,658516839.0
2025-01-09,0.341,0.341,0.344,0.339,1045138700.0,,357114131.0
2025-01-10,0.341,0.336,0.342,0.336,1415201100.0,,479623388.0
2025-01-13,0.334,0.338,0.339,0.334,1362189400.0,0.0210999999999999,459477600.0
2025-01-14,0.338,0.346,0.347,0.337,1815990900.0,0.0283,623730900.0
2025-01-15,0.346,0.343,0.346,0.341,1090206000.0,0.0169,373579000.0
2025-01-16,0.343,0.34,0.347,0.339,1582365600.0,0.0245,542491500.0
2025-01-17,0.339,0.341,0.343,0.338,1117971000.0,,380481662.0
2025-01-20,0.343,0.347,0.349,0.343,1970101900.0,0.0305,683120500.0
2025-01-21,0.348,0.346,0.349,0.343,1240710500.0,,428762894.0
2025-01-22,0.345,0.342,0.346,0.341,1024522230.0,,351395383.0
2025-01-23,0.345,0.343,0.348,0.343,1523991687.0,,526286632.0
2025-01-24,0.343,0.346,0.348,0.342,1534684400.0,0.0237,530026900.0
2025-01-27,0.346,0.346,0.349,0.345,1071976600.0,0.0166,371571400.0
2025-02-05,0.348,0.346,0.348,0.343,1272943788.0,,439115813.0
2025-02-06,0.346,0.349,0.35,0.343,1714336100.0,0.0265,594458300.0
2025-02-07,0.349,0.354,0.357,0.348,2981174500.0,0.0461,1053100400.0
2025-02-10,0.354,0.357,0.357,0.352,1871604101.0,,664830544.0
2025-02-11,0.357,0.353,0.358,0.352,1278442700.0,0.0199,452276900.0
2025-02-12,0.352,0.354,0.354,0.35,1273209400.0,0.0197999999999999,448619300.0
2025-02-13,0.354,0.353,0.356,0.351,1764004300.0,0.0274,623917000.0
2025-02-14,0.353,0.362,0.363,0.352,3374591500.0,0.0527,1210790800.0
2025-02-17,0.364,0.364,0.368,0.361,2546829923.0,,928177575.0
2025-02-18,0.362,0.357,0.364,0.356,1915412180.0,,689313020.0
2025-02-19,0.356,0.358,0.361,0.354,1948955502.0,,696738833.0
2025-02-20,0.358,0.365,0.369,0.358,2545818800.0,0.04,930009200.0
2025-02-21,0.366,0.373,0.374,0.365,3373966500.0,0.0541,1249129700.0
2025-02-24,0.372,0.368,0.374,0.366,2058409300.0,0.0329,760152200.0
2025-02-25,0.364,0.362,0.366,0.361,1460764200.0,0.0233,531291600.00000006
2025-02-26,0.364,0.367,0.367,0.362,1571410200.0,0.025,572150100.0
2025-02-27,0.366,0.367,0.37,0.363,1770554800.0,0.0281,648961800.0
2025-02-28,0.365,0.357,0.369,0.357,2154459871.0,,780786400.0
2025-03-03,0.358,0.358,0.364,0.357,1712625200.0,,617767305.0
2025-03-04,0.357,0.359,0.36,0.355,1170649848.0,,418175162.0
2025-03-05,0.359,0.356,0.359,0.354,1319440400.0,0.0208,469492900.0
2025-03-06,0.357,0.362,0.362,0.357,1843210200.0,0.0292,663307100.0000001
2025-03-07,0.36,0.358,0.361,0.356,1700234400.0,0.0266999999999999,609459600.0
2025-03-10,0.359,0.359,0.362,0.355,1325943200.0,0.0208,474728400.0
2025-03-11,0.356,0.36,0.36,0.355,1402985200.0,0.0220999999999999,501701700.0
2025-03-12,0.361,0.357,0.363,0.357,1211763300.0,,434812696.0
2025-03-13,0.357,0.356,0.359,0.355,1123866000.0,,400434711.0
2025-03-14,0.357,0.366,0.367,0.356,3194912300.0,0.0506,1160893400.0
2025-03-17,0.368,0.365,0.368,0.364,1273311800.0,0.0200999999999999,465907300.00000006
2025-03-18,0.369,0.37,0.375,0.367,2355879400.0,0.0377,875508900.0
2025-03-19,0.37,0.37,0.373,0.368,2126436300.0,0.0342,787110399.9999999
2025-03-20,0.371,0.366,0.371,0.365,1593318800.0,0.0256999999999999,585300800.0
2025-03-21,0.365,0.36,0.367,0.359,1796021200.0,,650075200.0
2025-03-24,0.36,0.359,0.361,0.356,1242149381.0,,444842861.0
2025-03-25,0.359,0.36,0.36,0.357,986894590.0,,353940493.0
2025-03-26,0.36,0.359,0.363,0.358,1250411920.0,,450186868.0
2025-03-27,0.358,0.366,0.367,0.356,2256909441.0,,818039408.0
2025-03-28,0.365,0.366,0.371,0.365,2035715400.0,0.0331,749601900.0
2025-03-31,0.365,0.362,0.369,0.361,1314486800.0,,479031649.0
2025-04-01,0.364,0.374,0.376,0.363,3338921455.0,,1244026373.0
2025-04-02,0.374,0.369,0.374,0.367,2204253400.0,0.0358,816846799.9999999
2025-04-03,0.366,0.366,0.371,0.364,1815285300.0,,666564557.0
2025-04-07,0.355,0.342,0.356,0.333,3438407309.0,,1191762787.0
2025-04-08,0.343,0.344,0.347,0.339,2311854759.0,,791626548.0
2025-04-09,0.339,0.343,0.344,0.333,2332879908.0,,791443193.0
2025-04-10,0.348,0.348,0.353,0.346,2212790266.0,,772594089.0
2025-04-11,0.346,0.349,0.35,0.344,1724695300.0,0.0273,599015000.0
2025-04-14,0.35,0.35,0.353,0.348,1401383800.0,0.0222,491045500.0
2025-04-15,0.349,0.347,0.349,0.345,1326445300.0,,459894680.0
2025-04-16,0.346,0.348,0.348,0.342,1483809200.0,0.0233999999999999,511078700.0
2025-04-17,0.346,0.348,0.349,0.345,1133167000.0,,393842198.0
2025-04-18,0.348,0.347,0.35,0.345,911574200.0,0.0143,315869900.0
2025-04-21,0.345,0.348,0.349,0.344,1135102020.0,,393508087.0
2025-04-22,0.348,0.352,0.353,0.347,1662413100.0,0.0265,582878500.0
2025-04-23,0.352,0.351,0.355,0.35,967303200.0,0.0154,340506800.0
2025-04-24,0.352,0.352,0.355,0.35,1214543500.0,0.0194,428427300.00000006
2025-04-25,0.353,0.351,0.355,0.35,1568791500.0,0.0249,552149500.0
2025-04-28,0.35,0.349,0.351,0.348,1156727000.0,0.0184,404212600.0
2025-04-29,0.35,0.35,0.352,0.349,899134900.0,0.0143,314885400.0
2025-04-30,0.35,0.354,0.356,0.349,1654587900.0,0.0266,584346800.0
2025-05-06,0.357,0.357,0.358,0.355,1031868782.0,,368030764.0
2025-05-07,0.36,0.357,0.362,0.355,1154508582.0,,412711806.0
2025-05-08,0.356,0.357,0.358,0.355,636484100.0,0.0102,227178600.0
2025-05-09,0.357,0.358,0.36,0.356,973156170.0,,348565696.0
2025-05-12,0.357,0.357,0.358,0.354,1274929000.0,0.0204999999999999,453550100.0
2025-05-13,0.359,0.36,0.361,0.358,1605212700.0,0.0260999999999999,577642100.0
2025-05-14,0.359,0.363,0.364,0.358,1404259900.0,0.023,507337600.0
2025-05-15,0.363,0.363,0.365,0.362,1094536000.0,0.0181,398122500.0
2025-05-16,0.363,0.363,0.364,0.36,921903024.0,,333833364.0
2025-05-19,0.363,0.363,0.364,0.36,731780300.0,0.0121,264896900.0
2025-05-20,0.363,0.368,0.369,0.363,1446194652.0,,530370944.0
2025-05-21,0.367,0.371,0.373,0.366,1757725300.0,0.0298,651257100.0
2025-05-22,0.37,0.369,0.372,0.368,1241567560.0,,459161057.0
2025-05-23,0.37,0.37,0.376,0.369,1812406900.0,0.0314,676342700.0
2025-05-26,0.369,0.365,0.371,0.364,1324141931.0,,485754335.0
2025-05-27,0.365,0.367,0.369,0.365,892833900.0,0.0155,327450000.0
2025-05-28,0.367,0.367,0.369,0.366,796101947.0,,292555601.0
2025-05-29,0.367,0.372,0.373,0.365,1327097000.0,,491406985.0
2025-05-30,0.371,0.373,0.376,0.371,1334232207.0,,498571800.0
2025-06-03,0.372,0.375,0.377,0.371,1141873938.0,,428450321.0
2025-06-04,0.376,0.379,0.38,0.374,1574742201.0,,594778322.0
2025-06-05,0.379,0.376,0.38,0.374,1206142245.0,,453510358.0
2025-06-06,0.376,0.373,0.377,0.372,937818852.0,,350394291.0
2025-06-09,0.373,0.378,0.382,0.373,1603087520.0,,607132891.0
2025-06-10,0.378,0.379,0.383,0.376,1875528800.0,0.0341,712165200.0
2025-06-11,0.379,0.378,0.382,0.377,1064395100.0,0.0194,403386000.0
2025-06-12,0.377,0.383,0.384,0.376,1483315680.0,,564767176.0
2025-06-13,0.382,0.377,0.386,0.376,1954389769.0,,741083501.0
2025-06-16,0.376,0.374,0.378,0.372,2085970665.0,,780614015.0
2025-06-17,0.375,0.367,0.378,0.366,1854539200.0,0.0347,688486200.0
2025-06-18,0.367,0.365,0.368,0.364,761817022.0,,278491508.0
2025-06-19,0.365,0.361,0.367,0.36,1239092900.0,0.0229,449764700.0
2025-06-20,0.362,0.363,0.364,0.361,693430930.0,,251300889.0
2025-06-23,0.362,0.363,0.364,0.359,1223604200.0,,441628543.0
2025-06-24,0.364,0.365,0.366,0.362,1604205100.0,0.0291,585251600.0
2025-06-25,0.366,0.369,0.369,0.363,1378838200.0,0.0249,504664600.0
2025-06-26,0.368,0.366,0.369,0.364,1359821300.0,0.0243999999999999,498191100.0
2025-06-27,0.365,0.365,0.367,0.364,1254539600.0,,458388000.0
2025-06-30,0.365,0.368,0.369,0.363,1234120900.0,0.0220999999999999,451269200.0
2025-07-01,0.368,0.37,0.371,0.368,964862900.0,0.0173,356898500.0
2025-07-02,0.371,0.368,0.373,0.367,928159500.0,0.0166,343031300.0
2025-07-03,0.369,0.37,0.371,0.367,888409200.0,0.016,328611800.0
2025-07-04,0.371,0.371,0.374,0.37,1318200550.0,,490263863.0
2025-07-07,0.372,0.367,0.373,0.366,1108080477.0,,408330617.0
2025-07-08,0.367,0.369,0.37,0.366,1222416000.0,0.0219,450843900.0
2025-07-09,0.37,0.374,0.376,0.367,1948928610.0,,725654330.0
2025-07-10,0.372,0.375,0.378,0.372,1250112500.0,0.0227,469152600.0
2025-07-11,0.377,0.381,0.384,0.376,2307607900.0,0.0423,879946200.0
2025-07-14,0.38,0.38,0.383,0.379,1114119613.0,,424624020.0
2025-07-15,0.381,0.381,0.383,0.377,1461155690.0,,555173606.0
2025-07-16,0.381,0.381,0.384,0.379,1079312900.0,0.02,411424300.0
2025-07-17,0.381,0.387,0.387,0.38,1737119300.0,0.0326,667255100.0
2025-07-18,0.388,0.391,0.392,0.387,1716579622.0,,668151535.0
2025-07-21,0.392,0.39,0.392,0.387,1505909520.0,,586767451.0
2025-07-22,0.39,0.392,0.396,0.389,1598815200.0,0.0306999999999999,627758500.0
2025-07-23,0.392,0.393,0.397,0.391,1573198397.0,,620402989.0
2025-07-24,0.392,0.401,0.404,0.392,2276168300.0,0.0443,905755100.0
2025-07-25,0.402,0.401,0.408,0.4,2341718556.0,,944613884.0
2025-07-28,0.405,0.41,0.412,0.405,2818792490.0,,1151343127.0
2025-07-29,0.415,0.421,0.424,0.41,3261434215.0,,1363348213.0
2025-07-30,0.42,0.424,0.431,0.418,3385257231.0,,1438786070.0
2025-07-31,0.422,0.416,0.424,0.413,2740589600.0,,1146435858.0
2025-08-01,0.414,0.409,0.421,0.407,2161118947.0,,893017035.0
2025-08-04,0.406,0.409,0.409,0.4,2076971400.0,0.0443,840473000.0
2025-08-05,0.41,0.411,0.413,0.408,1417501500.0,0.0304,581426100.0
2025-08-06,0.411,0.41,0.415,0.408,1255329300.0,0.027,515358400.0
2025-08-07,0.409,0.407,0.413,0.405,1299276714.0,,530261777.0
2025-08-08,0.406,0.406,0.408,0.402,1304861600.0,0.0283,528004300.0
2025-08-11,0.405,0.407,0.41,0.404,1295052600.0,0.0279,527395100.0
2025-08-12,0.409,0.408,0.412,0.405,1294833142.0,,528533295.0
2025-08-13,0.409,0.418,0.419,0.408,1907347700.0,0.0415,789222800.0
2025-08-14,0.419,0.415,0.423,0.413,1744535900.0,0.0382,728325800.0
2025-08-15,0.413,0.417,0.419,0.413,1314486282.0,,547360894.0
2025-08-18,0.418,0.418,0.421,0.416,1768959400.0,0.0384,739618700.0
2025-08-19,0.418,0.411,0.426,0.41,2153850800.0,0.0464,900735300.0
2025-08-20,0.409,0.415,0.415,0.407,1408881800.0,0.0305,578233300.0
2025-08-21,0.416,0.42,0.424,0.416,2142756200.0,0.0464,901294900.0
2025-08-22,0.421,0.424,0.424,0.418,1451323600.0,0.0314,610954500.0
2025-08-25,0.426,0.434,0.434,0.424,2158469601.0,,925959470.0
2025-08-26,0.433,0.429,0.433,0.428,1510825500.0,0.0329,650118200.0
2025-08-27,0.429,0.42,0.433,0.42,2220660805.0,,948009277.0
2025-08-28,0.419,0.419,0.421,0.409,2158960264.0,,898068191.0
2025-08-29,0.419,0.431,0.433,0.418,2219990437.0,,946965849.0
2025-09-01,0.433,0.446,0.448,0.431,2855272217.0,,1260765949.0
2025-09-02,0.449,0.448,0.456,0.442,2377945253.0,,1068010601.0
2025-09-03,0.447,0.447,0.455,0.444,1889682000.0,0.0426999999999999,847416300.0
2025-09-04,0.45,0.431,0.45,0.425,2289132697.0,,996364217.0
2025-09-05,0.431,0.446,0.448,0.429,1937324300.0,0.0443,849207899.9999999
2025-09-08,0.447,0.456,0.458,0.447,2098298600.0,0.0484,952186500.0
2025-09-09,0.454,0.445,0.459,0.442,1777197200.0,0.0408,799810600.0
2025-09-10,0.444,0.443,0.45,0.44,1265911800.0,,562288274.0
2025-09-11,0.435,0.44,0.441,0.422,2536833100.0,0.0573,1098523600.0
2025-09-12,0.442,0.441,0.445,0.437,1613408600.0,0.0364,711332100.0000001
2025-09-15,0.441,0.443,0.445,0.439,1271492700.0,0.0289,562993800.0
2025-09-16,0.442,0.441,0.443,0.436,1195931800.0,,525786773.0
2025-09-17,0.441,0.445,0.446,0.438,1332672800.0,0.0305,589921200.0
2025-09-18,0.445,0.443,0.452,0.439,1856235700.0,,827349570.0
2025-09-19,0.443,0.439,0.446,0.436,1243029800.0,0.0287,546400200.0
2025-09-22,0.441,0.44,0.448,0.437,1248138600.0,0.0289,550897600.0
2025-09-23,0.44,0.432,0.44,0.426,1575376600.0,0.0365,680110900.0
2025-09-24,0.431,0.435,0.436,0.43,948602276.0,,411781795.0
2025-09-25,0.438,0.443,0.444,0.436,1492422079.0,,659051613.0
2025-09-26,0.439,0.433,0.439,0.433,1171890000.0,0.0273,509759800.00000006
2025-09-29,0.432,0.435,0.436,0.425,1288477900.0,0.03,554305600.0
2025-09-30,0.435,0.446,0.446,0.434,1452222800.0,0.0341,640937800.0
2025-10-09,0.446,0.448,0.448,0.438,2105907000.0,,934378155.0
2025-10-10,0.445,0.437,0.446,0.434,1665213000.0,0.0395999999999999,731721100.0
2025-10-13,0.425,0.426,0.429,0.421,1874997200.0,0.0443,796334500.0
2025-10-14,0.427,0.416,0.429,0.413,2117157000.0,0.0498,890466900.0
2025-10-15,0.416,0.422,0.423,0.413,2575745851.0,,1079903813.0
2025-10-16,0.422,0.424,0.429,0.419,1673424700.0,0.0412,709802700.0
2025-10-17,0.423,0.415,0.425,0.414,1741590386.0,,727079316.0
2025-10-20,0.416,0.414,0.42,0.413,1086303500.0,0.027,452068000.0
2025-10-21,0.416,0.419,0.42,0.415,1045044300.0,0.0259,436831900.0
2025-10-22,0.419,0.416,0.422,0.415,816548700.0,0.0202,340753399.99999994
2025-10-23,0.415,0.416,0.417,0.41,1247438110.0,,515002052.0
2025-10-24,0.416,0.417,0.421,0.415,1004966708.0,,419810778.0
2025-10-27,0.423,0.423,0.428,0.42,1502121800.0,0.0375999999999999,636738400.0
2025-10-28,0.421,0.416,0.421,0.414,1329146800.0,0.0329,554323900.0
2025-10-29,0.415,0.42,0.42,0.412,1251075700.0,0.0308999999999999,520013400.0
2025-10-30,0.416,0.409,0.417,0.407,2503950900.0,0.0599,1030130000.0
2025-10-31,0.409,0.413,0.416,0.407,1455969300.0,0.0349,601071800.0
2025-11-03,0.414,0.409,0.415,0.407,1501972000.0,0.0358,614930100.0
2025-11-04,0.408,0.402,0.409,0.399,1607749900.0,0.0378,648031600.0
2025-11-05,0.399,0.402,0.404,0.398,910444800.0,0.0214,365719400.0
2025-11-06,0.402,0.404,0.404,0.399,834093447.0,,335396401.0
2025-11-07,0.402,0.401,0.404,0.4,834953900.0,,335459475.0
2025-11-10,0.402,0.405,0.406,0.399,1267468900.0,0.0295,511053200.0
2025-11-11,0.406,0.404,0.407,0.401,1090096700.0,0.0252,439551100.0
2025-11-12,0.404,0.405,0.409,0.403,1383375000.0,0.0319,561926100.0
2025-11-13,0.405,0.411,0.412,0.404,1583235000.0,0.0366,647303900.0
2025-11-14,0.409,0.408,0.413,0.407,1207983200.0,0.0279,495392700.0
2025-11-17,0.407,0.401,0.408,0.399,1700916892.0,,683152019.0
2025-11-18,0.401,0.399,0.403,0.398,1173579617.0,,469828621.0
2025-11-19,0.399,0.398,0.4,0.396,1121941098.0,,446544732.0
2025-11-20,0.399,0.394,0.401,0.394,1112946800.0,0.0254,441530400.0
2025-11-21,0.392,0.387,0.396,0.385,2091416700.0,0.0473,814844800.0
2025-11-24,0.39,0.392,0.393,0.388,1122295700.0,0.0255,438370600.0
2025-11-25,0.393,0.393,0.395,0.391,910958000.0,0.0207,358342800.0
2025-11-26,0.394,0.394,0.398,0.393,970971500.0,0.0220999999999999,384471300.0
2025-11-27,0.394,0.392,0.395,0.39,948621100.0,,372343724.0
2025-11-28,0.394,0.393,0.394,0.389,793171200.0,0.0181,310796800.0
2025-12-01,0.392,0.393,0.394,0.39,966146729.0,,378659066.0
2025-12-02,0.393,0.388,0.394,0.387,1132586539.0,,441001437.0
2025-12-03,0.387,0.386,0.389,0.385,933621200.0,0.021,360747300.00000006
2025-12-04,0.386,0.387,0.388,0.385,813158300.0,,314096441.0
2025-12-05,0.387,0.389,0.39,0.384,1863439100.0,0.0425,722089400.0
2025-12-08,0.391,0.391,0.394,0.389,1037141730.0,,405961690.0
2025-12-09,0.391,0.391,0.396,0.389,1171056900.0,0.0268,459460100.0
2025-12-10,0.39,0.392,0.393,0.385,1170263300.0,0.0266999999999999,455624400.0
2025-12-11,0.392,0.39,0.394,0.389,1017571200.0,,398834602.0
2025-12-12,0.39,0.391,0.392,0.387,1014426300.0,0.023,394775200.0
2025-12-15,0.39,0.384,0.39,0.384,1265913000.0,0.0286,489486600.00000006
2025-12-16,0.384,0.378,0.386,0.377,1358453100.0,0.0304,516301400.0
2025-12-17,0.378,0.383,0.385,0.376,1310229100.0,0.0295,498525500.0
2025-12-18,0.382,0.383,0.386,0.381,945821100.0,0.0214,362865100.0
2025-12-19,0.384,0.388,0.39,0.382,1048847116.0,,405816012.0
2025-12-22,0.388,0.387,0.389,0.384,783898600.0,0.0177,303081900.0
2025-12-23,0.386,0.385,0.388,0.384,848896300.0,,327211564.0
2025-12-24,0.384,0.384,0.387,0.383,781415700.0,0.0176,300608400.0
2025-12-25,0.384,0.388,0.388,0.383,898688000.0,0.0203,346736600.00000006
2025-12-26,0.387,0.387,0.388,0.384,804772000.0,,310796753.0
2025-12-29,0.386,0.383,0.387,0.383,909712600.0,0.0204999999999999,349806600.00000006
2025-12-30,0.383,0.381,0.383,0.38,834354830.0,,318378840.0
2025-12-31,0.382,0.378,0.384,0.378,894005521.0,,339729445.0
2026-01-05,0.38,0.392,0.394,0.379,2164529362.0,,841474505.0
2026-01-06,0.393,0.396,0.397,0.391,1647843350.0,,649699689.0
2026-01-07,0.396,0.397,0.401,0.395,1242617000.0,0.0282,495358800.0
2026-01-08,0.399,0.399,0.401,0.397,1201134200.0,0.0274,479175800.0
2026-01-09,0.399,0.403,0.403,0.398,1224095901.0,,491049894.0
2026-01-12,0.404,0.404,0.407,0.401,1527338400.0,0.0351,616766800.0
2026-01-13,0.407,0.41,0.418,0.407,2631468806.0,,1085664765.0
2026-01-14,0.411,0.407,0.418,0.403,2142466057.0,,881582342.0
2026-01-15,0.406,0.404,0.41,0.403,1286900512.0,,521727959.0
2026-01-16,0.404,0.399,0.406,0.398,1343668009.0,,539113686.0
2026-01-19,0.398,0.396,0.4,0.394,1372361870.0,,543908048.0
2026-01-20,0.396,0.393,0.397,0.391,1244221258.0,,488804198.0
2026-01-21,0.392,0.39,0.395,0.389,1222079600.0,0.0281,478326400.0
2026-01-22,0.391,0.388,0.392,0.386,1362810946.0,,528929825.0
2026-01-23,0.388,0.388,0.391,0.386,1872342300.0,0.0418,727230700.0000001
2026-01-26,0.388,0.387,0.39,0.383,2054601569.0,,793752802.0
2026-01-27,0.388,0.381,0.388,0.38,2167705833.0,,829777708.0
2026-01-28,0.382,0.378,0.383,0.376,2280260400.0,0.0483,862617300.0
2026-01-29,0.376,0.386,0.386,0.374,2396395800.0,0.0506,912007500.0
2026-01-30,0.384,0.38,0.388,0.379,1819596249.0,,696062883.0
2026-02-02,0.378,0.372,0.381,0.371,1841039200.0,0.0383,690799700.0
2026-02-03,0.373,0.377,0.377,0.371,1145514300.0,0.0239,428471000.0
2026-02-04,0.375,0.38,0.382,0.373,1470800000.0,0.0306,553609000.0
2026-02-05,0.38,0.384,0.386,0.379,1956298693.0,,750335166.0
2026-02-06,0.383,0.383,0.386,0.381,1058062500.0,0.0223,406310400.0
2026-02-09,0.385,0.383,0.385,0.382,945754580.0,,362251849.0
2026-02-10,0.383,0.388,0.39,0.382,1445059700.0,0.0306999999999999,558999200.0
2026-02-11,0.387,0.388,0.39,0.387,875404000.0,0.0187,339980300.0
2026-02-12,0.388,0.387,0.392,0.387,928443600.0,0.0199,361284400.0
2026-02-13,0.387,0.382,0.388,0.382,964009800.0,0.0208,370305000.0
2026-02-24,0.385,0.381,0.386,0.381,1010058400.0,0.0218,386100900.0
2026-02-25,0.381,0.382,0.384,0.38,734553100.0,,280478603.0
2026-02-26,0.384,0.38,0.385,0.378,1067469200.0,,406536668.0
2026-02-27,0.379,0.379,0.381,0.377,598056899.0,,226802462.0
2026-03-02,0.375,0.371,0.378,0.37,1659817300.0,0.0354,618582000.0
2026-03-03,0.372,0.366,0.375,0.365,1785286400.0,0.0378,659580000.0
2026-03-04,0.364,0.361,0.366,0.358,1468444600.0,,530903594.0
2026-03-05,0.364,0.363,0.367,0.361,1053237600.0,0.0222,382637900.0
2026-03-06,0.362,0.372,0.372,0.361,1159945301.0,,427593522.0
2026-03-09,0.368,0.367,0.369,0.363,1149203400.0,0.0243,420840600.0
2026-03-10,0.368,0.374,0.375,0.368,1169599100.0,0.0249,435972400.0
2026-03-11,0.374,0.373,0.375,0.371,770805900.0,0.0163999999999999,287512600.0
2026-03-12,0.373,0.371,0.375,0.369,827892900.0,,307508637.0
2026-03-13,0.369,0.368,0.371,0.367,945431000.0,0.02,348656300.0
2026-03-16,0.368,0.369,0.372,0.365,937665200.0,0.0197999999999999,345588800.0
2026-03-17,0.37,0.371,0.377,0.368,1567066900.0,0.0332,584394200.0
2026-03-18,0.37,0.37,0.372,0.367,990818700.0,,365567313.0
2026-03-19,0.368,0.365,0.37,0.364,1211413100.0,0.0255,443616800.0
2026-03-20,0.365,0.362,0.369,0.36,1111490445.0,,404761875.0
2026-03-23,0.358,0.348,0.358,0.346,2548146110.0,,896642033.0
2026-03-24,0.352,0.357,0.357,0.351,1355905300.0,0.0283,479613300.0
2026-03-25,0.358,0.359,0.36,0.356,761860800.0,0.0159,272790500.0
2026-03-26,0.358,0.353,0.362,0.351,1099714800.0,0.0229,391265800.0
2026-03-27,0.35,0.365,0.365,0.349,1992818800.0,0.0419,716845300.0
2026-03-30,0.361,0.365,0.367,0.36,1045528819.0,,380535178.0
2026-03-31,0.366,0.364,0.373,0.364,1337563100.0,0.0282,491974700.0
2026-04-01,0.368,0.377,0.377,0.364,2126418200.0,0.0455,793257200.0
2026-04-02,0.376,0.374,0.378,0.373,1458995400.0,0.0315,547837900.0
2026-04-03,0.372,0.368,0.373,0.366,1125022922.0,,414886196.0
2026-04-07,0.369,0.369,0.373,0.363,1026793524.0,,377796090.0
2026-04-08,0.373,0.375,0.375,0.368,1184525400.0,0.0256,441012100.0
2026-04-09,0.373,0.373,0.378,0.372,912876469.0,,341658682.0
2026-04-10,0.373,0.373,0.378,0.371,1069289603.0,,400676403.0
2026-04-13,0.371,0.371,0.373,0.369,803172700.0,0.0175,297487100.0
2026-04-14,0.372,0.375,0.375,0.368,964840210.0,,357335060.0
2026-04-15,0.378,0.377,0.38,0.373,1340203700.0,0.0292,504423500.0
2026-04-16,0.377,0.377,0.379,0.374,837240400.0,,315006142.0
2026-04-17,0.375,0.366,0.375,0.365,1775698000.0,0.0379,653784600.0
2026-04-20,0.366,0.365,0.367,0.363,874608880.0,,319182494.0
2026-04-21,0.366,0.365,0.368,0.362,794602600.0,0.0169,289254700.0
2026-04-22,0.363,0.363,0.365,0.361,755575800.0,0.016,274075100.0
2026-04-23,0.364,0.365,0.37,0.363,1252700700.0,0.0268,458388100.0
2026-04-24,0.365,0.366,0.369,0.362,1026189399.0,,375899312.0
2026-04-27,0.366,0.364,0.366,0.362,673592000.0,0.0144,244902700.0
2026-04-28,0.37,0.372,0.378,0.369,2032287600.0,0.0441,759424600.0000001
2026-04-29,0.372,0.374,0.376,0.37,1030416300.0,0.0224,383651400.0
2026-04-30,0.372,0.37,0.373,0.368,952883501.0,,352819786.0
2026-05-06,0.37,0.368,0.371,0.367,946995016.0,,348683248.0
2026-05-07,0.37,0.368,0.371,0.367,949448100.0,0.0203,350182500.0
2026-05-08,0.369,0.366,0.369,0.364,1180926700.0,0.0250999999999999,432164700.0
2026-05-11,0.365,0.37,0.371,0.362,1631424400.0,0.0347,597112000.0
2026-05-12,0.369,0.372,0.38,0.367,2530966300.0,0.0546,942818700.0
2026-05-13,0.372,0.37,0.373,0.366,1481738700.0,0.032,546064000.0
2026-05-14,0.369,0.36,0.373,0.359,2296747000.0,0.0493,835597000.0
2026-05-15,0.359,0.356,0.363,0.355,1475454607.0,,528988875.0
2026-05-18,0.355,0.349,0.356,0.347,1737288900.0,0.0366,608442600.0
2026-05-19,0.349,0.349,0.353,0.346,1432819200.0,0.0299,499921900.0
2026-05-20,0.348,0.347,0.349,0.343,1369226130.0,,473414369.0
2026-05-21,0.347,0.349,0.357,0.346,2017901900.0,0.0424,712053600.0
2026-05-22,0.349,0.345,0.351,0.343,1407005100.0,0.0294,485385300.0
2026-05-25,0.343,0.34,0.343,0.338,1789201600.0,,608813780.0
2026-05-26,0.34,0.34,0.343,0.338,1208442000.0,0.0248,411277900.0
2026-05-27,0.34,0.342,0.345,0.334,2014455700.0,0.0412999999999999,683119299.9999999
2026-05-28,0.341,0.336,0.343,0.334,1321198800.0,0.0269,445543100.0
2026-05-29,0.336,0.344,0.347,0.336,2175341400.0,0.0447,743099000.0
2026-06-01,0.343,0.34,0.347,0.337,1813704200.0,0.0366999999999999,618088200.0
2026-06-02,0.339,0.336,0.339,0.333,1737661300.0,0.0348,582563200.0
2026-06-03,0.335,0.33,0.335,0.329,2023944500.0,,669427167.0
2026-06-04,0.328,0.325,0.33,0.323,1431935976.0,,466486590.0
2026-06-05,0.327,0.327,0.334,0.326,1748909204.0,,577027348.0
2026-06-08,0.325,0.322,0.328,0.318,1731303400.0,,558093316.0
2026-06-09,0.32,0.32,0.321,0.315,1836560605.0,,583628161.0
2026-06-10,0.318,0.325,0.326,0.317,1628131634.0,,525484641.0
2026-06-11,0.323,0.325,0.327,0.321,1223893300.0,0.0242,396676700.0
2026-06-12,0.326,0.332,0.334,0.322,1804906756.0,,592536711.0
2026-06-15,0.332,0.329,0.333,0.327,1108983073.0,,365522700.0
2026-06-16,0.328,0.323,0.329,0.323,935403800.0,0.0185,303967400.0
2026-06-17,0.324,0.323,0.325,0.321,924383663.0,,298134541.0
2026-06-18,0.322,0.326,0.331,0.32,1542251029.0,,503509543.0
2026-06-22,0.325,0.333,0.333,0.319,1620529688.0,,526996497.0
2026-06-23,0.332,0.333,0.341,0.331,2334422885.0,,786352072.0
2026-06-24,0.333,0.341,0.346,0.333,2880599700.0,0.0583,984793900.0
2026-06-25,0.337,0.341,0.344,0.333,1896428300.0,0.0383,640723900.0
2026-06-26,0.341,0.335,0.345,0.334,2008452617.0,,681316572.0
2026-06-29,0.335,0.356,0.356,0.33,3189966600.0,0.0655999999999999,1112160600.0
2026-06-30,0.354,0.35,0.355,0.347,1816626700.0,0.037,636077900.0
2026-07-01,0.347,0.359,0.36,0.337,3266207100.0,0.0664,1139790000.0
2026-07-02,0.358,0.357,0.367,0.355,2427131600.0,0.0494,874959000.0
2026-07-03,0.36,0.363,0.366,0.355,2111551500.0,0.043,760551200.0
2026-07-06,0.362,0.367,0.375,0.358,2830152875.0,,1043385094.0
2026-07-07,0.363,0.354,0.364,0.353,1892411100.0,0.0387,677065100.0
2026-07-08,0.355,0.349,0.359,0.349,1465020900.0,,516761665.0
2026-07-09,0.346,0.356,0.36,0.345,1588402831.0,,560774637.0
2026-07-10,0.354,0.363,0.368,0.352,2187330716.0,,793095489.0
2026-07-13,0.362,0.36,0.364,0.357,1398953990.0,,503831116.0
2026-07-14,0.358,0.367,0.368,0.356,1798065259.0,,654176171.0
2026-07-15,0.365,0.379,0.386,0.365,3711521215.0,,1406423950.0
2026-07-16,0.376,0.378,0.385,0.37,2353540809.0,,888304267.0
2026-07-17,0.378,0.364,0.38,0.361,2232995600.0,0.0473,820522300.0
2026-07-20,0.359,0.376,0.377,0.359,2017705200.0,0.0433,748372500.0
2026-07-21,0.377,0.376,0.378,0.368,1436537700.0,0.0308,536471500.0
2026-07-22,0.373,0.377,0.385,0.372,16061314.0,3.95,608979098.0
2026-07-23,0.376,0.377,0.381,0.371,14263312.0,3.51,536498411.0
2026-07-24,0.376,0.365,0.378,0.364,1487866800.0,,550274549.0
2026-07-27,0.366,0.368,0.374,0.365,11046282.0,2.72,407481394.0
2026-07-28,0.367,0.366,0.37,0.364,9688376.0,2.38,354789892.0
2026-07-29,0.368,0.373,0.375,0.366,15058341.0,3.7,560017590.0
2026-07-30,0.373,0.376,0.378,0.37,13699900.0,3.37,511898936.0
2026-07-31,0.372,0.377,0.379,0.37,10882845.0,2.68,408887235.0
2026-08-03,0.378,0.374,0.38,0.372,998722085.0,,374182313.0
2026-08-04,0.38,0.383,0.388,0.38,21804641.0,5.36,839433190.0
2026-08-05,0.384,0.387,0.391,0.382,16717168.0,4.11,646386917.0
2026-08-06,0.388,0.379,0.39,0.378,11832080.0,2.91,452215089.0
2026-08-07,0.379,0.396,0.397,0.378,29573486.0,7.28,1154913210.0
2026-08-10,0.402,0.405,0.412,0.4,26354317.0,6.56,1069244642.0
2026-08-11,0.401,0.403,0.411,0.401,18348104.0,4.56,746630324.0
2026-08-12,0.402,0.401,0.407,0.399,13957063.0,3.47,561276190.0
2026-08-13,0.4,0.401,0.408,0.396,13800303.0,3.43,555724876.0
2026-08-14,0.4,0.395,0.404,0.392,14314364.0,3.56,566966255.0
2026-08-17,0.394,0.401,0.403,0.39,13664625.0,3.36,544948267.0
2026-08-18,0.4,0.401,0.403,0.396,9773335.0,2.43,390325266.0
2026-08-19,0.4,0.396,0.402,0.394,12044848.0,3.0,478646656.0
2026-08-20,0.401,0.4,0.408,0.397,20160305.0,5.01,813116055.0
2026-08-21,0.394,0.388,0.396,0.386,17499136.0,4.35,682556252.0
2026-08-24,0.385,0.376,0.387,0.375,14279440.0,3.55,541904015.0
2026-08-25,0.375,0.383,0.384,0.374,10696664.0,2.63,406487024.0
2026-08-26,0.382,0.384,0.388,0.382,7962441.0,1.98,306484964.0
2026-08-27,0.383,0.386,0.386,0.379,7325087.0,1.82,280186044.0
2026-08-28,0.385,0.383,0.386,0.382,5569909.0,1.39,213520366.0
2026-08-31,0.381,0.376,0.381,0.373,10749909.0,2.67,403949245.0
