date,open,close,high,low,volume,turnover,amount
2019-06-17,0.988,0.983,0.999,0.971,85696758.0,,84837789.0
2019-06-18,0.983,0.997,0.998,0.98,30746458.0,,30457272.0
2019-06-19,1.013,1.004,1.028,1.0,46744458.0,,47398852.0
2019-06-20,1.005,1.028,1.032,1.001,13156900.0,,13415532.0
2019-06-21,1.028,1.043,1.048,1.028,5658100.0,,5899973.0
2019-06-24,1.043,1.042,1.044,1.035,8461300.0,,8786796.0
2019-06-25,1.035,1.03,1.04,1.018,2405300.0,,2479580.0
2019-06-26,0.338,0.352,0.353,0.338,8423400.0,0.0,8819000.0
2019-06-27,0.357,0.356,0.357,0.352,5621600.0,0.0,5985599.999999999
2019-06-28,0.356,0.352,0.356,0.349,5278100.0,0.0,5557700.0
2019-07-01,0.359,0.361,0.361,0.355,7788600.0,0.0,8398600.0
2019-07-02,1.084,1.098,1.102,1.078,7463400.0,,8172550.0
2019-07-03,1.098,1.084,1.098,1.081,4196100.0,,4566588.0
2019-07-04,1.089,1.07,1.089,1.065,4152900.0,,4460915.0
2019-07-05,1.07,1.078,1.08,1.07,2950500.0,,3167637.0
2019-07-08,0.358,0.352,0.358,0.348,5109600.0,0.0,5398900.0
2019-07-09,1.046,1.064,1.066,1.045,4360700.0,,4621652.0
2019-07-10,0.355,0.355,0.358,0.354,4831000.0,0.0,5147500.0
2019-07-11,1.064,1.077,1.088,1.064,5269900.0,,5689596.0
2019-07-12,0.359,0.36,0.361,0.356,3939000.0,0.0,4251300.0
2019-07-15,1.08,1.086,1.09,1.065,4648900.0,,5002519.0
2019-07-16,1.1,1.082,1.1,1.078,3604100.0,,3916685.0
2019-07-17,1.074,1.076,1.082,1.072,2494000.0,,2684019.0
2019-07-18,0.356,0.352,0.356,0.352,3459100.0,0.0,3670700.0
2019-07-19,0.354,0.354,0.357,0.353,3093600.0,0.0,3294100.0000000005
2019-07-22,0.354,0.349,0.354,0.347,3468200.0,0.0,3644500.0
2019-07-23,1.052,1.056,1.056,1.046,3362400.0,,3527335.0
2019-07-24,0.353,0.355,0.357,0.353,3416900.0,0.0,3630600.0
2019-07-25,0.355,0.355,0.357,0.354,2650500.0,0.0,2828399.9999999995
2019-07-26,0.36,0.359,0.36,0.355,4385100.0,0.0,4699300.0
2019-07-29,1.07,1.064,1.074,1.062,3102900.0,,3308539.0
2019-07-30,1.067,1.071,1.077,1.067,3701558.0,,3969874.0
2019-07-31,0.357,0.355,0.357,0.354,3137600.0,0.0,3340100.0
2019-08-01,1.058,1.061,1.062,1.056,3032000.0,,3214298.0
2019-08-02,1.048,1.06,1.062,1.041,3602500.0,,3806577.0
2019-08-05,1.06,1.051,1.071,1.05,3529200.0,,3739566.0
2019-08-06,0.35,0.346,0.35,0.341,6862200.0,0.0,7063900.0
2019-08-07,1.041,1.04,1.048,1.035,3058600.0,,3188112.0
2019-08-08,1.04,1.058,1.059,1.04,3097400.0,,3263562.0
2019-08-09,1.058,1.06,1.071,1.056,3234200.0,,3444597.0
2019-08-12,1.068,1.075,1.075,1.06,3189700.0,,3409248.0
2019-08-13,0.359,0.358,0.36,0.356,2683000.0,0.0,2885899.9999999995
2019-08-14,0.361,0.363,0.365,0.359,3697600.0,0.0,4026200.0
2019-08-15,1.077,1.104,1.105,1.077,3876300.0,,4251453.0
2019-08-16,0.367,0.37,0.375,0.367,6793700.0,0.0,7554500.0
2019-08-19,1.115,1.134,1.135,1.115,3873600.0,,4366489.0
2019-08-20,1.132,1.141,1.146,1.132,2913500.0,,3320615.0
2019-08-21,1.145,1.131,1.145,1.128,3101800.0,,3513521.0
2019-08-22,1.133,1.135,1.14,1.125,2756900.0,,3118007.0
2019-08-23,0.377,0.386,0.387,0.376,5746900.0,0.0,6595100.0
2019-08-26,1.141,1.16,1.166,1.134,6007600.0,,6942006.0
2019-08-27,0.387,0.391,0.393,0.387,4274300.0,0.0,5019300.0
2019-08-28,0.391,0.387,0.391,0.386,4190100.0,0.0,4872800.0
2019-08-29,0.386,0.386,0.389,0.385,4436400.0,0.0,5152000.0
2019-08-30,0.387,0.386,0.392,0.384,5608400.0,0.0,6540800.0
2019-09-02,0.386,0.396,0.396,0.386,4158300.0,0.0,4903400.0
2019-09-03,1.187,1.178,1.187,1.174,3920800.0,,4620603.0
2019-09-04,0.393,0.391,0.393,0.387,4356700.0,0.0,5094200.0
2019-09-05,1.172,1.176,1.186,1.172,4503300.0,,5312358.0
2019-09-06,1.175,1.182,1.186,1.174,7415500.0,,8746216.0
2019-09-09,0.395,0.399,0.399,0.394,4720700.0,0.0,5627600.0
2019-09-10,1.2,1.207,1.213,1.193,8020400.0,,9674121.0
2019-09-11,1.207,1.189,1.217,1.188,6149500.0,,7388859.0
2019-09-12,1.19,1.201,1.203,1.186,3595700.0,,4296984.0
2019-09-16,1.198,1.207,1.211,1.198,4279500.0,,5164970.0
2019-09-17,0.4,0.394,0.402,0.394,4801100.0,0.0,5714000.0
2019-09-18,1.188,1.193,1.197,1.18,3744500.0,,4456348.0
2019-09-19,0.397,0.404,0.404,0.397,3425500.0,0.0,4130200.0
2019-09-20,1.213,1.215,1.22,1.212,6111400.0,,7427608.0
2019-09-23,1.2,1.199,1.212,1.193,3824900.0,,4587990.0
2019-09-24,1.21,1.231,1.232,1.206,9451300.0,,11542810.0
2019-09-25,1.231,1.219,1.231,1.213,6444800.0,,7878336.0
2019-09-26,0.406,0.397,0.41,0.396,7078200.0,0.0,8498100.0
2019-09-27,1.18,1.199,1.202,1.18,7437500.0,,8870051.0
2019-09-30,1.178,1.196,1.21,1.178,6681200.0,,8011464.0
2019-10-08,0.398,0.401,0.406,0.398,5484800.0,0.0,6637500.0
2019-10-09,1.206,1.2,1.206,1.185,6340600.0,,7551614.0
2019-10-10,0.4,0.414,0.415,0.4,7986200.0,0.0,9807700.0
2019-10-11,0.413,0.416,0.418,0.413,9859500.0,0.0,12307600.0
2019-10-14,1.259,1.256,1.266,1.251,9983000.0,,12552117.0
2019-10-15,0.417,0.416,0.42,0.415,6548500.0,0.0,8202000.0
2019-10-16,0.416,0.422,0.425,0.416,11035500.0,0.0,13933100.0
2019-10-17,1.266,1.268,1.277,1.256,6634700.0,,8401546.0
2019-10-18,0.423,0.424,0.431,0.422,14988800.0,0.0,19152800.0
2019-10-21,1.26,1.243,1.278,1.227,16260200.0,,20285847.0
2019-10-22,1.243,1.253,1.26,1.239,12054000.0,,15018245.0
2019-10-23,0.416,0.409,0.418,0.408,12187400.0,0.0,15077400.0
2019-10-24,0.412,0.407,0.412,0.404,6613400.0,0.0,8063800.0
2019-10-25,0.407,0.411,0.411,0.4,5993700.0,0.0,7359299.999999999
2019-10-28,0.411,0.42,0.421,0.411,9817300.0,0.0,12287200.0
2019-10-29,1.261,1.268,1.275,1.256,9311400.0,,11805562.0
2019-10-30,0.423,0.419,0.423,0.417,12093600.0,0.0,15222800.0
2019-10-31,0.424,0.422,0.427,0.421,9457100.0,0.0,12036500.0
2019-11-01,0.425,0.431,0.431,0.421,14186700.0,0.0,18185600.0
2019-11-04,0.431,0.441,0.441,0.431,16403800.0,0.0,21612800.000000004
2019-11-05,0.441,0.44,0.442,0.438,14580900.0,0.0,19252500.0
2019-11-06,0.44,0.437,0.442,0.436,16099800.0,0.0,21148900.0
2019-11-07,1.306,1.326,1.334,1.304,15255500.0,,20200173.0
2019-11-08,0.445,0.44,0.446,0.439,14538800.0,0.0,19248000.0
2019-11-11,0.439,0.429,0.439,0.427,20967100.0,0.0,27172800.000000004
2019-11-12,1.286,1.295,1.295,1.278,18753200.0,,24131466.0
2019-11-13,1.291,1.322,1.327,1.29,29370400.0,,38557497.0
2019-11-14,1.321,1.333,1.337,1.32,22551700.0,,29995377.0
2019-11-15,1.333,1.325,1.339,1.321,18009000.0,,23951421.0
2019-11-18,1.325,1.328,1.33,1.315,18865800.0,,24969089.0
2019-11-19,1.328,1.365,1.366,1.326,28515900.0,,38609646.0
2019-11-20,1.36,1.37,1.382,1.36,29520700.0,,40469041.0
2019-11-21,1.369,1.344,1.369,1.34,40648500.0,,54909353.0
2019-11-22,1.338,1.294,1.352,1.279,49166200.0,,64519733.0
2019-11-25,1.29,1.27,1.297,1.253,25093400.0,,31921821.0
2019-11-26,1.279,1.27,1.282,1.264,19472800.0,,24785684.0
2019-11-27,1.275,1.263,1.275,1.25,20351100.0,,25663651.0
2019-11-28,1.267,1.26,1.268,1.254,23382200.0,,29477471.0
2019-11-29,1.258,1.233,1.258,1.22,33337800.0,,41105399.0
2019-12-02,1.234,1.22,1.237,1.218,27554100.0,,33694612.0
2019-12-03,1.215,1.225,1.225,1.198,35988400.0,,43535571.0
2019-12-04,1.219,1.231,1.236,1.215,21227900.0,,26090174.0
2019-12-05,1.232,1.247,1.25,1.232,21604600.0,,26873209.0
2019-12-06,1.247,1.252,1.252,1.242,18292700.0,,22805127.0
2019-12-09,1.251,1.231,1.256,1.223,34171100.0,,42052354.0
2019-12-10,1.232,1.25,1.25,1.224,23896400.0,,29659374.0
2019-12-11,1.251,1.245,1.252,1.241,20404100.0,,25442566.0
2019-12-12,0.417,0.414,0.417,0.413,19954700.0,0.0,24817400.0
2019-12-13,0.416,0.422,0.423,0.415,34885699.0,0.0,43962500.0
2019-12-16,0.422,0.427,0.427,0.422,28178100.0,0.0,35887000.0
2019-12-17,0.428,0.431,0.432,0.424,36349500.0,0.0,46681200.0
2019-12-18,0.43,0.424,0.431,0.423,39978000.0,0.0,51013800.0
2019-12-19,0.424,0.423,0.424,0.42,21170500.0,0.0,26764600.0
2019-12-20,0.422,0.418,0.424,0.417,24608100.0,0.0,30959700.0
2019-12-23,1.244,1.24,1.261,1.237,40818500.0,,50994571.0
2019-12-24,0.414,0.415,0.415,0.412,23542900.0,0.0,29195900.0
2019-12-25,1.246,1.243,1.246,1.235,19906200.0,,24681254.0
2019-12-26,0.414,0.415,0.416,0.413,24856300.0,0.0,30897100.0
2019-12-27,1.246,1.23,1.247,1.228,44876600.0,,55496330.0
2019-12-30,1.23,1.236,1.236,1.215,28126600.0,,34483747.0
2019-12-31,1.235,1.26,1.263,1.234,49242900.0,,61761057.0
2020-01-02,1.262,1.262,1.265,1.249,40979400.0,,51504992.0
2020-01-03,0.421,0.419,0.421,0.416,40712000.0,0.0,51077200.0
2020-01-06,0.416,0.416,0.418,0.412,41088900.0,0.0,51192500.0
2020-01-07,0.414,0.424,0.424,0.414,44889100.0,0.0,56610800.0
2020-01-08,0.423,0.421,0.425,0.42,50486800.0,0.0,63827000.0
2020-01-09,0.424,0.437,0.438,0.424,82728100.0,0.0,107538800.0
2020-01-10,1.313,1.312,1.32,1.309,45700800.0,,60031035.0
2020-01-13,0.437,0.442,0.442,0.432,34996700.0,0.0,45864500.0
2020-01-14,1.325,1.313,1.33,1.31,32258800.0,,42466248.0
2020-01-15,0.436,0.44,0.444,0.434,35815200.0,0.0,47334399.99999999
2020-01-16,0.44,0.447,0.448,0.437,49983900.0,0.0,66532200.0
2020-01-17,1.341,1.35,1.361,1.334,36323100.0,,48979301.0
2020-01-20,0.455,0.455,0.459,0.447,56716200.0,0.0,77016100.0
2020-01-21,1.381,1.38,1.395,1.363,66228000.0,,91541796.0
2020-01-22,1.39,1.367,1.39,1.349,46471701.0,,63340473.0
2020-01-23,0.455,0.446,0.459,0.439,59369200.0,0.0,80123300.0
2020-02-03,0.472,0.431,0.474,0.415,96367600.0,0.0,128744800.0
2020-02-04,0.426,0.456,0.457,0.426,62585000.0,0.0,83175000.0
2020-02-05,0.456,0.466,0.466,0.451,76371700.0,0.0,105442200.0
2020-02-06,1.395,1.451,1.468,1.388,114800000.0,,165131166.0
2020-02-07,1.462,1.438,1.472,1.416,86329100.0,,124690778.0
2020-02-10,0.479,0.476,0.484,0.47,71205399.0,0.0,101710100.0
2020-02-11,0.474,0.478,0.48,0.471,48738900.0,0.0,69531200.0
2020-02-12,0.477,0.486,0.488,0.477,49817200.0,0.0,72428100.0
2020-02-13,1.466,1.454,1.473,1.442,33951000.0,,49461733.0
2020-02-14,0.483,0.483,0.49,0.479,28567700.0,0.0,41561400.0
2020-02-17,0.483,0.499,0.5,0.483,40927400.0,0.0,60795400.0
2020-02-18,1.496,1.503,1.507,1.49,29156500.0,,43710817.0
2020-02-19,1.49,1.47,1.5,1.467,32585100.0,,48207677.0
2020-02-20,0.49,0.497,0.498,0.49,32485300.0,0.0,48248600.0
2020-02-21,1.485,1.513,1.524,1.485,39989400.0,,60294674.0
2020-02-24,1.52,1.574,1.579,1.52,70579300.0,,108670202.0
2020-02-25,1.574,1.566,1.582,1.516,115907557.0,,181079260.0
2020-02-26,0.515,0.501,0.518,0.5,63529000.0,0.0,96779400.0
2020-02-27,1.498,1.538,1.555,1.498,77203100.0,,118219223.0
2020-02-28,1.499,1.494,1.538,1.488,90151300.0,,136286425.0
2020-03-02,1.512,1.555,1.559,1.501,59389600.0,,90813614.0
2020-03-03,0.532,0.533,0.545,0.525,181994900.0,0.0,292353600.0
2020-03-04,1.6,1.576,1.603,1.554,129252000.0,,203432060.0
2020-03-05,1.587,1.595,1.601,1.576,97675800.0,,155378836.0
2020-03-06,1.586,1.613,1.626,1.563,93256300.0,,150302002.0
2020-03-09,1.617,1.572,1.617,1.57,137025800.0,,218097446.0
2020-03-10,1.557,1.569,1.59,1.512,126408340.0,,195960286.0
2020-03-11,1.567,1.54,1.576,1.54,70729600.0,,109988306.0
2020-03-12,1.523,1.492,1.537,1.481,79673500.0,,119655607.0
2020-03-13,0.473,0.49,0.497,0.465,74860600.0,0.0,108193500.0
2020-03-16,0.491,0.466,0.495,0.465,72844100.0,0.0,105451000.0
2020-03-17,0.466,0.462,0.474,0.448,65278600.0,0.0,90352100.0
2020-03-18,0.466,0.458,0.477,0.457,66163300.0,0.0,93236200.0
2020-03-19,0.461,0.45,0.461,0.437,67216200.0,0.0,90558200.0
2020-03-20,0.454,0.464,0.465,0.454,56454960.0,0.0,77769700.0
2020-03-23,0.454,0.451,0.465,0.449,52781800.0,0.0,72213500.0
2020-03-24,0.458,0.465,0.465,0.453,52869600.0,0.0,73073200.0
2020-03-25,0.475,0.485,0.487,0.474,73817200.0,0.0,106416500.0
2020-03-26,1.456,1.5,1.502,1.442,131983400.0,,195798246.0
2020-03-27,1.526,1.471,1.53,1.465,121654900.0,,181502302.0
2020-03-30,1.454,1.429,1.473,1.423,82270700.0,,118987585.0
2020-03-31,1.438,1.431,1.444,1.422,51917500.0,,74285482.0
2020-04-01,1.425,1.421,1.446,1.416,63589100.0,,90962830.0
2020-04-02,1.425,1.455,1.455,1.411,61445600.0,,88021880.0
2020-04-03,1.45,1.461,1.478,1.45,54488500.0,,79937174.0
2020-04-07,0.494,0.502,0.503,0.492,73614500.0,0.0,110061500.0
2020-04-08,0.499,0.499,0.502,0.493,47182000.0,0.0,70565400.0
2020-04-09,0.501,0.52,0.522,0.501,84404000.0,0.0,130372100.0
2020-04-10,0.52,0.51,0.526,0.508,84554300.0,0.0,131085300.0
2020-04-13,0.507,0.512,0.516,0.507,66447300.0,0.0,102052200.0
2020-04-14,1.535,1.558,1.56,1.516,66168900.0,,101902902.0
2020-04-15,1.557,1.557,1.579,1.55,54901500.0,,85812420.0
2020-04-16,1.545,1.586,1.597,1.542,69626200.0,,109715736.0
2020-04-17,0.53,0.525,0.535,0.523,59993300.0,0.0,95051400.0
2020-04-20,0.525,0.54,0.542,0.525,71139900.0,0.0,114602600.0
2020-04-21,0.54,0.536,0.542,0.528,51797100.0,0.0,83037900.00000001
2020-04-22,1.588,1.619,1.62,1.577,59987200.0,,96286101.0
2020-04-23,0.542,0.541,0.553,0.539,51282200.0,0.0,83796900.0
2020-04-24,1.617,1.585,1.62,1.577,50516400.0,,80533521.0
2020-04-27,1.584,1.602,1.615,1.562,59153200.0,,94420466.0
2020-04-28,0.533,0.538,0.542,0.524,59869900.0,0.0,96242900.0
2020-04-29,0.536,0.531,0.542,0.53,40981500.0,0.0,65782600.0
2020-04-30,1.59,1.578,1.598,1.572,78754500.0,,124200986.0
2020-05-06,1.566,1.608,1.608,1.561,46466100.0,,73741254.0
2020-05-07,0.535,0.538,0.541,0.532,78608400.0,0.0,126876600.0
2020-05-08,1.618,1.635,1.642,1.614,45354200.0,,73988800.0
2020-05-11,1.65,1.614,1.655,1.604,45550900.0,,73805557.0
2020-05-12,1.615,1.647,1.649,1.609,51516300.0,,84233875.0
2020-05-13,0.549,0.571,0.571,0.549,66043200.0,0.0,111398300.0
2020-05-14,1.702,1.685,1.704,1.682,56034900.0,,94658304.0
2020-05-15,1.681,1.671,1.69,1.656,67355900.0,,112353066.0
2020-05-18,0.554,0.569,0.572,0.553,85012987.0,0.0,144366500.0
2020-05-19,0.57,0.571,0.575,0.563,74475500.0,0.0,126844900.0
2020-05-20,1.708,1.682,1.715,1.672,60154900.0,,101672748.0
2020-05-21,0.563,0.564,0.573,0.562,80461300.0,0.0,137151100.0
2020-05-22,0.562,0.548,0.565,0.545,66228617.00000001,0.0,110170900.0
2020-05-25,1.642,1.662,1.663,1.636,41410900.0,,68460750.0
2020-05-26,0.555,0.571,0.571,0.555,63325500.0,0.0,107266700.0
2020-05-27,0.572,0.556,0.572,0.553,64365600.0,0.0,108352100.0
2020-05-28,1.663,1.655,1.673,1.623,62070000.0,,102436023.0
2020-05-29,1.649,1.694,1.7,1.64,70636191.0,,119145237.0
2020-06-01,0.569,0.577,0.579,0.568,60745691.0,0.0,104440900.0
2020-06-02,0.576,0.57,0.577,0.564,92019517.0,0.0,156767300.0
2020-06-03,1.711,1.71,1.723,1.704,56607600.0,,96967261.0
2020-06-04,1.71,1.722,1.726,1.705,60550900.0,,103865639.0
2020-06-05,1.723,1.732,1.735,1.713,41832300.0,,72051345.0
2020-06-08,0.577,0.57,0.581,0.567,96655500.0,0.0,165594300.0
2020-06-09,0.57,0.575,0.577,0.567,53411900.0,0.0,91869700.0
2020-06-10,1.722,1.758,1.764,1.721,60081100.0,,105103615.0
2020-06-11,0.585,0.585,0.594,0.58,44762400.0,0.0,78844200.0
2020-06-12,0.576,0.599,0.6,0.573,67664300.0,0.0,120005500.0
2020-06-15,1.821,1.828,1.849,1.816,63535400.0,,116320580.0
2020-06-16,0.61,0.624,0.624,0.606,58911500.0,0.0,108715700.0
2020-06-17,0.626,0.631,0.638,0.625,107167680.0,0.0,202894600.0
2020-06-18,1.886,1.845,1.886,1.823,110545500.0,,203890539.0
2020-06-19,1.832,1.894,1.906,1.832,111948300.0,,210506714.0
2020-06-22,0.637,0.638,0.643,0.63,71320080.0,0.0,136006000.0
2020-06-23,0.637,0.653,0.654,0.634,73410200.0,0.0,142119100.0
2020-06-24,1.957,1.95,1.97,1.921,90454700.0,,175554917.0
2020-06-29,0.651,0.663,0.663,0.65,79358600.0,0.0,156396100.0
2020-06-30,0.665,0.676,0.677,0.661,66009600.0,0.0,132819600.0
2020-07-01,2.03,1.985,2.036,1.948,206381809.0,,409969753.0
2020-07-02,0.658,0.65,0.66,0.646,149692600.0,0.0,292630300.0
2020-07-03,1.945,1.996,1.999,1.913,169057800.0,,332600755.0
2020-07-06,0.662,0.666,0.675,0.654,176182614.0,0.0,349825199.99999994
2020-07-07,1.999,2.044,2.061,1.965,141106145.0,,285149666.0
2020-07-08,2.053,2.055,2.058,2.021,107526400.0,,219888653.0
2020-07-09,0.682,0.713,0.715,0.68,111590000.0,0.0,233503200.0
2020-07-10,0.715,0.725,0.73,0.707,127111417.0,0.0,275512300.0
2020-07-13,0.734,0.751,0.754,0.731,246904231.0,0.0,549286400.0
2020-07-14,2.272,2.203,2.275,2.147,230850900.0,,509293242.0
2020-07-15,2.209,2.217,2.268,2.18,169441074.0,,378038214.0
2020-07-16,0.744,0.698,0.747,0.694,164877544.0,0.0,356465000.0
2020-07-17,2.09,2.132,2.175,2.09,125122569.0,,266550969.0
2020-07-20,2.17,2.134,2.176,2.053,138359269.0,,290454582.0
2020-07-21,0.706,0.732,0.734,0.703,140597569.0,0.0,304936900.0
2020-07-22,2.171,2.221,2.238,2.16,89120800.0,,197168755.0
2020-07-23,0.734,0.755,0.756,0.729,130948890.0,0.0,292748300.0
2020-07-24,0.754,0.71,0.754,0.7,162245700.0,0.0,351264600.0
2020-07-27,0.71,0.713,0.722,0.704,79357888.0,0.0,169922300.0
2020-07-28,0.716,0.722,0.722,0.707,77669947.0,0.0,166911900.0
2020-07-29,2.153,2.22,2.225,2.15,145531167.0,,321066376.0
2020-07-30,2.22,2.211,2.256,2.199,93932100.0,,209030086.0
2020-07-31,0.736,0.747,0.749,0.727,85767272.0,0.0,190854900.00000003
2020-08-03,2.255,2.28,2.281,2.222,80780700.0,,182724429.0
2020-08-04,2.288,2.268,2.32,2.261,81736710.0,,187226869.0
2020-08-05,2.25,2.287,2.297,2.231,77925400.0,,176998331.0
2020-08-06,2.285,2.244,2.308,2.226,162271786.0,,364801486.0
2020-08-07,2.233,2.2,2.268,2.158,122811557.0,,271478313.0
2020-08-10,2.2,2.21,2.22,2.154,75752859.0,,166253482.0
2020-08-11,0.735,0.724,0.749,0.723,55115151.0,0.0,122200100.0
2020-08-12,0.721,0.704,0.726,0.692,60751100.0,0.0,128582500.0
2020-08-13,0.704,0.699,0.709,0.697,43901300.0,0.0,92630400.0
2020-08-14,0.7,0.707,0.711,0.691,33537500.0,0.0,70586600.0
2020-08-17,0.71,0.713,0.713,0.699,55836500.0,0.0,118498000.0
2020-08-18,2.138,2.15,2.159,2.13,45945300.0,,98702413.0
2020-08-19,2.15,2.092,2.15,2.091,44083100.0,,93239090.0
2020-08-20,0.692,0.694,0.705,0.687,39793700.0,0.0,83007700.0
2020-08-21,2.097,2.105,2.118,2.092,38039100.0,,80147020.0
2020-08-24,2.12,2.135,2.138,2.072,43042061.0,,91084228.0
2020-08-25,2.128,2.153,2.165,2.128,45857668.0,,98696575.0
2020-08-26,0.717,0.719,0.736,0.714,71499500.0,0.0,155989600.0
2020-08-27,2.15,2.195,2.198,2.14,51730600.0,,112322992.0
2020-08-28,0.733,0.75,0.75,0.728,67910200.0,0.0,151210800.0
2020-08-31,2.254,2.233,2.266,2.22,65816861.0,,147731634.0
2020-09-01,0.746,0.75,0.751,0.743,46510000.0,0.0,104274800.0
2020-09-02,2.252,2.244,2.259,2.219,45868803.0,,102707405.0
2020-09-03,0.746,0.745,0.763,0.74,51858300.0,0.0,117013700.0
2020-09-04,2.181,2.18,2.199,2.15,63399300.0,,137705035.0
2020-09-07,0.721,0.7,0.729,0.699,51628100.0,0.0,110333300.0
2020-09-08,0.7,0.7,0.709,0.691,37860800.0,0.0,79361700.0
2020-09-09,2.078,2.018,2.078,2.001,65771075.0,,133632121.0
2020-09-10,2.04,2.0,2.072,1.993,40201100.0,,81847151.0
2020-09-11,0.664,0.678,0.679,0.664,33565500.0,0.0,67825200.0
2020-09-14,2.047,2.041,2.06,2.026,25813400.0,,52757709.0
2020-09-15,0.68,0.688,0.689,0.674,27270700.0,0.0,55950200.00000001
2020-09-16,2.065,2.022,2.074,2.009,28970900.0,,58775566.0
2020-09-17,2.012,2.0,2.02,1.971,32323000.0,,64330314.0
2020-09-18,1.993,2.025,2.026,1.98,31148800.0,,62480804.0
2020-09-21,2.024,2.001,2.028,1.993,27116200.0,,54399109.0
2020-09-22,0.663,0.674,0.68,0.663,42089400.0,0.0,85264100.0
2020-09-23,0.673,0.69,0.693,0.67,42661875.0,0.0,87487200.0
2020-09-24,0.684,0.678,0.687,0.673,28893075.0,0.0,58868100.00000001
2020-09-25,0.678,0.682,0.69,0.678,26273899.0,0.0,53822900.0
2020-09-28,2.043,2.02,2.056,2.013,26140098.0,,53086229.0
2020-09-29,0.676,0.687,0.691,0.672,33169895.0,0.0,67849800.0
2020-09-30,0.687,0.7,0.705,0.685,41899900.0,0.0,87869100.0
2020-10-09,0.711,0.717,0.718,0.707,35055700.0,0.0,74975500.0
2020-10-12,2.161,2.237,2.24,2.161,59845645.0,,132133829.0
2020-10-13,0.748,0.757,0.758,0.742,61980218.00000001,0.0,139881000.0
2020-10-14,2.262,2.268,2.294,2.247,64494209.0,,146668928.0
2020-10-15,0.753,0.747,0.754,0.743,53166591.0,0.0,119166400.0
2020-10-16,2.24,2.251,2.264,2.212,62640800.0,,140577349.0
2020-10-19,0.751,0.729,0.753,0.727,56023900.0,0.0,123811200.0
2020-10-20,2.172,2.218,2.219,2.172,37352000.0,,82058910.0
2020-10-21,0.741,0.738,0.748,0.733,43495218.0,0.0,96660100.0
2020-10-22,0.733,0.732,0.736,0.72,34298318.0,0.0,74844200.0
2020-10-23,0.73,0.711,0.737,0.707,40175200.0,0.0,86764700.0
2020-10-26,0.709,0.719,0.72,0.696,32733000.0,0.0,69851800.0
2020-10-27,0.717,0.739,0.74,0.714,47826400.0,0.0,105071800.0
2020-10-28,2.217,2.239,2.249,2.203,46876900.0,,104521909.0
2020-10-29,0.74,0.765,0.768,0.74,78859500.0,0.0,179443300.00000003
2020-10-30,0.763,0.748,0.766,0.745,55984006.99999999,0.0,126533400.0
2020-11-02,2.242,2.245,2.262,2.219,39204400.0,,87746251.0
2020-11-03,0.743,0.757,0.759,0.741,51820799.0,0.0,116893300.0
2020-11-04,0.756,0.756,0.759,0.748,38253400.0,0.0,86394000.0
2020-11-05,0.759,0.752,0.761,0.74,66298000.0,0.0,149083600.0
2020-11-06,2.236,2.194,2.246,2.166,71558000.0,,157333731.0
2020-11-09,0.729,0.753,0.756,0.729,75414100.0,0.0,169020900.0
2020-11-10,0.746,0.736,0.747,0.732,41438000.0,0.0,91676300.0
2020-11-11,2.205,2.152,2.209,2.149,34821200.0,,75473300.0
2020-11-12,0.717,0.725,0.731,0.717,25026400.0,0.0,54403100.00000001
2020-11-13,0.722,0.725,0.727,0.719,28335400.0,0.0,61502100.0
2020-11-16,2.175,2.193,2.193,2.152,30949000.0,,67475350.0
2020-11-17,0.73,0.71,0.73,0.704,51018300.0,0.0,109069700.0
2020-11-18,2.12,2.061,2.142,2.052,63388737.0,,131863031.0
2020-11-19,2.054,2.074,2.078,2.033,31265815.0,,64567225.0
2020-11-20,2.073,2.097,2.111,2.073,32493300.0,,68212202.0
2020-11-23,0.699,0.697,0.703,0.693,43724400.0,0.0,91467700.0
2020-11-24,2.086,2.073,2.09,2.055,29149200.0,,60246423.0
2020-11-25,2.07,2.014,2.07,2.011,59556100.0,,120679841.0
2020-11-26,2.025,2.016,2.041,1.992,40112367.0,,80704782.0
2020-11-27,2.02,2.023,2.04,2.001,36454500.0,,73622475.0
2020-11-30,2.012,2.026,2.035,1.987,52061800.0,,104832108.0
2020-12-01,2.031,2.087,2.088,2.025,62217700.0,,128726525.0
2020-12-02,2.081,2.085,2.103,2.064,41280400.0,,85894837.0
2020-12-03,2.085,2.13,2.138,2.078,56204728.0,,118937225.0
2020-12-04,2.12,2.154,2.158,2.115,33603600.0,,71910456.0
2020-12-07,2.147,2.154,2.165,2.128,64780500.0,,139126626.0
2020-12-08,2.15,2.163,2.171,2.15,31606200.0,,68384552.0
2020-12-09,2.16,2.126,2.176,2.125,42762612.0,,91884319.0
2020-12-10,2.124,2.177,2.178,2.086,62095400.0,,133876903.0
2020-12-11,2.177,2.169,2.19,2.14,51512914.0,,111542305.0
2020-12-14,2.164,2.202,2.205,2.142,54214900.0,,118139768.0
2020-12-15,0.736,0.739,0.747,0.73,80831700.0,0.0,179110600.0
2020-12-16,2.218,2.23,2.238,2.2,43033900.0,,95563543.0
2020-12-17,2.23,2.262,2.285,2.23,49773200.0,,112593252.0
2020-12-18,2.259,2.238,2.26,2.231,42197900.0,,94672404.0
2020-12-21,0.746,0.761,0.761,0.741,45834656.0,0.0,103501300.0
2020-12-22,2.287,2.291,2.331,2.281,66424400.0,,153088294.0
2020-12-23,2.29,2.276,2.291,2.236,56252900.0,,127314094.0
2020-12-24,2.261,2.269,2.284,2.256,36111900.0,,81926442.0
2020-12-25,0.753,0.77,0.771,0.751,43587800.0,0.0,99691600.0
2020-12-28,2.32,2.299,2.322,2.289,41651000.0,,95932761.0
2020-12-29,2.298,2.292,2.3,2.259,39238200.0,,89443142.0
2020-12-30,2.271,2.317,2.325,2.271,37570700.0,,86746187.0
2020-12-31,2.308,2.353,2.36,2.308,39634311.0,,92792734.0
2021-01-04,2.339,2.354,2.391,2.32,67357600.0,,158815556.0
2021-01-05,2.349,2.398,2.399,2.337,48149900.0,,114545943.0
2021-01-06,2.383,2.442,2.444,2.382,79176300.0,,191536041.0
2021-01-07,2.444,2.461,2.463,2.417,62625700.0,,152647551.0
2021-01-08,2.454,2.465,2.502,2.43,60141811.0,,148017822.0
2021-01-11,2.461,2.47,2.51,2.437,71619000.0,,177245650.0
2021-01-12,2.471,2.497,2.5,2.432,59059330.0,,145749100.0
2021-01-13,2.495,2.456,2.504,2.438,57562825.0,,142147736.0
2021-01-14,2.443,2.466,2.494,2.426,48406699.0,,119158051.0
2021-01-15,2.445,2.45,2.463,2.406,46033207.0,,112088754.0
2021-01-18,2.442,2.481,2.495,2.418,41317200.0,,101652073.0
2021-01-19,2.485,2.432,2.491,2.42,36704900.0,,90084784.0
2021-01-20,2.427,2.546,2.55,2.427,77821716.0,,195457139.0
2021-01-21,2.572,2.63,2.637,2.572,79486500.0,,208008327.0
2021-01-22,2.63,2.799,2.81,2.628,120466400.0,,329230939.0
2021-01-25,2.8,2.801,2.829,2.755,132323769.0,,370295822.0
2021-01-26,2.78,2.683,2.78,2.675,102533891.0,,278206934.0
2021-01-27,2.682,2.678,2.718,2.619,64301611.0,,171601530.0
2021-01-28,2.629,2.581,2.665,2.57,70604934.0,,184671659.0
2021-01-29,2.599,2.575,2.63,2.525,73070800.0,,188883456.0
2021-02-01,2.574,2.632,2.634,2.571,78699851.0,,205684336.0
2021-02-02,2.631,2.653,2.656,2.58,76775400.0,,201929488.0
2021-02-03,2.653,2.647,2.695,2.623,68010064.0,,180795144.0
2021-02-04,2.638,2.611,2.67,2.586,67001000.0,,176062111.0
2021-02-05,2.611,2.674,2.705,2.611,74261400.0,,198401638.0
2021-02-08,2.676,2.699,2.703,2.623,69231599.0,,184797909.0
2021-02-09,2.7,2.765,2.768,2.695,66468800.0,,181740551.0
2021-02-10,2.767,2.821,2.835,2.731,75096000.0,,209757518.0
2021-02-18,2.877,2.7,2.877,2.681,144473500.0,,396394726.0
2021-02-19,2.68,2.723,2.732,2.627,79920640.0,,214564987.0
2021-02-22,2.71,2.605,2.717,2.598,86667319.0,,229257548.0
2021-02-23,2.58,2.564,2.613,2.549,61496400.0,,158545576.0
2021-02-25,0.822,0.818,0.833,0.815,204297200.0,,168261956.0
2021-02-26,0.796,0.799,0.813,0.787,226042748.0,,180601604.0
2021-03-01,0.808,0.81,0.812,0.788,120953205.0,,97042943.0
2021-03-02,0.813,0.792,0.817,0.786,147697105.0,,118422972.0
2021-03-03,0.788,0.807,0.807,0.782,125942300.0,,100565447.0
2021-03-04,0.797,0.77,0.799,0.765,197835700.0,,154176097.0
2021-03-05,0.747,0.771,0.778,0.747,161067800.0,,122872377.0
2021-03-08,0.776,0.726,0.779,0.723,188310000.0,,140629575.0
2021-03-09,0.724,0.706,0.731,0.694,176546624.0,,126008203.0
2021-03-10,0.72,0.722,0.73,0.71,150316400.0,,108362533.0
2021-03-11,0.721,0.741,0.75,0.715,171576700.0,,126603078.0
2021-03-12,0.743,0.743,0.745,0.727,116177197.0,,85650986.0
2021-03-15,0.734,0.705,0.736,0.696,214075400.0,,152334363.0
2021-03-16,0.71,0.709,0.713,0.697,131658100.0,,92892533.0
2021-03-17,0.705,0.716,0.722,0.697,106599125.0,,75905053.0
2021-03-18,0.72,0.728,0.732,0.718,113681500.0,,82541486.0
2021-03-19,0.711,0.713,0.725,0.707,130078400.0,,92996551.0
2021-03-22,0.712,0.714,0.725,0.702,96680500.0,,69008653.0
2021-03-23,0.714,0.713,0.723,0.705,96661800.0,,68942046.0
2021-03-24,0.709,0.714,0.725,0.708,111108794.0,,79624334.0
2021-03-25,0.709,0.727,0.729,0.703,148398400.0,0.0,106821800.0
2021-03-26,0.728,0.752,0.753,0.726,260361500.0,,193640858.0
2021-03-29,0.754,0.752,0.761,0.738,217002625.0,,162693472.0
2021-03-30,0.749,0.764,0.77,0.744,135578400.0,,103148885.0
2021-03-31,0.761,0.758,0.764,0.752,130977900.0,,99286804.0
2021-04-01,0.758,0.779,0.78,0.758,141319094.0,,109270539.0
2021-04-02,0.779,0.788,0.792,0.777,145886637.0,,114551876.0
2021-04-06,0.788,0.774,0.788,0.767,147590300.0,,114335566.0
2021-04-07,0.771,0.764,0.771,0.754,116545000.0,0.0,88735000.0
2021-04-08,0.76,0.779,0.779,0.755,119045900.0,,91792593.0
2021-04-09,0.778,0.771,0.783,0.764,131207453.0,,100991881.0
2021-04-12,0.767,0.744,0.77,0.74,231983900.0,0.0,173811699.99999997
2021-04-13,0.741,0.754,0.763,0.74,151102700.0,,113871170.0
2021-04-14,0.754,0.761,0.764,0.748,231777953.0,,175146707.0
2021-04-15,0.759,0.759,0.765,0.748,104931100.0,,79369585.0
2021-04-16,0.762,0.758,0.763,0.746,102816900.0,0.0,77595500.0
2021-04-19,0.76,0.776,0.777,0.752,176552406.0,,135533949.0
2021-04-20,0.775,0.783,0.789,0.767,170781200.0,,133332566.0
2021-04-21,0.775,0.796,0.796,0.775,149368656.0,,117834114.0
2021-04-22,0.799,0.796,0.799,0.786,136104300.0,0.0,107900800.0
2021-04-23,0.794,0.829,0.831,0.794,234654124.0,,192360493.0
2021-04-26,0.84,0.823,0.851,0.821,313848170.0,,263155222.0
2021-04-27,0.82,0.845,0.845,0.816,218634067.0,,182496278.0
2021-04-28,0.847,0.853,0.854,0.835,203817586.0,,172512169.0
2021-04-29,0.85,0.852,0.855,0.838,188068454.0,0.0,159373000.0
2021-04-30,0.852,0.854,0.86,0.849,170855800.0,0.0,145943100.0
2021-05-06,0.848,0.83,0.848,0.816,265545099.0,,220977714.0
2021-05-07,0.83,0.8,0.834,0.798,242255862.0,,196869923.0
2021-05-10,0.8,0.809,0.815,0.798,148362400.0,,119745414.0
2021-05-11,0.803,0.82,0.823,0.796,179871100.0,,146090648.0
2021-05-12,0.818,0.842,0.844,0.812,181546200.0,,150590181.0
2021-05-13,0.833,0.843,0.847,0.824,214681502.0,,179763433.0
2021-05-14,0.843,0.851,0.858,0.835,222006188.0,,188769280.0
2021-05-17,0.853,0.874,0.881,0.853,230307588.0,,200968507.0
2021-05-18,0.873,0.869,0.874,0.859,190312302.0,,164737367.0
2021-05-19,0.866,0.861,0.869,0.856,146355900.0,,125940423.0
2021-05-20,0.859,0.872,0.874,0.858,180472800.0,,156554115.0
2021-05-21,0.872,0.875,0.881,0.862,214640000.0,,187569019.0
2021-05-24,0.871,0.874,0.875,0.848,211813080.0,,182738437.0
2021-05-25,0.87,0.895,0.896,0.87,226270962.0,,201052853.0
2021-05-26,0.893,0.892,0.897,0.884,148846900.0,,132411514.0
2021-05-27,0.892,0.91,0.91,0.882,170745500.0,,153544657.0
2021-05-28,0.909,0.89,0.912,0.88,303617123.0,,271933787.0
2021-05-31,0.888,0.898,0.901,0.885,169517623.0,,151683987.0
2021-06-01,0.898,0.92,0.921,0.894,244240378.0,,221859237.0
2021-06-02,0.908,0.898,0.916,0.893,274457700.0,,247711238.0
2021-06-03,0.893,0.889,0.902,0.88,225602699.0,,201381885.0
2021-06-04,0.884,0.9,0.904,0.882,212164600.0,,190324250.0
2021-06-07,0.9,0.902,0.903,0.884,160897099.0,,144015795.0
2021-06-08,0.899,0.892,0.913,0.878,229161200.0,,205217661.0
2021-06-09,0.885,0.894,0.898,0.879,164134600.0,,146167607.0
2021-06-10,0.895,0.904,0.905,0.894,168449600.0,0.0,151688600.0
2021-06-11,0.904,0.895,0.905,0.887,157982070.0,0.0,141480200.0
2021-06-15,0.892,0.883,0.899,0.878,168543200.0,0.0,149377600.0
2021-06-16,0.883,0.85,0.887,0.848,249174032.0,0.0,215302900.0
2021-06-17,0.846,0.861,0.868,0.846,159987400.0,,137677751.0
2021-06-18,0.863,0.879,0.881,0.863,211303800.0,0.0,184497800.0
2021-06-21,0.874,0.897,0.898,0.87,224617890.0,0.0,199648600.0
2021-06-22,0.896,0.918,0.919,0.885,279848077.0,0.0,253440800.00000003
2021-06-23,0.918,0.91,0.923,0.908,184985077.0,0.0,169320400.0
2021-06-24,0.911,0.898,0.914,0.887,206685282.0,0.0,185366700.0
2021-06-25,0.899,0.926,0.927,0.898,268282977.0,0.0,246244400.0
2021-06-28,0.925,0.94,0.945,0.925,203483682.0,0.0,190589800.0
2021-06-29,0.94,0.937,0.944,0.929,196060400.0,0.0,183382800.0
2021-06-30,0.937,0.941,0.942,0.93,203833373.0,0.0,190981300.0
2021-07-01,0.942,0.953,0.968,0.938,260574820.00000003,0.0,248384600.0
2021-07-02,0.946,0.91,0.947,0.905,378298600.0,0.0,348475400.0
2021-07-05,0.904,0.911,0.924,0.893,286488600.0,0.0,261111300.0
2021-07-06,0.909,0.866,0.911,0.846,574055400.0,0.0,500048000.0
2021-07-07,0.856,0.893,0.901,0.855,362752887.0,0.0,321139600.0
2021-07-08,0.894,0.872,0.902,0.869,373145447.0,0.0,328686400.0
2021-07-09,0.862,0.87,0.874,0.84,288174478.0,0.0,247103300.00000003
2021-07-12,0.87,0.894,0.896,0.854,360287186.0,0.0,317370300.0
2021-07-13,0.889,0.892,0.904,0.884,191037194.0,0.0,170401500.0
2021-07-14,0.888,0.903,0.915,0.882,346736800.0,0.0,313948200.0
2021-07-15,0.898,0.909,0.909,0.89,219445225.0,0.0,197097900.0
2021-07-16,0.903,0.879,0.903,0.875,439647600.0,0.0,389450300.0
2021-07-19,0.875,0.889,0.893,0.872,232963727.0,0.0,206418200.0
2021-07-20,0.888,0.89,0.899,0.882,185331300.0,0.0,165134700.0
2021-07-21,0.892,0.898,0.9,0.887,239622870.00000003,0.0,214457700.0
2021-07-22,0.899,0.882,0.901,0.878,345506432.0,0.0,306039900.0
2021-07-23,0.877,0.85,0.877,0.846,606545500.0,0.0,518357800.0
2021-07-26,0.84,0.803,0.842,0.783,657148372.0,0.0,531043100.0
2021-07-27,0.795,0.786,0.809,0.783,383437187.0,0.0,305137400.0
2021-07-28,0.78,0.816,0.817,0.774,464846700.0,0.0,371298700.0
2021-07-29,0.825,0.833,0.84,0.821,414059667.0,0.0,344138800.0
2021-07-30,0.827,0.815,0.827,0.797,317957597.0,0.0,257407200.0
2021-08-02,0.813,0.826,0.828,0.783,472055867.0,0.0,380397600.0
2021-08-03,0.82,0.856,0.862,0.81,604013038.0,0.0,508689800.00000006
2021-08-04,0.85,0.851,0.853,0.83,408818434.0,0.0,344222100.0
2021-08-05,0.845,0.839,0.854,0.835,394592100.0,0.0,332769600.0
2021-08-06,0.834,0.815,0.837,0.808,383965500.0,0.0,314566100.0
2021-08-09,0.807,0.818,0.826,0.803,211113508.0,0.0,172547400.00000003
2021-08-10,0.82,0.83,0.831,0.801,463886139.0,0.0,379094000.0
2021-08-11,0.828,0.811,0.828,0.807,417327200.0,0.0,340134700.0
2021-08-12,0.804,0.798,0.817,0.796,451745100.0,0.0,362715600.0
2021-08-13,0.8,0.792,0.805,0.784,447080831.0,0.0,355036000.0
2021-08-16,0.79,0.794,0.8,0.786,242008400.0,0.0,192229500.0
2021-08-17,0.791,0.758,0.796,0.754,690776831.0,0.0,533694300.0
2021-08-18,0.758,0.759,0.769,0.754,354998331.0,0.0,269748300.0
2021-08-19,0.759,0.758,0.767,0.756,330889300.0,0.0,251847100.0
2021-08-20,0.75,0.709,0.75,0.7,958843600.0,0.0,687144600.0000001
2021-08-23,0.709,0.712,0.714,0.694,449452049.0,0.0,317360500.0
2021-08-24,0.713,0.735,0.738,0.711,562803614.0,0.0,409540400.0
2021-08-25,0.736,0.744,0.749,0.728,392075857.0,0.0,290295300.0
2021-08-26,0.744,0.721,0.747,0.719,343240890.0,0.0,249522100.0
2021-08-27,0.718,0.717,0.736,0.714,405386100.0,0.0,293667100.0
2021-08-30,0.716,0.707,0.719,0.702,405625392.0,,287471038.0
2021-08-31,0.706,0.7,0.714,0.695,390361500.0,,274171502.0
2021-09-01,0.698,0.703,0.71,0.678,499640531.0,,346393443.0
2021-09-02,0.701,0.68,0.706,0.679,617382600.0,,425506852.0
2021-09-03,0.678,0.686,0.692,0.671,408273100.0,,279698052.0
2021-09-06,0.687,0.727,0.731,0.682,839451356.0,,598714052.0
2021-09-07,0.725,0.723,0.725,0.713,566522400.0,,407559656.0
2021-09-08,0.724,0.714,0.726,0.708,531602688.0,,379896508.0
2021-09-09,0.709,0.715,0.723,0.708,344601800.0,,246401271.0
2021-09-10,0.713,0.712,0.715,0.703,497702927.0,,352993990.0
2021-09-13,0.714,0.71,0.727,0.706,635571971.0,,454284967.0
2021-09-14,0.708,0.723,0.729,0.706,654274711.0,,472569261.0
2021-09-15,0.722,0.714,0.727,0.711,501123011.0,,359277915.0
2021-09-16,0.709,0.722,0.73,0.704,626416341.0,0.0,448667000.0
2021-09-17,0.72,0.761,0.766,0.714,1040510436.0,0.0,775990300.0
2021-09-22,0.75,0.766,0.778,0.748,735882458.0,0.0,562134900.0
2021-09-23,0.765,0.758,0.774,0.751,609702511.0,0.0,463472900.0
2021-09-24,0.756,0.766,0.774,0.752,468847400.0,0.0,358208800.0
2021-09-27,0.765,0.774,0.787,0.762,818930939.0,0.0,636954300.0
2021-09-28,0.769,0.771,0.784,0.761,467774610.0,0.0,361049800.00000006
2021-09-29,0.762,0.76,0.77,0.753,576443771.0,0.0,439593400.0
2021-09-30,0.76,0.773,0.774,0.758,433196910.0,0.0,333160100.0
2021-10-08,0.774,0.768,0.782,0.763,470574900.0,0.0,363366600.00000006
2021-10-11,0.768,0.751,0.775,0.748,967245389.0,0.0,733388500.0
2021-10-12,0.747,0.754,0.764,0.745,627357090.0,0.0,473553600.0
2021-10-13,0.752,0.77,0.773,0.748,743837100.0,0.0,566177100.0
2021-10-14,0.77,0.751,0.77,0.747,1056691815.0,0.0,796830700.0000001
2021-10-15,0.745,0.738,0.745,0.735,884957702.0,0.0,653765600.0
2021-10-18,0.738,0.723,0.739,0.717,779812149.0,0.0,564307300.0
2021-10-19,0.72,0.733,0.736,0.719,586779742.0,0.0,429038000.0
2021-10-20,0.733,0.72,0.736,0.713,743847100.0,0.0,535653600.0
2021-10-21,0.719,0.72,0.729,0.717,522005800.0,0.0,376673800.0
2021-10-22,0.72,0.719,0.723,0.713,504470354.0,0.0,362363700.0
2021-10-25,0.719,0.727,0.728,0.718,489039337.0,0.0,354403500.0
2021-10-26,0.724,0.725,0.736,0.722,449827184.0,0.0,327607400.0
2021-10-27,0.725,0.71,0.726,0.707,597513100.0,0.0,426198900.0
2021-10-28,0.707,0.709,0.716,0.703,439730300.0,0.0,311900800.0
2021-10-29,0.709,0.723,0.725,0.704,666379693.0,0.0,477446300.0
2021-11-01,0.722,0.706,0.725,0.704,843492000.0,0.0,597635200.0
2021-11-02,0.705,0.702,0.712,0.697,616580600.0,0.0,434786300.0
2021-11-03,0.702,0.708,0.713,0.701,424563700.0,0.0,300578100.0
2021-11-04,0.709,0.704,0.711,0.701,640882500.0,0.0,451641800.0
2021-11-05,0.703,0.703,0.708,0.7,392278800.0,0.0,276028700.0
2021-11-08,0.701,0.686,0.702,0.682,868574000.0,0.0,597635700.0
2021-11-09,0.686,0.695,0.696,0.684,542646418.0,0.0,375269700.0
2021-11-10,0.693,0.698,0.699,0.686,606883839.0,0.0,421240400.0
2021-11-11,0.696,0.702,0.706,0.694,487369396.0,0.0,342243200.0
2021-11-12,0.705,0.701,0.707,0.697,290183037.0,0.0,203437000.0
2021-11-15,0.701,0.71,0.71,0.7,477444755.0,0.0,337899700.0
2021-11-16,0.711,0.728,0.732,0.711,967776459.0,0.0,701550800.0
2021-11-17,0.727,0.726,0.735,0.723,415847646.0,0.0,302344600.0
2021-11-18,0.724,0.709,0.724,0.707,614874022.0,0.0,437821200.0
2021-11-19,0.706,0.708,0.71,0.703,375354595.0,0.0,265451400.0
2021-11-22,0.708,0.705,0.708,0.702,578908400.0,0.0,407579600.0
2021-11-23,0.705,0.706,0.71,0.702,480761446.0,0.0,338622800.0
2021-11-24,0.705,0.711,0.711,0.699,596557050.0,0.0,420796100.0
2021-11-25,0.711,0.716,0.719,0.709,581194948.0,0.0,415404100.00000006
2021-11-26,0.717,0.715,0.723,0.714,514816268.0,0.0,369914600.0
2021-11-29,0.723,0.713,0.735,0.709,549870214.0,0.0,396251900.0
2021-11-30,0.711,0.713,0.714,0.705,384190109.0,0.0,272227400.0
2021-12-01,0.711,0.705,0.711,0.702,401686000.0,0.0,283296900.0
2021-12-02,0.702,0.692,0.706,0.692,687476223.0,0.0,479388300.0
2021-12-03,0.692,0.697,0.7,0.691,468068885.0,0.0,325419400.0
2021-12-06,0.695,0.684,0.696,0.683,936912000.0,0.0,645191400.0
2021-12-07,0.687,0.687,0.69,0.683,517050900.0,0.0,354886600.00000006
2021-12-08,0.689,0.696,0.696,0.685,711761299.0,0.0,491569800.00000006
2021-12-09,0.698,0.714,0.715,0.693,1081086863.0,,765905025.0
2021-12-10,0.711,0.711,0.715,0.708,619574168.0,,440679807.0
2021-12-13,0.712,0.706,0.715,0.705,824585700.0,0.0,584716800.0
2021-12-14,0.704,0.707,0.711,0.704,431477900.0,0.0,305204700.0
2021-12-15,0.705,0.681,0.707,0.679,1603595624.0,0.0,1107164900.0
2021-12-16,0.68,0.683,0.689,0.679,763357549.0,0.0,521623300.0
2021-12-17,0.686,0.676,0.691,0.674,994519918.0,0.0,676314700.0
2021-12-20,0.674,0.66,0.676,0.658,1097369785.0,0.0,730077200.0
2021-12-21,0.66,0.668,0.668,0.659,466008100.0,0.0,309730000.0
2021-12-22,0.669,0.667,0.67,0.664,269897449.0,,180016315.0
2021-12-23,0.669,0.662,0.67,0.66,368916000.0,,244565257.0
2021-12-24,0.664,0.66,0.664,0.657,448155282.0,0.0,295715100.0
2021-12-27,0.66,0.668,0.668,0.657,463097004.0,0.0,306346200.0
2021-12-28,0.667,0.673,0.675,0.661,557722312.0,,372921271.0
2021-12-29,0.672,0.673,0.682,0.671,537922400.0,,364305475.0
2021-12-30,0.674,0.681,0.683,0.67,733135593.0,0.0,497422300.00000006
2021-12-31,0.681,0.677,0.684,0.674,444902197.0,,301593732.0
2022-01-04,0.672,0.651,0.673,0.648,1425101088.0,,932760423.0
2022-01-05,0.65,0.641,0.65,0.638,676981197.0,,435000028.0
2022-01-06,0.638,0.628,0.639,0.625,870812993.0,,548697635.0
2022-01-07,0.628,0.623,0.63,0.622,575908393.0,,360198107.0
2022-01-10,0.621,0.631,0.631,0.615,621487229.0,,388659732.0
2022-01-11,0.627,0.626,0.63,0.622,432288322.0,,270701021.0
2022-01-12,0.626,0.638,0.64,0.624,695079065.0,,441296050.0
2022-01-13,0.639,0.632,0.641,0.631,418969183.0,,266696831.0
2022-01-14,0.627,0.638,0.643,0.626,542817429.0,,345635212.0
2022-01-17,0.639,0.639,0.644,0.635,357343400.0,0.0,228357800.0
2022-01-18,0.639,0.632,0.643,0.63,421822400.0,,267711578.0
2022-01-19,0.63,0.62,0.63,0.616,564975295.0,0.0,351408700.0
2022-01-20,0.618,0.614,0.623,0.612,548691800.0,0.0,338204000.0
2022-01-21,0.613,0.596,0.613,0.594,960902283.0,0.0,576780600.0
2022-01-24,0.593,0.597,0.599,0.591,375488783.0,0.0,223670300.0
2022-01-25,0.594,0.582,0.597,0.581,508660300.0,,300059467.0
2022-01-26,0.582,0.57,0.587,0.565,553845926.0,,318166880.0
2022-01-27,0.569,0.558,0.57,0.556,473502418.0,,267012706.0
2022-01-28,0.561,0.559,0.565,0.553,411754483.0,,230579224.0
2022-02-07,0.565,0.562,0.569,0.559,331755300.0,,187279634.0
2022-02-08,0.555,0.55,0.556,0.536,800828419.0,,435838906.0
2022-02-09,0.55,0.552,0.554,0.54,678433400.0,,371953817.0
2022-02-10,0.551,0.538,0.551,0.536,783508700.0,,424441180.0
2022-02-11,0.534,0.52,0.534,0.518,838135525.0,,440446349.0
2022-02-14,0.518,0.526,0.53,0.517,521707705.0,,273797977.0
2022-02-15,0.526,0.556,0.557,0.524,1253670637.0,,683723621.0
2022-02-16,0.556,0.557,0.563,0.553,594769259.0,,331768133.0
2022-02-17,0.557,0.558,0.56,0.552,356609016.0,,198492568.0
2022-02-18,0.554,0.561,0.562,0.552,350932194.0,,195788870.0
2022-02-21,0.565,0.561,0.568,0.555,311740600.0,,174808243.0
2022-02-22,0.556,0.549,0.556,0.545,372194000.0,0.0,204215600.0
2022-02-23,0.55,0.562,0.562,0.549,351958431.0,0.0,195971100.0
2022-02-24,0.557,0.549,0.566,0.543,480548115.00000006,0.0,266518600.0
2022-02-25,0.554,0.575,0.578,0.553,1034295003.0,0.0,592250900.0
2022-02-28,0.574,0.579,0.58,0.567,736202803.0,0.0,423500900.0
2022-03-01,0.579,0.582,0.585,0.575,477635000.0,0.0,277092000.0
2022-03-02,0.575,0.573,0.577,0.567,552483049.0,0.0,315900600.0
2022-03-03,0.575,0.567,0.576,0.565,351810948.0,0.0,200113900.0
2022-03-04,0.56,0.567,0.574,0.559,599013522.0,0.0,340264700.0
2022-03-07,0.562,0.547,0.565,0.545,553368400.0,0.0,304980600.0
2022-03-08,0.544,0.534,0.557,0.532,453849723.00000006,0.0,246830900.0
2022-03-09,0.534,0.519,0.539,0.499,853616085.0,0.0,443156400.0
2022-03-10,0.532,0.542,0.542,0.53,656186100.0,0.0,352433100.0
2022-03-11,0.533,0.556,0.556,0.531,590643006.0,0.0,320423600.0
2022-03-14,0.563,0.542,0.564,0.541,770466652.0,0.0,424229000.0
2022-03-15,0.532,0.516,0.544,0.513,757814273.0,0.0,399604900.0
2022-03-16,0.523,0.528,0.53,0.498,888276352.0,0.0,455725500.0
2022-03-17,0.536,0.545,0.558,0.532,956736630.0,,523072036.0
2022-03-18,0.54,0.544,0.546,0.536,433031600.0,,234124330.0
2022-03-21,0.545,0.546,0.55,0.537,358477300.0,,195314518.0
2022-03-22,0.542,0.533,0.542,0.531,441130510.0,,235955343.0
2022-03-23,0.535,0.551,0.554,0.532,917286900.0,,501026879.0
2022-03-24,0.545,0.563,0.569,0.54,985357778.0,,549491515.0
2022-03-25,0.559,0.543,0.562,0.542,597192805.0,,329664684.0
2022-03-28,0.54,0.543,0.546,0.537,443220213.0,0.0,240076000.0
2022-03-29,0.545,0.545,0.552,0.541,331612900.0,,181245922.0
2022-03-30,0.547,0.564,0.564,0.539,622177000.0,,344480830.0
2022-03-31,0.56,0.56,0.571,0.557,539221100.0,,303847109.0
2022-04-01,0.555,0.557,0.56,0.549,439973600.0,0.0,244196000.0
2022-04-06,0.558,0.553,0.561,0.55,422867700.0,0.0,234476000.0
2022-04-07,0.549,0.543,0.556,0.543,431163300.0,,236304705.0
2022-04-08,0.543,0.537,0.546,0.532,414917400.0,0.0,223581200.0
2022-04-11,0.535,0.528,0.538,0.525,472172500.0,,250345676.0
2022-04-12,0.528,0.546,0.547,0.527,456606709.0,,245210066.0
2022-04-13,0.542,0.534,0.543,0.532,385216039.0,,206931666.0
2022-04-14,0.537,0.545,0.55,0.535,535531200.0,,290519603.0
2022-04-15,0.541,0.55,0.556,0.535,494663600.0,,270372278.0
2022-04-18,0.545,0.549,0.55,0.543,281907400.0,0.0,154145500.0
2022-04-19,0.547,0.535,0.552,0.532,616480800.0,0.0,331730400.0
2022-04-20,0.534,0.524,0.535,0.522,560939337.0,,296124193.0
2022-04-21,0.521,0.511,0.529,0.508,508936400.0,0.0,263459800.0
2022-04-22,0.509,0.516,0.522,0.504,473763000.0,0.0,242285500.0
2022-04-25,0.509,0.492,0.512,0.491,565303600.0,0.0,285196000.0
2022-04-26,0.493,0.503,0.515,0.493,598044500.0,,302206916.0
2022-04-27,0.498,0.516,0.517,0.495,509020700.0,,256989832.0
2022-04-28,0.511,0.506,0.513,0.501,506991200.0,,256347855.0
2022-04-29,0.506,0.517,0.519,0.502,892927390.0,,455936470.0
2022-05-05,0.513,0.515,0.518,0.508,373326390.0,,191621601.0
2022-05-06,0.505,0.506,0.513,0.503,415131000.0,0.0,210980300.0
2022-05-09,0.504,0.499,0.509,0.497,437268761.0,,219471282.0
2022-05-10,0.493,0.506,0.51,0.49,445027000.0,0.0,223070900.0
2022-05-11,0.505,0.516,0.526,0.502,1011457600.0,0.0,523626400.0
2022-05-12,0.511,0.522,0.524,0.511,467289400.0,0.0,242915700.0
2022-05-13,0.524,0.522,0.528,0.517,415546300.0,0.0,216976500.0
2022-05-16,0.522,0.511,0.524,0.51,499289800.0,,256987311.0
2022-05-17,0.51,0.513,0.514,0.506,399952000.0,0.0,203774600.0
2022-05-18,0.513,0.505,0.515,0.503,499446100.0,0.0,253223300.00000003
2022-05-19,0.5,0.506,0.506,0.498,397861900.0,0.0,199442500.0
2022-05-20,0.507,0.518,0.52,0.507,878862000.0,0.0,452937700.0
2022-05-23,0.522,0.516,0.523,0.515,379285500.0,,196347003.0
2022-05-24,0.517,0.497,0.518,0.497,747369000.0,,376731493.0
2022-05-25,0.497,0.499,0.502,0.496,782166800.0,,389919789.0
2022-05-26,0.5,0.493,0.501,0.489,824897100.0,0.0335,406224100.00000006
2022-05-27,0.496,0.497,0.507,0.495,867497100.0,,434773666.0
2022-05-30,0.498,0.502,0.506,0.494,542975800.0,0.0218,271164900.0
2022-05-31,0.501,0.517,0.518,0.497,955593700.0,,486906741.0
2022-06-01,0.515,0.515,0.522,0.512,538351261.0,,278306135.0
2022-06-02,0.512,0.509,0.514,0.504,540290100.0,0.0220999999999999,274171400.0
2022-06-06,0.51,0.523,0.524,0.506,1172468400.0,0.0478,607886900.0
2022-06-07,0.524,0.532,0.534,0.52,838708700.0,0.0349,443958700.0
2022-06-08,0.532,0.543,0.549,0.53,1216382700.0,0.0509,657809100.0
2022-06-09,0.542,0.529,0.543,0.527,721797900.0,0.0302,385620700.0
2022-06-10,0.524,0.535,0.536,0.523,508404300.0,0.0214,269544500.0
2022-06-13,0.526,0.523,0.527,0.518,715459800.0,0.03,372851200.0
2022-06-14,0.517,0.526,0.527,0.513,622366160.0,,323448980.0
2022-06-15,0.526,0.529,0.536,0.524,835906514.0,,442880862.0
2022-06-16,0.528,0.536,0.54,0.527,819707900.0,0.0335,438921900.0
2022-06-17,0.532,0.551,0.551,0.526,1007200900.0,0.0412999999999999,543935900.0
2022-06-20,0.552,0.555,0.563,0.549,790225000.0,0.0326,438954600.0
2022-06-21,0.555,0.553,0.562,0.548,681384279.0,,378070770.0
2022-06-22,0.554,0.544,0.556,0.543,535419400.0,0.0220999999999999,294690200.0
2022-06-23,0.545,0.548,0.55,0.537,793535131.0,,430950734.0
2022-06-24,0.549,0.566,0.567,0.548,1496347400.0,0.0615,839874600.0000001
2022-06-27,0.567,0.57,0.578,0.566,934963300.0,0.0379,535249500.0
2022-06-28,0.568,0.566,0.569,0.558,1049813735.0,,590687520.0
2022-06-29,0.565,0.565,0.577,0.561,868681248.0,,495113165.0
2022-06-30,0.566,0.58,0.585,0.565,879335500.0,,508176470.0
2022-07-01,0.581,0.575,0.583,0.57,625065900.0,0.0249,359727500.0
2022-07-04,0.576,0.602,0.602,0.572,1095193940.0,,649084648.0
2022-07-05,0.603,0.606,0.612,0.59,1112585900.0,0.0443,666645200.0
2022-07-06,0.603,0.596,0.614,0.591,941966528.0,,567502530.0
2022-07-07,0.597,0.585,0.597,0.575,1029076648.0,,600116685.0
2022-07-08,0.586,0.587,0.594,0.584,624648900.0,0.0243999999999999,367602800.0
2022-07-11,0.586,0.579,0.588,0.573,808123599.0,,468593321.0
2022-07-12,0.582,0.56,0.584,0.56,937172442.0,,531576040.0
2022-07-13,0.56,0.563,0.566,0.557,485477900.0,0.0187,272620900.0
2022-07-14,0.564,0.577,0.582,0.562,796103089.0,,458367140.0
2022-07-15,0.576,0.564,0.58,0.564,609497900.0,0.0236,348921400.0
2022-07-18,0.563,0.563,0.565,0.547,688810400.0,0.0266,382564700.0
2022-07-19,0.562,0.555,0.565,0.55,740392563.0,,411566366.0
2022-07-20,0.56,0.564,0.569,0.557,701051500.0,0.0265,395329100.00000006
2022-07-21,0.564,0.562,0.569,0.559,545172600.0,0.0204999999999999,306910300.0
2022-07-22,0.564,0.553,0.566,0.549,692381700.0,,384984495.0
2022-07-25,0.553,0.552,0.556,0.548,425048000.0,0.0157,234299400.0
2022-07-26,0.553,0.552,0.556,0.547,682348726.0,,375563422.0
2022-07-27,0.551,0.546,0.553,0.543,622745981.0,,340334243.0
2022-07-28,0.548,0.541,0.549,0.539,801381200.0,0.0291,434710900.0
2022-07-29,0.54,0.526,0.541,0.523,1174935300.0,0.0421999999999999,623007900.0
2022-08-01,0.523,0.529,0.531,0.52,687670802.0,,361920237.0
2022-08-02,0.524,0.518,0.526,0.513,704523900.0,,365801659.0
2022-08-03,0.519,0.519,0.527,0.517,672339031.0,,350365500.0
2022-08-04,0.521,0.527,0.528,0.521,642906689.0,,337259354.0
2022-08-05,0.529,0.536,0.537,0.527,714414147.0,,380924914.0
2022-08-08,0.536,0.532,0.539,0.53,714555553.0,,380970270.0
2022-08-09,0.531,0.529,0.531,0.524,492432047.0,,259344628.0
2022-08-10,0.528,0.518,0.528,0.515,879799841.0,,457566910.0
2022-08-11,0.521,0.535,0.536,0.52,904447665.0,,478854781.0
2022-08-12,0.534,0.535,0.536,0.529,470368100.0,0.0166,250871500.0
2022-08-15,0.531,0.526,0.533,0.524,657132800.0,0.0231,346520000.0
2022-08-16,0.526,0.521,0.527,0.518,741059000.0,0.0258,386596500.0
2022-08-17,0.52,0.524,0.526,0.517,671871872.0,,350973980.0
2022-08-18,0.522,0.517,0.524,0.515,908949119.0,,470030861.0
2022-08-19,0.515,0.51,0.517,0.509,979291619.0,,501970056.0
2022-08-22,0.509,0.513,0.514,0.504,597124100.0,,304814554.0
2022-08-23,0.512,0.505,0.513,0.503,823395100.0,,416528835.0
2022-08-24,0.503,0.498,0.508,0.498,843465893.0,,423353443.0
2022-08-25,0.499,0.503,0.504,0.497,645981300.0,0.0210999999999999,323530000.0
2022-08-26,0.503,0.505,0.514,0.502,838607000.0,0.0273,426082100.0
2022-08-29,0.5,0.501,0.502,0.496,709873600.0,,354320421.0
2022-08-30,0.501,0.502,0.503,0.496,561185351.0,,280119429.0
2022-08-31,0.499,0.509,0.513,0.499,1009259507.0,,511596611.0
2022-09-01,0.507,0.505,0.513,0.504,635880900.0,0.0204,323293200.0
2022-09-02,0.505,0.501,0.51,0.497,789379080.0,,395899491.0
2022-09-05,0.502,0.495,0.505,0.491,1130684800.0,0.0359,560203400.0
2022-09-06,0.495,0.493,0.495,0.489,876532000.0,0.0273,430948700.0
2022-09-07,0.491,0.491,0.494,0.487,888128600.0,0.0274,435431000.0
2022-09-08,0.492,0.489,0.495,0.489,739646900.0,,363287315.0
2022-09-09,0.495,0.503,0.504,0.495,1293441523.0,,647625726.0
2022-09-13,0.5,0.491,0.502,0.489,1436984500.0,0.0441,708657899.9999999
2022-09-14,0.485,0.488,0.49,0.481,1046029300.0,0.0321,507874200.0
2022-09-15,0.49,0.485,0.498,0.482,1171470900.0,0.035,573955500.0
2022-09-16,0.483,0.471,0.485,0.47,1209980084.0,,577785174.0
2022-09-19,0.47,0.462,0.473,0.459,999458064.0,,464044777.0
2022-09-20,0.462,0.461,0.465,0.457,633893289.0,,292650169.0
2022-09-21,0.46,0.451,0.46,0.45,1153691611.0,,521772142.0
2022-09-22,0.446,0.443,0.45,0.442,714878611.0,,318079760.0
2022-09-23,0.442,0.438,0.445,0.433,853583600.0,0.0243,374513200.0
2022-09-26,0.436,0.44,0.447,0.435,882605700.0,0.025,390720500.0
2022-09-27,0.44,0.464,0.465,0.438,1436081500.0,0.0409999999999999,652102900.0
2022-09-28,0.461,0.462,0.472,0.46,1061807200.0,0.0308,495449600.0
2022-09-29,0.466,0.47,0.479,0.465,1162615017.0,,549800821.0
2022-09-30,0.468,0.468,0.478,0.468,818252200.0,0.0243,386755100.0
2022-10-10,0.47,0.454,0.474,0.453,839050500.0,0.0249,388265400.0
2022-10-11,0.455,0.451,0.456,0.446,666882190.0,,300121289.0
2022-10-12,0.45,0.454,0.455,0.436,1043220500.0,0.031,463175400.0
2022-10-13,0.452,0.464,0.469,0.45,961124816.0,,445446548.0
2022-10-14,0.471,0.51,0.51,0.469,2889118000.0,0.0852,1434649400.0
2022-10-17,0.515,0.514,0.523,0.508,1804978188.0,,928290755.0
2022-10-18,0.515,0.517,0.522,0.503,1293833162.0,,665724458.0
2022-10-19,0.512,0.508,0.514,0.506,1190431584.0,,606548582.0
2022-10-20,0.503,0.511,0.522,0.502,1273026500.0,0.0381,654511300.0
2022-10-21,0.509,0.509,0.514,0.501,919849600.0,0.0276,466359200.0
2022-10-24,0.508,0.491,0.509,0.486,1578068960.0,,780334899.0
2022-10-25,0.485,0.479,0.492,0.472,1315200700.0,0.0391,631430900.0
2022-10-26,0.483,0.508,0.513,0.483,1787227527.0,,899679644.0
2022-10-27,0.506,0.498,0.506,0.492,1696742600.0,0.0501999999999999,844433400.0
2022-10-28,0.492,0.487,0.501,0.485,1133967400.0,,559216339.0
2022-10-31,0.481,0.484,0.49,0.475,1137366800.0,0.0325,548637600.0
2022-11-01,0.485,0.496,0.497,0.474,1872280500.0,,910046406.0
2022-11-02,0.491,0.504,0.511,0.488,1885646800.0,,947590271.0
2022-11-03,0.498,0.504,0.509,0.495,1170429000.0,0.0327999999999999,586773700.0
2022-11-04,0.503,0.514,0.517,0.502,1447163773.0,,738377539.0
2022-11-07,0.511,0.514,0.516,0.506,1325251013.0,,676732850.0
2022-11-08,0.512,0.505,0.513,0.501,995328900.0,,502923375.0
2022-11-09,0.505,0.502,0.51,0.502,812220300.0,,409886230.0
2022-11-10,0.499,0.499,0.508,0.497,1105179100.0,0.0308,554493200.0
2022-11-11,0.515,0.504,0.52,0.503,2136472600.0,0.0595,1095380400.0
2022-11-14,0.503,0.516,0.519,0.502,1432494300.0,0.0403,735978900.0
2022-11-15,0.515,0.52,0.521,0.503,1720201700.0,0.0486,881086700.0
2022-11-16,0.518,0.521,0.53,0.515,1554325600.0,0.0438,813903300.0
2022-11-17,0.517,0.519,0.523,0.511,1055770300.0,0.0299,545059000.0
2022-11-18,0.523,0.522,0.53,0.52,1672376100.0,0.0471,876889600.0000001
2022-11-21,0.515,0.517,0.518,0.508,834579000.0,0.0237,428972100.0
2022-11-22,0.515,0.506,0.521,0.5,1359908400.0,0.0385,691631100.0
2022-11-23,0.503,0.497,0.504,0.491,1325730600.0,0.0373,657152200.0
2022-11-24,0.497,0.499,0.502,0.495,665766574.0,,331856017.0
2022-11-25,0.498,0.495,0.498,0.49,671506925.0,,331503598.0
2022-11-28,0.483,0.486,0.491,0.481,977521945.0,,473177754.0
2022-11-29,0.485,0.5,0.504,0.485,1087802410.0,,540641210.0
2022-11-30,0.501,0.497,0.504,0.494,632509638.0,,315199252.0
2022-12-01,0.506,0.505,0.508,0.501,1128451917.0,,569384505.0
2022-12-02,0.503,0.502,0.509,0.502,505788896.0,,255322607.0
2022-12-05,0.508,0.505,0.509,0.501,867789300.0,,437783583.0
2022-12-06,0.503,0.503,0.511,0.501,844851526.0,,426935511.0
2022-12-07,0.501,0.504,0.508,0.497,826345014.0,,415432887.0
2022-12-08,0.504,0.504,0.505,0.5,684099013.0,,343469886.0
2022-12-09,0.503,0.508,0.508,0.5,1175091590.0,,592932305.0
2022-12-12,0.508,0.508,0.512,0.506,723327360.0,,368070839.0
2022-12-13,0.509,0.501,0.51,0.498,782661839.0,,391990628.0
2022-12-14,0.5,0.498,0.503,0.497,602066023.0,,300726369.0
2022-12-15,0.498,0.499,0.502,0.495,616359429.0,,306927349.0
2022-12-16,0.497,0.499,0.5,0.495,430507381.0,,214269397.0
2022-12-19,0.499,0.486,0.499,0.484,916776400.0,0.0256,447944900.0
2022-12-20,0.484,0.477,0.486,0.475,1138874800.0,0.0318,544057200.0
2022-12-21,0.476,0.477,0.481,0.474,508716600.0,0.0143,242584000.0
2022-12-22,0.48,0.483,0.492,0.475,766231800.0,0.0216,371729400.0
2022-12-23,0.482,0.492,0.494,0.481,752185783.0,,368253063.0
2022-12-26,0.493,0.491,0.495,0.489,436107248.0,,214354993.0
2022-12-27,0.491,0.5,0.501,0.487,909357900.0,0.026,450708500.0
2022-12-28,0.498,0.502,0.507,0.498,776170300.0,,390013978.0
2022-12-29,0.5,0.508,0.513,0.499,968550300.0,0.0282,492460500.0
2022-12-30,0.509,0.508,0.511,0.506,714703305.0,,363867355.0
2023-01-03,0.508,0.507,0.511,0.501,605907700.0,0.0177,306260600.0
2023-01-04,0.506,0.51,0.513,0.505,649126800.0,0.019,331133900.0
2023-01-05,0.511,0.523,0.527,0.511,1505234500.0,0.0441,782772400.0
2023-01-06,0.523,0.521,0.523,0.518,716289200.0,0.0214,372547000.0
2023-01-09,0.521,0.523,0.526,0.518,669016100.0,0.02,349245600.0
2023-01-10,0.523,0.53,0.532,0.52,700315300.0,0.0208,369795300.0
2023-01-11,0.53,0.526,0.533,0.526,548678300.0,0.0163999999999999,290709300.0
2023-01-12,0.528,0.526,0.531,0.523,559049700.0,0.0167,294522400.0
2023-01-13,0.527,0.54,0.541,0.524,1006680200.0,0.0304,539508400.0
2023-01-16,0.541,0.558,0.567,0.54,1483520000.0,0.0451,827542700.0
2023-01-17,0.557,0.555,0.559,0.551,794628400.0,0.0245,441408000.0
2023-01-18,0.554,0.55,0.555,0.548,449540500.0,0.0138,247621100.0
2023-01-19,0.548,0.562,0.566,0.546,606260800.0,,338105510.0
2023-01-20,0.562,0.559,0.571,0.559,814871800.0,0.025,458838600.0
2023-01-30,0.567,0.555,0.568,0.555,740861900.0,0.0226,414143700.0
2023-01-31,0.554,0.541,0.555,0.541,696131000.0,0.0210999999999999,380160100.0
2023-02-01,0.542,0.548,0.549,0.537,807669600.0,0.0245,437768500.0
2023-02-02,0.549,0.554,0.559,0.545,757943100.0,0.0229,419537800.0
2023-02-03,0.55,0.547,0.554,0.541,680885707.0,,372208465.0
2023-02-06,0.541,0.538,0.543,0.534,938098206.0,,504430262.0
2023-02-07,0.539,0.538,0.544,0.534,679902100.0,0.0207,366517200.0
2023-02-08,0.538,0.538,0.545,0.536,557219000.0,0.017,301213200.0
2023-02-09,0.535,0.544,0.544,0.535,465025200.0,0.0141,251336500.0
2023-02-10,0.542,0.543,0.545,0.538,453374500.0,0.0137,245447200.0
2023-02-13,0.542,0.546,0.552,0.541,674387800.0,0.0203,368328400.0
2023-02-14,0.546,0.546,0.549,0.542,542420300.0,0.0163,295321800.0
2023-02-15,0.546,0.535,0.546,0.535,526910000.0,0.0158,283716200.0
2023-02-16,0.536,0.534,0.542,0.527,677449500.0,,362847438.0
2023-02-17,0.531,0.527,0.535,0.527,563702800.0,0.0168,299175800.0
2023-02-20,0.528,0.535,0.535,0.521,594855100.0,0.0178,313999200.0
2023-02-21,0.534,0.53,0.535,0.526,602313100.0,0.018,319144600.0
2023-02-22,0.526,0.526,0.531,0.524,393387800.0,,207318893.0
2023-02-23,0.524,0.523,0.532,0.521,622149500.0,,326691091.0
2023-02-24,0.524,0.52,0.525,0.517,657588100.0,0.0194,342189300.0
2023-02-27,0.516,0.514,0.518,0.511,591267600.0,,303863403.0
2023-02-28,0.514,0.518,0.52,0.514,489111100.0,,252899561.0
2023-03-01,0.519,0.518,0.519,0.512,770325200.0,0.0224,397232900.0
2023-03-02,0.516,0.512,0.517,0.511,625545300.0,,321213437.0
2023-03-03,0.513,0.514,0.518,0.51,822462646.0,,422788891.0
2023-03-06,0.514,0.514,0.516,0.51,603366300.0,,309362712.0
2023-03-07,0.513,0.503,0.517,0.503,911209369.0,,464176336.0
2023-03-08,0.502,0.502,0.506,0.5,617455100.0,,310253881.0
2023-03-09,0.502,0.5,0.504,0.498,654917300.0,,328174517.0
2023-03-10,0.498,0.501,0.505,0.495,703840284.0,,351588932.0
2023-03-13,0.499,0.499,0.501,0.496,632344500.0,0.0175,315392400.0
2023-03-14,0.498,0.499,0.502,0.494,649318500.0,0.0179,323780500.0
2023-03-15,0.501,0.495,0.504,0.494,908511200.0,,453721102.0
2023-03-16,0.493,0.492,0.498,0.49,729612400.0,0.0197999999999999,360439400.0
2023-03-17,0.495,0.483,0.495,0.48,1468779215.0,,713912644.0
2023-03-20,0.481,0.478,0.483,0.473,1005557416.0,,479956583.0
2023-03-21,0.479,0.494,0.494,0.478,1136310752.0,,555039929.0
2023-03-22,0.495,0.495,0.498,0.491,890958300.0,0.0237,440921000.0
2023-03-23,0.493,0.495,0.498,0.492,595695700.0,0.0159,294659600.0
2023-03-24,0.497,0.494,0.5,0.492,776229157.0,,384846708.0
2023-03-27,0.494,0.503,0.506,0.488,1158398481.0,,579117168.0
2023-03-28,0.503,0.503,0.507,0.501,770303364.0,,388564553.0
2023-03-29,0.504,0.498,0.505,0.497,727782530.0,,363584781.0
2023-03-30,0.498,0.501,0.503,0.495,773016998.0,,386448806.0
2023-03-31,0.501,0.498,0.502,0.495,892904274.0,,444035328.0
2023-04-03,0.497,0.491,0.498,0.488,1942055798.0,,954387340.0
2023-04-04,0.491,0.49,0.491,0.485,1501218752.0,,732333425.0
2023-04-06,0.49,0.494,0.495,0.489,1083892500.0,,533889020.0
2023-04-07,0.495,0.508,0.509,0.493,1842947125.0,,929591224.0
2023-04-10,0.511,0.51,0.515,0.508,1589778585.0,,812716473.0
2023-04-11,0.51,0.507,0.515,0.504,1167373644.0,,594121365.0
2023-04-12,0.506,0.504,0.51,0.502,1094396000.0,0.0264,552236700.0
2023-04-13,0.502,0.512,0.514,0.498,1396602971.0,,709396285.0
2023-04-14,0.514,0.511,0.52,0.509,1616972200.0,0.0387,830083800.0
2023-04-17,0.51,0.51,0.512,0.506,1076360800.0,,548057233.0
2023-04-18,0.506,0.505,0.507,0.503,1494742200.0,0.0353,754769000.0
2023-04-19,0.504,0.5,0.506,0.5,1341351000.0,0.0311,672704299.9999999
2023-04-20,0.5,0.491,0.502,0.488,1743159900.0,0.0397,861109500.0
2023-04-21,0.489,0.483,0.492,0.482,1378575682.0,,670223312.0
2023-04-24,0.484,0.474,0.485,0.47,2172750319.0,,1034471055.0
2023-04-25,0.473,0.463,0.474,0.459,1943737700.0,0.0433,903118700.0
2023-04-26,0.461,0.466,0.469,0.46,1185094363.0,,551967509.0
2023-04-27,0.465,0.471,0.474,0.464,1039720700.0,0.0229,487412600.0
2023-04-28,0.472,0.471,0.474,0.468,1212340200.0,0.0268,570644200.0
2023-05-04,0.47,0.466,0.472,0.464,1073963500.0,0.0232,500971000.0
2023-05-05,0.466,0.46,0.467,0.458,1002853600.0,0.0216,461991700.0
2023-05-08,0.461,0.46,0.462,0.454,1294467904.0,,591542319.0
2023-05-09,0.459,0.452,0.46,0.451,1272572685.0,,579118582.0
2023-05-10,0.451,0.455,0.458,0.449,927070000.0,0.0194,420878900.0
2023-05-11,0.456,0.458,0.463,0.456,923617600.0,0.0192,424082500.0
2023-05-12,0.457,0.455,0.461,0.454,681554100.0,0.0141999999999999,311269600.0
2023-05-15,0.455,0.464,0.464,0.454,811661100.0,0.0166,372402300.00000006
2023-05-16,0.464,0.464,0.466,0.462,704735000.0,0.0144999999999999,326962900.0
2023-05-17,0.464,0.459,0.464,0.458,688360173.0,,316809120.0
2023-05-18,0.46,0.456,0.461,0.454,711732000.0,0.0146,325411700.0
2023-05-19,0.455,0.46,0.463,0.453,718956400.0,0.0147,329971500.0
2023-05-22,0.461,0.464,0.467,0.459,770121100.0,0.0157,356737699.99999994
2023-05-23,0.464,0.461,0.468,0.461,719733000.0,0.0147,334397500.0
2023-05-24,0.46,0.458,0.461,0.456,622586600.0,0.0127,285295700.0
2023-05-25,0.457,0.455,0.457,0.451,873041200.0,,396326268.0
2023-05-26,0.455,0.453,0.456,0.451,944457286.0,,428211222.0
2023-05-29,0.453,0.452,0.456,0.448,796994900.0,,359461150.0
2023-05-30,0.451,0.448,0.453,0.44,1143584500.0,0.0233999999999999,510105400.0
2023-05-31,0.446,0.443,0.45,0.441,790553200.0,,351628443.0
2023-06-01,0.442,0.446,0.45,0.44,853457200.0,0.0172,380339400.0
2023-06-02,0.448,0.449,0.451,0.445,808412200.0,0.0163,362505500.0
2023-06-05,0.449,0.445,0.449,0.443,633619500.0,0.0128,281869100.0
2023-06-06,0.444,0.435,0.445,0.434,1344622600.0,,589807554.0
2023-06-07,0.436,0.43,0.437,0.428,1223033600.0,,528512032.0
2023-06-08,0.43,0.428,0.431,0.426,1024840600.0,,438615832.0
2023-06-09,0.428,0.433,0.437,0.427,966125000.0,,418389261.0
2023-06-12,0.433,0.434,0.436,0.429,846240400.0,,366563888.0
2023-06-13,0.433,0.435,0.437,0.431,816757700.0,0.0158,354177699.99999994
2023-06-14,0.435,0.435,0.44,0.433,1002555900.0,0.0194,437559100.00000006
2023-06-15,0.435,0.445,0.449,0.434,1604892600.0,0.0308999999999999,707149800.0
2023-06-16,0.446,0.446,0.448,0.443,1201350500.0,0.0231,535308800.0
2023-06-19,0.445,0.442,0.445,0.44,742227300.0,0.0141999999999999,328179000.0
2023-06-20,0.441,0.438,0.444,0.437,692209200.0,0.0133,304422900.0
2023-06-21,0.437,0.427,0.437,0.425,1736347400.0,,744890316.0
2023-06-26,0.423,0.423,0.426,0.42,1139268400.0,,481924499.0
2023-06-27,0.424,0.425,0.429,0.422,1026972300.0,0.0192999999999999,436631700.0
2023-06-28,0.425,0.421,0.426,0.42,1048782500.0,0.0196,442685700.0
2023-06-29,0.422,0.419,0.423,0.417,1148171200.0,0.0214,481650600.0
2023-06-30,0.418,0.423,0.425,0.418,822786800.0,0.0153,347136000.0
2023-07-03,0.422,0.424,0.425,0.42,1074354507.0,,454297781.0
2023-07-04,0.423,0.426,0.427,0.42,1700840400.0,0.0315,721244400.0
2023-07-05,0.425,0.422,0.426,0.421,810683700.0,0.0148,342739000.0
2023-07-06,0.421,0.416,0.422,0.416,1330416990.0,,556643861.0
2023-07-07,0.415,0.414,0.417,0.413,1220908800.0,0.022,506341800.0
2023-07-10,0.416,0.417,0.421,0.415,1036742700.0,0.0185,433548400.0
2023-07-11,0.418,0.419,0.42,0.415,742756000.0,0.0132,310183700.0
2023-07-12,0.419,0.415,0.419,0.414,830832000.0,0.0148,346371700.0
2023-07-13,0.417,0.424,0.426,0.416,1696595500.0,0.0301,717417400.0
2023-07-14,0.424,0.423,0.426,0.422,660894200.0,0.0118,279866800.0
2023-07-17,0.421,0.417,0.422,0.415,1132962300.0,0.0203,472330600.0
2023-07-18,0.417,0.416,0.418,0.413,902452200.0,0.016,374752200.0
2023-07-19,0.416,0.415,0.418,0.413,893747200.0,0.0158,370933200.0
2023-07-20,0.416,0.414,0.419,0.414,911099453.0,,379493534.0
2023-07-21,0.414,0.419,0.423,0.413,1412034021.0,,591119637.0
2023-07-24,0.418,0.42,0.424,0.418,1208352400.0,,509037008.0
2023-07-25,0.424,0.425,0.426,0.42,1438311653.0,,608947032.0
2023-07-26,0.423,0.427,0.43,0.423,1382389900.0,,590802180.0
2023-07-27,0.428,0.427,0.429,0.425,877792756.0,,374662860.0
2023-07-28,0.425,0.432,0.433,0.423,1805773600.0,0.0313,772752800.0
2023-07-31,0.434,0.43,0.437,0.428,1866943454.0,,808165098.0
2023-08-01,0.43,0.429,0.436,0.427,1397488500.0,,602937784.0
2023-08-02,0.427,0.421,0.428,0.42,1717775338.0,,727245059.0
2023-08-03,0.42,0.429,0.429,0.419,1460120500.0,0.0250999999999999,620530000.0
2023-08-04,0.43,0.427,0.432,0.425,1304141612.0,,557270887.0
2023-08-07,0.424,0.413,0.425,0.412,3446196978.0,,1430473211.0
2023-08-08,0.411,0.413,0.415,0.409,1654766693.0,,681888396.0
2023-08-09,0.411,0.419,0.423,0.411,2212698441.0,,925848508.0
2023-08-10,0.419,0.42,0.422,0.416,911297000.0,0.0151,381482300.00000006
2023-08-11,0.42,0.416,0.423,0.415,1135016700.0,0.0187999999999999,475190300.0
2023-08-14,0.413,0.415,0.415,0.409,1421445500.0,,584578799.0
2023-08-15,0.413,0.41,0.414,0.407,1580475131.0,,647408122.0
2023-08-16,0.409,0.41,0.416,0.408,1242037216.0,,512098518.0
2023-08-17,0.409,0.412,0.412,0.406,1301437000.0,0.0210999999999999,532367400.0
2023-08-18,0.411,0.404,0.412,0.403,1834879700.0,0.0296,746340600.0
2023-08-21,0.402,0.401,0.408,0.4,1452531300.0,0.0231,585829400.0
2023-08-22,0.403,0.399,0.404,0.394,2793699500.0,0.0438,1112235700.0
2023-08-23,0.398,0.391,0.399,0.39,1719474100.0,0.0263,677928000.0
2023-08-24,0.392,0.401,0.404,0.391,1673595500.0,0.0254,665183700.0
2023-08-25,0.4,0.396,0.402,0.395,1447990500.0,0.0218,576545700.0
2023-08-28,0.419,0.399,0.42,0.399,2561482031.0,,1040820818.0
2023-08-29,0.4,0.408,0.41,0.399,1754172500.0,0.026,711057000.0
2023-08-30,0.409,0.41,0.412,0.407,1227386165.0,,502533413.0
2023-08-31,0.409,0.408,0.41,0.406,919747000.0,0.0137,374811100.0
2023-09-01,0.409,0.406,0.41,0.405,637727900.0,0.0095,259153700.0
2023-09-04,0.408,0.411,0.413,0.406,1117326071.0,,457519100.0
2023-09-05,0.41,0.408,0.41,0.407,566849100.0,,231379943.0
2023-09-06,0.407,0.401,0.407,0.4,1281772100.0,0.0191,515487700.0
2023-09-07,0.401,0.394,0.401,0.393,2036079091.0,,806048180.0
2023-09-08,0.393,0.395,0.397,0.393,845016038.0,,333883638.0
2023-09-11,0.395,0.403,0.405,0.395,1615858300.0,0.0239,648751800.0
2023-09-12,0.403,0.403,0.405,0.4,770537400.0,0.0115,310199800.0
2023-09-13,0.402,0.398,0.403,0.396,1088023584.0,,433850967.0
2023-09-14,0.399,0.399,0.401,0.395,922970113.0,,367464256.0
2023-09-15,0.4,0.407,0.411,0.397,1989200500.0,0.0295,806664100.0
2023-09-18,0.407,0.412,0.414,0.406,1529492609.0,,628575290.0
2023-09-19,0.412,0.41,0.414,0.407,850975200.0,0.0128,348404300.0
2023-09-20,0.408,0.406,0.411,0.406,689151500.0,,281006026.0
2023-09-21,0.405,0.401,0.406,0.401,783870600.0,0.0118,315785900.0
2023-09-22,0.4,0.407,0.407,0.398,950961379.0,,382539840.0
2023-09-25,0.405,0.411,0.414,0.405,1288915005.0,,528857924.0
2023-09-26,0.411,0.409,0.413,0.408,766543600.0,0.0116,314487100.0
2023-09-27,0.409,0.419,0.421,0.409,2035319330.0,,848820145.0
2023-09-28,0.42,0.417,0.422,0.415,859101700.0,0.0132,358453399.99999994
2023-10-09,0.415,0.415,0.417,0.409,1139877800.0,0.0175,470993200.0
2023-10-10,0.416,0.409,0.417,0.408,1021680925.0,,419762136.0
2023-10-11,0.409,0.422,0.427,0.409,2213862800.0,0.0337,932312800.0
2023-10-12,0.425,0.423,0.427,0.42,946180500.0,0.0147,400495300.0
2023-10-13,0.421,0.424,0.425,0.419,1020382823.0,,431665134.0
2023-10-16,0.425,0.417,0.427,0.415,1134730431.0,,476530983.0
2023-10-17,0.419,0.415,0.42,0.412,1158835000.0,0.018,479814400.0
2023-10-18,0.414,0.407,0.414,0.407,1211802700.0,0.0187,495888600.0
2023-10-19,0.406,0.403,0.407,0.402,1134153889.0,,458176947.0
2023-10-20,0.401,0.397,0.402,0.396,1533952278.0,,611218921.0
2023-10-23,0.395,0.393,0.398,0.391,1413265800.0,0.0212,557038800.0
2023-10-24,0.394,0.395,0.397,0.39,1326174100.0,0.0197999999999999,521978800.0
2023-10-25,0.397,0.389,0.398,0.387,2952045500.0,0.0437,1157742000.0
2023-10-26,0.387,0.392,0.393,0.386,1186609300.0,0.0171,462645900.0
2023-10-27,0.391,0.407,0.409,0.389,2705259200.0,0.0389,1083657400.0
2023-10-30,0.406,0.42,0.421,0.405,2638343100.0,0.0385,1101319300.0
2023-10-31,0.417,0.417,0.42,0.413,1197236736.0,,498684961.0
2023-11-01,0.418,0.414,0.419,0.41,1146882827.0,,473898718.0
2023-11-02,0.415,0.41,0.417,0.41,927531442.0,,383376836.0
2023-11-03,0.411,0.415,0.418,0.411,1171773896.0,,486318148.0
2023-11-06,0.418,0.425,0.427,0.418,1647771700.0,0.0246,697025300.0
2023-11-07,0.424,0.424,0.427,0.422,1040197800.0,0.0156,441721200.0
2023-11-08,0.423,0.427,0.431,0.422,1563501100.0,0.0236,669208000.0
2023-11-09,0.427,0.422,0.431,0.422,893054880.0,,380189458.0
2023-11-10,0.42,0.421,0.424,0.418,700315370.0,,294740511.0
2023-11-13,0.423,0.417,0.424,0.416,955743600.0,0.0144999999999999,399746300.0
2023-11-14,0.418,0.42,0.423,0.417,749056400.0,0.0113999999999999,314252000.0
2023-11-15,0.425,0.422,0.427,0.421,869981759.0,,368499289.0
2023-11-16,0.422,0.415,0.423,0.415,921163900.0,0.0139999999999999,384761700.0
2023-11-17,0.414,0.417,0.417,0.413,893681100.0,0.0135,370914600.0
2023-11-20,0.418,0.421,0.422,0.415,904269300.0,,378404785.0
2023-11-21,0.422,0.419,0.424,0.419,913646200.0,,385081736.0
2023-11-22,0.419,0.414,0.42,0.413,815057458.0,,339162648.0
2023-11-23,0.413,0.415,0.416,0.412,832838646.0,,344846946.0
2023-11-24,0.415,0.413,0.417,0.412,800049700.0,0.0121,330758500.0
2023-11-27,0.413,0.41,0.414,0.409,806609900.0,0.0121999999999999,331080000.0
2023-11-28,0.41,0.417,0.417,0.408,1030252404.0,,426751710.0
2023-11-29,0.416,0.413,0.418,0.412,857923200.0,0.013,356050700.0
2023-11-30,0.413,0.414,0.416,0.412,880010300.0,,364236198.0
2023-12-01,0.414,0.415,0.416,0.41,938066865.0,,387342866.0
2023-12-04,0.414,0.402,0.414,0.402,1592871996.0,,646073208.0
2023-12-05,0.401,0.396,0.404,0.395,1545567392.0,,617154651.0
2023-12-06,0.396,0.397,0.401,0.394,961041685.0,,381176363.0
2023-12-07,0.397,0.396,0.398,0.392,994302927.0,,392478034.0
2023-12-08,0.394,0.4,0.402,0.392,1093936300.0,0.0165,433990200.0
2023-12-11,0.398,0.402,0.403,0.394,969285100.0,0.0146,385613200.0
2023-12-12,0.401,0.399,0.402,0.396,873860900.0,0.0132,348069200.0
2023-12-13,0.397,0.394,0.399,0.393,1039355425.0,,411628546.0
2023-12-14,0.396,0.392,0.4,0.391,1121854500.0,0.0168,443201500.0
2023-12-15,0.393,0.389,0.395,0.387,1439314800.0,0.0214,562626100.0
2023-12-18,0.388,0.39,0.394,0.386,1245430100.0,0.0184,485175700.0
2023-12-19,0.389,0.386,0.389,0.384,1138800917.0,,440002382.0
2023-12-20,0.387,0.385,0.39,0.384,769454000.0,0.0113,297516900.0
2023-12-21,0.382,0.385,0.387,0.381,1282062633.0,,492890957.0
2023-12-22,0.385,0.381,0.386,0.38,1251414000.0,,478854775.0
2023-12-25,0.381,0.384,0.385,0.38,649218800.0,0.0095,248557100.0
2023-12-26,0.383,0.378,0.384,0.377,984387600.0,0.0144999999999999,373449200.0
2023-12-27,0.379,0.38,0.381,0.376,871686400.0,0.0128,329788700.0
2023-12-28,0.38,0.391,0.391,0.378,1624863381.0,,627420273.0
2023-12-29,0.39,0.391,0.393,0.389,1076776500.0,0.0158,420962000.0
2024-01-02,0.391,0.386,0.392,0.384,878254700.0,0.0129,339325700.0
2024-01-03,0.385,0.384,0.388,0.382,711075963.0,,273449225.0
2024-01-04,0.383,0.38,0.384,0.378,1003106500.0,,381306887.0
2024-01-05,0.38,0.373,0.381,0.372,1253759147.0,,471631613.0
2024-01-08,0.372,0.368,0.373,0.368,966906054.0,,358073194.0
2024-01-09,0.369,0.368,0.373,0.367,1023442444.0,,377804764.0
2024-01-10,0.368,0.37,0.373,0.365,980262000.0,,362243378.0
2024-01-11,0.372,0.375,0.377,0.37,1127476400.0,0.0163999999999999,421116500.0
2024-01-12,0.373,0.37,0.377,0.37,761258666.0,,284335238.0
2024-01-15,0.368,0.369,0.374,0.367,708037400.0,0.0103,262550000.0
2024-01-16,0.369,0.369,0.37,0.363,1096253400.0,0.016,401563000.0
2024-01-17,0.367,0.359,0.368,0.358,1067783000.0,,387383283.0
2024-01-18,0.357,0.362,0.363,0.352,1418297172.0,,504381474.0
2024-01-19,0.36,0.361,0.365,0.36,1030837500.0,0.015,373374600.0
2024-01-22,0.361,0.347,0.362,0.346,1510946635.0,,534982065.0
2024-01-23,0.347,0.351,0.354,0.346,1225193300.0,,429380947.0
2024-01-24,0.353,0.356,0.356,0.345,1266105000.0,,444315994.0
2024-01-25,0.354,0.36,0.361,0.351,1382604800.0,0.0203,492416000.0
2024-01-26,0.358,0.345,0.362,0.342,2063922400.0,0.0302999999999999,726193900.0
2024-01-29,0.346,0.337,0.349,0.336,1561605500.0,,534055968.0
2024-01-30,0.335,0.33,0.338,0.33,1135633124.0,,379606330.0
2024-01-31,0.33,0.322,0.33,0.321,1421062894.0,,461211566.0
2024-02-01,0.32,0.325,0.33,0.319,1261653383.0,,409274912.0
2024-02-02,0.325,0.313,0.328,0.305,1731017389.0,,548148846.0
2024-02-05,0.309,0.316,0.324,0.301,1984392800.0,0.0291,617438500.0
2024-02-06,0.312,0.339,0.339,0.312,2030729100.0,0.0299,666788200.0000001
2024-02-07,0.341,0.352,0.352,0.34,1891239900.0,0.0281,659565600.0
2024-02-08,0.352,0.35,0.36,0.348,1379879200.0,0.0207,488785000.0
2024-02-19,0.351,0.346,0.352,0.343,1312798627.0,,454894340.0
2024-02-20,0.345,0.349,0.351,0.344,882086900.0,0.0133,306750500.0
2024-02-21,0.347,0.353,0.358,0.345,1369253948.0,,483086191.0
2024-02-22,0.351,0.351,0.353,0.349,1099211300.0,0.0166,385376900.0
2024-02-23,0.351,0.35,0.352,0.347,849768000.0,0.0128,296792000.0
2024-02-26,0.35,0.353,0.357,0.348,1120451341.0,,395103815.0
2024-02-27,0.351,0.356,0.357,0.349,1179529000.0,0.0178,416073400.0
2024-02-28,0.357,0.351,0.365,0.35,1742148400.0,0.0263,626448800.0
2024-02-29,0.349,0.358,0.359,0.348,1184573199.0,,419098096.0
2024-03-01,0.358,0.356,0.358,0.353,1089277400.0,0.0163999999999999,387394100.00000006
2024-03-04,0.356,0.363,0.367,0.355,1553604700.0,0.0233,561618100.0
2024-03-05,0.36,0.359,0.361,0.358,1025592702.0,,368411926.0
2024-03-06,0.358,0.359,0.362,0.355,939353500.0,0.0141999999999999,336684000.0
2024-03-07,0.355,0.345,0.355,0.344,1773144700.0,0.0266999999999999,621006000.0
2024-03-08,0.345,0.345,0.348,0.342,970256041.0,,334682896.0
2024-03-11,0.346,0.356,0.357,0.345,1615886200.0,0.0243,567368900.0
2024-03-12,0.358,0.362,0.364,0.357,1608201400.0,0.0243999999999999,580558400.0
2024-03-13,0.361,0.358,0.362,0.356,882985500.0,0.0134,316465300.0
2024-03-14,0.365,0.359,0.368,0.356,1396122100.0,0.0212,505756300.0
2024-03-15,0.357,0.357,0.363,0.354,964187700.0,0.0147,344639300.0
2024-03-18,0.358,0.362,0.362,0.353,1060521500.0,0.0161,379809900.0
2024-03-19,0.36,0.358,0.361,0.357,704968000.0,,252985448.0
2024-03-20,0.357,0.357,0.36,0.354,873236000.0,0.0133,311146900.0
2024-03-21,0.358,0.353,0.358,0.352,851257600.0,,301696529.0
2024-03-22,0.351,0.346,0.352,0.344,1114676900.0,,386645566.0
2024-03-25,0.346,0.343,0.35,0.342,812657000.0,,281115219.0
2024-03-26,0.342,0.34,0.343,0.337,1126499700.0,,382643367.0
2024-03-27,0.339,0.336,0.341,0.335,1034239489.0,,349913369.0
2024-03-28,0.335,0.335,0.339,0.332,1263057500.0,0.019,423088400.0
2024-03-29,0.334,0.335,0.336,0.332,747081200.0,,249157632.0
2024-04-01,0.335,0.34,0.341,0.334,1034701900.0,,349576595.0
2024-04-02,0.34,0.336,0.341,0.335,806040700.0,,271127869.0
2024-04-03,0.336,0.334,0.337,0.333,724917300.0,,242516665.0
2024-04-08,0.331,0.324,0.331,0.324,1285913215.0,,420126784.0
2024-04-09,0.325,0.331,0.332,0.323,1197390700.0,,392007836.0
2024-04-10,0.33,0.325,0.33,0.324,815801200.0,0.0121,266432600.0
2024-04-11,0.323,0.323,0.326,0.321,1187159100.0,0.0176,383627000.0
2024-04-12,0.323,0.32,0.325,0.318,971230958.0,,311885764.0
2024-04-15,0.319,0.32,0.324,0.318,1094431151.0,,351975736.0
2024-04-16,0.319,0.313,0.32,0.312,1334861200.0,0.0194,421197100.0
2024-04-17,0.313,0.317,0.319,0.312,1238308300.0,0.0179,391270000.0
2024-04-18,0.316,0.318,0.322,0.314,1122837700.0,,357569210.0
2024-04-19,0.316,0.313,0.317,0.31,1067227100.0,,334190946.0
2024-04-22,0.311,0.317,0.319,0.311,864299500.0,,273169751.0
2024-04-23,0.316,0.32,0.322,0.314,1383478100.0,0.02,439727600.0
2024-04-24,0.319,0.32,0.321,0.317,957497000.0,,305807501.0
2024-04-25,0.319,0.322,0.325,0.318,1083392322.0,,348868273.0
2024-04-26,0.321,0.33,0.331,0.321,1645156800.0,0.0237999999999999,538490800.0
2024-04-29,0.331,0.34,0.342,0.33,1687530000.0,0.0243999999999999,569192100.0
2024-04-30,0.338,0.336,0.34,0.336,1045909200.0,,352966279.0
2024-05-06,0.341,0.348,0.349,0.341,1659311846.0,,573650470.0
2024-05-07,0.347,0.348,0.349,0.345,1006826900.0,0.0147,349711500.0
2024-05-08,0.348,0.345,0.35,0.344,1181148710.0,,408917258.0
2024-05-09,0.344,0.348,0.349,0.343,1141174700.0,0.0167,395506200.0
2024-05-10,0.348,0.345,0.349,0.343,1111688900.0,,383931722.0
2024-05-13,0.348,0.344,0.349,0.342,1028953167.0,,354667262.0
2024-05-14,0.343,0.348,0.349,0.342,1148436188.0,,398712851.0
2024-05-15,0.346,0.34,0.346,0.34,999499200.0,0.0148,342498000.0
2024-05-16,0.341,0.341,0.344,0.338,920117834.0,,313983823.0
2024-05-17,0.34,0.34,0.343,0.337,957639300.0,0.0141999999999999,324890400.0
2024-05-20,0.34,0.342,0.343,0.34,988112300.0,0.0146,337382800.0
2024-05-21,0.342,0.338,0.342,0.337,789025500.0,,267381677.0
2024-05-22,0.339,0.337,0.34,0.335,1196704900.0,,403968734.0
2024-05-23,0.336,0.333,0.337,0.331,1102072290.0,,367648942.0
2024-05-24,0.331,0.329,0.334,0.328,1051360200.0,,347151633.0
2024-05-27,0.329,0.328,0.33,0.323,1223562000.0,,398944939.0
2024-05-28,0.327,0.325,0.328,0.324,1067158780.0,,347713929.0
2024-05-29,0.324,0.325,0.327,0.323,889774300.0,0.013,289205800.0
2024-05-30,0.324,0.325,0.326,0.322,733737600.0,0.0107,237791400.0
2024-05-31,0.326,0.324,0.328,0.324,985013500.0,0.0143,321191700.0
2024-06-03,0.324,0.321,0.325,0.32,1017531800.0,,327702700.0
2024-06-04,0.321,0.327,0.327,0.32,1102415258.0,,357371216.0
2024-06-05,0.326,0.326,0.33,0.324,1094906900.0,0.0159,358564400.0
2024-06-06,0.327,0.321,0.328,0.32,1242609500.0,0.018,401691900.0
2024-06-07,0.322,0.32,0.324,0.318,1082494000.0,,346708627.0
2024-06-11,0.319,0.322,0.323,0.316,1070694700.0,0.0154,341448500.0
2024-06-12,0.322,0.324,0.327,0.32,1195437675.0,,387194476.0
2024-06-13,0.325,0.32,0.325,0.319,940340800.0,0.0135,301926800.0
2024-06-14,0.319,0.318,0.32,0.313,1650102655.0,,521144698.0
2024-06-17,0.315,0.315,0.316,0.314,752848066.0,,237283360.0
2024-06-18,0.316,0.313,0.317,0.311,1501231400.0,,470341059.0
2024-06-19,0.313,0.309,0.313,0.309,1177310500.0,0.0166,365243500.0
2024-06-20,0.309,0.305,0.312,0.305,1464869200.0,,450686484.0
2024-06-21,0.304,0.305,0.307,0.303,1237978800.0,,376835225.0
2024-06-24,0.303,0.301,0.305,0.301,1242816200.0,0.0172,376219800.00000006
2024-06-25,0.301,0.299,0.303,0.297,1569056400.0,,470452876.0
2024-06-26,0.299,0.305,0.306,0.297,1264501000.0,0.0173,381341500.0
2024-06-27,0.304,0.3,0.305,0.3,993041100.0,0.0136,299477000.0
2024-06-28,0.299,0.297,0.304,0.296,1472744000.0,0.0202,441272000.0
2024-07-01,0.297,0.297,0.298,0.291,1394778600.0,,410876951.0
2024-07-02,0.296,0.293,0.297,0.291,1396275000.0,,409987601.0
2024-07-03,0.292,0.29,0.293,0.288,1566908900.0,,454525687.0
2024-07-04,0.29,0.284,0.291,0.283,1432119600.0,0.0192999999999999,410075800.0
2024-07-05,0.283,0.292,0.293,0.282,1956105500.0,,562914812.0
2024-07-08,0.291,0.283,0.291,0.282,1462015900.0,,417778325.0
2024-07-09,0.282,0.285,0.286,0.278,1664690400.0,0.0223,469402000.0
2024-07-10,0.283,0.285,0.288,0.282,1130728700.0,,322829336.0
2024-07-11,0.288,0.295,0.296,0.288,2131787820.0,,624083565.0
2024-07-12,0.295,0.295,0.298,0.293,1245676100.0,,367576370.0
2024-07-15,0.293,0.289,0.295,0.288,1052956700.0,,306193605.0
2024-07-16,0.289,0.289,0.291,0.288,891825900.0,0.0118999999999999,258152700.0
2024-07-17,0.29,0.296,0.297,0.289,1778532400.0,0.0237,521924500.0
2024-07-18,0.295,0.3,0.3,0.293,1751411900.0,0.0235,520122300.00000006
2024-07-19,0.298,0.3,0.302,0.296,1266291400.0,,378849851.0
2024-07-22,0.3,0.302,0.305,0.298,1279475360.0,,386829130.0
2024-07-23,0.302,0.292,0.302,0.292,1575235200.0,,466983866.0
2024-07-24,0.292,0.288,0.294,0.287,1248394800.0,,362092830.0
2024-07-25,0.287,0.29,0.292,0.286,1059246000.0,0.0143,306869900.0
2024-07-26,0.29,0.291,0.293,0.288,1018709100.0,0.0138,296060000.0
2024-07-29,0.291,0.286,0.292,0.285,1132578800.0,0.0153,325775300.0
2024-07-30,0.286,0.285,0.289,0.284,1231228500.0,,352263637.0
2024-07-31,0.285,0.3,0.301,0.284,2545143900.0,0.0341,749985800.0
2024-08-01,0.3,0.297,0.302,0.295,1383513500.0,,411913286.0
2024-08-02,0.295,0.3,0.307,0.295,2160624100.0,0.0289999999999999,652895700.0
2024-08-05,0.298,0.299,0.307,0.298,1884895400.0,,570066646.0
2024-08-06,0.301,0.305,0.306,0.3,1520509200.0,0.0206,460593900.0
2024-08-07,0.304,0.302,0.304,0.3,1163669500.0,0.0158,351037300.00000006
2024-08-08,0.3,0.302,0.304,0.3,1099102200.0,0.0149,331905800.0
2024-08-09,0.302,0.296,0.304,0.296,1506426800.0,0.0204,450416500.0
2024-08-12,0.296,0.298,0.3,0.295,968210900.0,,288302297.0
2024-08-13,0.298,0.296,0.298,0.293,1050786866.0,,309435338.0
2024-08-14,0.295,0.291,0.296,0.29,943606200.0,,275349000.0
2024-08-15,0.291,0.293,0.296,0.289,1275898400.0,0.0172,373297200.0
2024-08-16,0.292,0.292,0.293,0.288,1386414600.0,,403068613.0
2024-08-19,0.291,0.289,0.294,0.289,1258865300.0,0.0169,366052800.0
2024-08-20,0.289,0.284,0.29,0.283,1678312140.0,,478704283.0
2024-08-21,0.284,0.281,0.285,0.28,1174720600.0,,331444116.0
2024-08-22,0.281,0.276,0.282,0.275,1742779000.0,,484044006.0
2024-08-23,0.275,0.274,0.276,0.273,1143987600.0,,313796456.0
2024-08-26,0.274,0.271,0.275,0.27,1564655012.0,,424868601.0
2024-08-27,0.271,0.27,0.272,0.269,984203000.0,,265961292.0
2024-08-28,0.269,0.271,0.272,0.269,923249100.0,,249480636.0
2024-08-29,0.269,0.276,0.277,0.268,1572000700.0,0.0202,429601500.0
2024-08-30,0.276,0.281,0.285,0.275,2149951800.0,,603622656.0
2024-09-02,0.28,0.272,0.28,0.271,1461127500.0,,401956049.0
2024-09-03,0.272,0.274,0.278,0.271,1171173200.0,0.0151,321881400.0
2024-09-04,0.273,0.277,0.28,0.272,1254291200.0,0.0162,346739300.0
2024-09-05,0.277,0.279,0.282,0.276,1142957800.0,,319622805.0
2024-09-06,0.28,0.275,0.281,0.274,887716400.0,0.0115,245229600.0
2024-09-09,0.274,0.275,0.279,0.273,1179891400.0,0.0153,325641600.0
2024-09-10,0.274,0.274,0.275,0.27,1125764000.0,0.0146,306320400.0
2024-09-11,0.272,0.275,0.277,0.271,965778700.0,0.0125,264929400.0
2024-09-12,0.275,0.273,0.279,0.273,918871500.0,0.0118999999999999,253763400.0
2024-09-13,0.273,0.27,0.275,0.27,783403000.0,0.0102,213501100.0
2024-09-18,0.271,0.269,0.271,0.266,1093890000.0,0.0141999999999999,293466200.0
2024-09-19,0.269,0.273,0.276,0.267,1485730700.0,0.0192,404100900.0
2024-09-20,0.272,0.271,0.273,0.269,1168284300.0,,316079227.0
2024-09-23,0.274,0.269,0.275,0.269,1498803800.0,0.0192999999999999,407436700.0
2024-09-24,0.271,0.279,0.279,0.268,2849985164.0,,781609789.0
2024-09-25,0.282,0.282,0.288,0.281,2824922000.0,,802622758.0
2024-09-26,0.281,0.296,0.297,0.278,3687763700.0,0.0475,1052808400.0
2024-09-27,0.301,0.32,0.321,0.301,3615182506.0,,1119513714.0
2024-09-30,0.338,0.352,0.352,0.333,5605666500.0,0.0724,1934609900.0
2024-10-08,0.387,0.387,0.387,0.376,4195893300.0,0.0549,1618015500.0
2024-10-09,0.387,0.362,0.396,0.361,6399921500.0,0.0846,2432631200.0
2024-10-10,0.366,0.36,0.379,0.356,3716278400.0,0.0495,1361969200.0000002
2024-10-11,0.358,0.34,0.358,0.335,4189246400.0,0.0553,1438884300.0
2024-10-14,0.34,0.343,0.344,0.331,2723308800.0,0.0363,921303200.0
2024-10-15,0.341,0.332,0.344,0.331,2147567900.0,,725627237.0
2024-10-16,0.326,0.327,0.332,0.325,2016500000.0,,660857584.0
2024-10-17,0.33,0.324,0.332,0.323,1745394000.0,,572296457.0
2024-10-18,0.322,0.34,0.351,0.321,3635153500.0,0.0481,1212829800.0
2024-10-21,0.341,0.34,0.346,0.333,2686543800.0,,911757466.0
2024-10-22,0.338,0.344,0.345,0.337,2238402700.0,0.0297,765695800.0
2024-10-23,0.345,0.345,0.348,0.34,2564770100.0,0.0342,882336300.0
2024-10-24,0.342,0.34,0.345,0.339,1535551400.0,0.0204,525463900.0
2024-10-25,0.339,0.353,0.354,0.339,3476090391.0,,1208646129.0
2024-10-28,0.352,0.357,0.357,0.348,2319979200.0,,820316868.0
2024-10-29,0.36,0.348,0.361,0.347,2766902700.0,0.037,974249900.0
2024-10-30,0.345,0.343,0.349,0.339,2032729500.0,0.0271,697385399.9999999
2024-10-31,0.34,0.341,0.345,0.338,1713779300.0,0.0227999999999999,585640700.0
2024-11-01,0.339,0.336,0.343,0.336,2140667800.0,0.0283999999999999,725812500.0
2024-11-04,0.337,0.341,0.343,0.337,2038427511.0,,693540011.0
2024-11-05,0.341,0.352,0.353,0.338,2874295100.0,0.0382,998246800.0
2024-11-06,0.352,0.351,0.358,0.349,2405641099.0,,849698740.0
2024-11-07,0.348,0.365,0.365,0.346,2882156098.0,,1029124023.0
2024-11-08,0.371,0.363,0.372,0.361,2865559900.0,0.0387,1049083800.0
2024-11-11,0.359,0.369,0.369,0.357,2336104700.0,0.0316,850244500.0
2024-11-12,0.369,0.374,0.384,0.368,3757899700.0,0.0513,1418142100.0
2024-11-13,0.371,0.368,0.376,0.364,2308218565.0,,850583695.0
2024-11-14,0.367,0.356,0.368,0.356,1998867100.0,0.0271,723093600.0
2024-11-15,0.355,0.347,0.358,0.347,2069166038.0,,730104667.0
2024-11-18,0.347,0.342,0.35,0.339,1993836700.0,0.0268,687690900.0
2024-11-19,0.343,0.347,0.347,0.338,1770471928.0,,607584002.0
2024-11-20,0.346,0.354,0.356,0.345,2492669500.0,0.0334,877688000.0
2024-11-21,0.353,0.35,0.353,0.348,1950532900.0,0.0259,683038600.0
2024-11-22,0.349,0.335,0.35,0.334,2587983062.0,,883662579.0
2024-11-25,0.335,0.334,0.339,0.33,1541122962.0,,514760146.0
2024-11-26,0.333,0.333,0.339,0.332,1176539300.0,0.0154,394755900.0
2024-11-27,0.333,0.339,0.34,0.33,1543855600.0,0.0202,516945400.0
2024-11-28,0.339,0.335,0.34,0.334,1312387800.0,,441421612.0
2024-11-29,0.335,0.341,0.344,0.334,1874820760.0,,636705581.0
2024-12-02,0.342,0.347,0.349,0.34,1720973400.0,,595641707.0
2024-12-03,0.347,0.347,0.348,0.343,1318996900.0,,455812742.0
2024-12-04,0.346,0.341,0.346,0.34,1351125310.0,,462926867.0
2024-12-05,0.341,0.341,0.344,0.339,941891900.0,,321223854.0
2024-12-06,0.342,0.352,0.355,0.341,2631252000.0,0.0349,917917700.0
2024-12-09,0.357,0.353,0.359,0.351,1780339900.0,0.0237,631152100.0
2024-12-10,0.365,0.354,0.367,0.352,2412409100.0,0.0322,866351799.9999999
2024-12-11,0.352,0.355,0.357,0.352,1119979500.0,,397217965.0
2024-12-12,0.355,0.358,0.358,0.352,2118072566.0,,751278554.0
2024-12-13,0.355,0.348,0.356,0.347,1748933300.0,,612857359.0
2024-12-16,0.346,0.344,0.348,0.342,1108913500.0,,381448714.0
2024-12-17,0.343,0.34,0.344,0.339,1251557000.0,,426905214.0
2024-12-18,0.341,0.341,0.343,0.339,928735600.0,0.0124,316659500.0
2024-12-19,0.338,0.338,0.34,0.335,1248717200.0,,421822077.0
2024-12-20,0.338,0.338,0.342,0.337,850680666.0,,288911048.0
2024-12-23,0.338,0.335,0.339,0.334,1364374991.0,,458699691.0
2024-12-24,0.335,0.338,0.339,0.334,1057422900.0,0.0141,356746300.0
2024-12-25,0.341,0.336,0.342,0.334,1535560700.0,0.0203,517343800.0
2024-12-26,0.335,0.334,0.337,0.334,1001458500.0,0.0132,335472600.0
2024-12-27,0.335,0.335,0.337,0.332,1184482300.0,,396018975.0
2024-12-30,0.334,0.333,0.336,0.332,1419362100.0,0.0186,473700500.0
2024-12-31,0.333,0.327,0.334,0.326,1872079300.0,,617352451.0
2025-01-02,0.326,0.319,0.328,0.316,2356115000.0,,759369092.0
2025-01-03,0.319,0.315,0.322,0.313,1435261305.0,,456686206.0
2025-01-06,0.316,0.315,0.32,0.314,1347770454.0,,426276874.0
2025-01-07,0.316,0.313,0.316,0.308,1636229100.0,,509429673.0
2025-01-08,0.312,0.309,0.313,0.304,1594857100.0,0.0204999999999999,491267000.0
2025-01-09,0.308,0.308,0.312,0.307,995568600.0,0.0128,307682900.0
2025-01-10,0.308,0.304,0.31,0.303,1239819800.0,0.0159,380056700.0
2025-01-13,0.302,0.305,0.307,0.301,1206531700.0,,367754510.0
2025-01-14,0.306,0.315,0.315,0.306,1807906800.0,,562540025.0
2025-01-15,0.313,0.31,0.314,0.309,1106569000.0,0.0141999999999999,343720800.0
2025-01-16,0.311,0.311,0.316,0.309,1546636400.0,0.0199,482272100.0
2025-01-17,0.31,0.311,0.313,0.308,1195859000.0,0.0154,370887800.0
2025-01-20,0.313,0.314,0.318,0.312,1467658100.0,,462390526.0
2025-01-21,0.315,0.313,0.316,0.309,1105074500.0,0.0143,344683900.0
2025-01-22,0.311,0.31,0.312,0.307,1069298800.0,0.0138,330099900.0
2025-01-23,0.312,0.31,0.315,0.31,1170892700.0,0.0152,365710400.0
2025-01-24,0.31,0.312,0.314,0.309,1158002400.0,0.015,360946400.0
2025-01-27,0.313,0.311,0.315,0.311,969115800.0,0.0126,303300400.0
2025-02-05,0.313,0.313,0.315,0.31,1081695500.0,0.0139999999999999,338311500.0
2025-02-06,0.313,0.319,0.32,0.31,1852823600.0,0.0241,584525600.0
2025-02-07,0.319,0.328,0.331,0.318,2685101500.0,0.0353,874109800.0
2025-02-10,0.329,0.337,0.338,0.327,2779304300.0,0.037,926860700.0
2025-02-11,0.338,0.333,0.339,0.331,1749271800.0,0.0233,583036500.0
2025-02-12,0.332,0.334,0.336,0.33,1366090995.0,,454644113.0
2025-02-13,0.334,0.333,0.338,0.333,1571474100.0,0.021,526630100.0
2025-02-14,0.334,0.349,0.352,0.333,4166571000.0,0.0565,1437789800.0
2025-02-17,0.355,0.355,0.363,0.352,3878676500.0,0.0524,1386392800.0
2025-02-18,0.353,0.345,0.353,0.343,2903343000.0,0.0392,1008805700.0
2025-02-19,0.343,0.349,0.351,0.34,2145567100.0,0.0289999999999999,743684299.9999999
2025-02-20,0.349,0.36,0.362,0.349,3761262000.0,0.0518,1348376099.9999998
2025-02-21,0.361,0.364,0.365,0.357,2951752183.0,,1066378463.0
2025-02-24,0.363,0.356,0.364,0.353,2905554212.0,,1038442315.0
2025-02-25,0.35,0.349,0.354,0.348,2279840200.0,,800697561.0
2025-02-26,0.35,0.353,0.353,0.348,2185334800.0,,765437432.0
2025-02-27,0.351,0.351,0.355,0.347,1965842800.0,,690319780.0
2025-02-28,0.35,0.342,0.354,0.341,2235233800.0,0.0304,775938300.0
2025-03-03,0.342,0.346,0.352,0.341,1929499007.0,,669770706.0
2025-03-04,0.343,0.349,0.35,0.342,1554336939.0,,538808815.0
2025-03-05,0.349,0.345,0.35,0.342,1629149400.0,,561967175.0
2025-03-06,0.347,0.353,0.354,0.346,2576904790.0,,904314598.0
2025-03-07,0.351,0.348,0.352,0.346,1916237500.0,0.0259,669459600.0000001
2025-03-10,0.355,0.35,0.358,0.347,2206472563.0,,774895422.0
2025-03-11,0.345,0.35,0.351,0.345,1529023900.0,0.0206,532665300.0
2025-03-12,0.35,0.346,0.353,0.346,1484388100.0,0.0199,517651900.0
2025-03-13,0.346,0.343,0.348,0.341,1585097300.0,0.0212,544642600.0
2025-03-14,0.344,0.352,0.353,0.343,2486777200.0,0.0334,868531100.0
2025-03-17,0.354,0.351,0.354,0.349,1742625500.0,,612729338.0
2025-03-18,0.355,0.357,0.361,0.353,2216590060.0,,792744902.0
2025-03-19,0.355,0.355,0.358,0.353,1345606800.0,,478136261.0
2025-03-20,0.355,0.35,0.355,0.349,1562609400.0,,549284254.0
2025-03-21,0.349,0.343,0.35,0.342,1956256400.0,,675720066.0
2025-03-24,0.343,0.34,0.345,0.337,1811317600.0,,616909632.0
2025-03-25,0.341,0.341,0.343,0.339,1201252300.0,,409719759.0
2025-03-26,0.342,0.34,0.343,0.339,1292228700.0,,440082143.0
2025-03-27,0.339,0.344,0.345,0.336,1760467853.0,,600924823.0
2025-03-28,0.344,0.341,0.348,0.341,1698675100.0,0.0224,584471900.0
2025-03-31,0.34,0.336,0.341,0.334,1788960700.0,,602818239.0
2025-04-01,0.338,0.344,0.349,0.337,2632207100.0,0.0347,906551000.0
2025-04-02,0.344,0.342,0.345,0.34,1248409000.0,0.0163999999999999,427613300.0
2025-04-03,0.339,0.337,0.343,0.335,2023761700.0,0.0264,684682800.0
2025-04-07,0.324,0.305,0.326,0.303,4403398200.0,,1381428132.0
2025-04-08,0.306,0.308,0.314,0.304,2299436300.0,0.0293,708182100.0000001
2025-04-09,0.302,0.309,0.31,0.296,2778300500.0,0.0351,843617700.0
2025-04-10,0.313,0.315,0.319,0.313,2322037501.0,,733107468.0
2025-04-11,0.312,0.315,0.317,0.311,1884936500.0,,592274751.0
2025-04-14,0.317,0.316,0.319,0.314,1580464500.0,,500067218.0
2025-04-15,0.314,0.314,0.315,0.311,1219063500.0,,381283326.0
2025-04-16,0.312,0.31,0.312,0.306,1932905500.0,,597057670.0
2025-04-17,0.308,0.311,0.313,0.308,1215007700.0,,377744237.0
2025-04-18,0.31,0.31,0.313,0.309,1334046500.0,0.0166,413732500.0
2025-04-21,0.31,0.313,0.314,0.308,1569069300.0,0.0195,488944800.00000006
2025-04-22,0.313,0.313,0.315,0.311,1826043600.0,,572628141.0
2025-04-23,0.315,0.313,0.317,0.312,2339860300.0,,733842845.0
2025-04-24,0.313,0.313,0.317,0.311,1528086300.0,,479624345.0
2025-04-25,0.314,0.314,0.317,0.313,2345319400.0,0.0286,737828300.0
2025-04-28,0.313,0.311,0.313,0.31,1391168300.0,,433581965.0
2025-04-29,0.312,0.315,0.317,0.311,1746572900.0,0.0214,550001600.0
2025-04-30,0.315,0.317,0.319,0.315,1210220000.0,0.0149,383775100.0
2025-05-06,0.319,0.322,0.322,0.317,1476855300.0,,473003273.0
2025-05-07,0.325,0.321,0.326,0.318,1558063800.0,,500502593.0
2025-05-08,0.32,0.322,0.323,0.319,996381729.0,,320486934.0
2025-05-09,0.322,0.32,0.322,0.319,807174829.0,,258280778.0
2025-05-12,0.321,0.321,0.322,0.319,1367989800.0,,438705885.0
2025-05-13,0.324,0.326,0.328,0.323,2079795500.0,0.0260999999999999,676775399.9999999
2025-05-14,0.326,0.327,0.329,0.324,1330759700.0,0.0167,433852200.0
2025-05-15,0.327,0.324,0.327,0.324,1121356300.0,,364430717.0
2025-05-16,0.323,0.322,0.325,0.321,1027994600.0,0.0129,331751300.0
2025-05-19,0.322,0.321,0.322,0.319,1428384000.0,,457651800.0
2025-05-20,0.322,0.325,0.326,0.321,1486495900.0,0.0186,481712900.0
2025-05-21,0.324,0.326,0.328,0.324,1325612300.0,,432622769.0
2025-05-22,0.326,0.324,0.326,0.322,1330441300.0,0.0168,431191200.0
2025-05-23,0.324,0.326,0.33,0.323,2997324600.0,0.0375999999999999,981532700.0
2025-05-26,0.325,0.323,0.326,0.322,1450498300.0,0.0181,469597900.0
2025-05-27,0.323,0.324,0.326,0.322,1285578200.0,0.0161,417034200.0
2025-05-28,0.325,0.322,0.325,0.322,1000675300.0,0.0125,323491900.0
2025-05-29,0.323,0.329,0.33,0.322,2030635803.0,,664758897.0
2025-05-30,0.328,0.328,0.332,0.327,1499946900.0,0.0191,494191600.00000006
2025-06-03,0.327,0.332,0.333,0.326,1476543300.0,0.0187999999999999,488802000.0
2025-06-04,0.333,0.334,0.335,0.331,1248851800.0,0.0159,416075000.0
2025-06-05,0.334,0.333,0.335,0.33,1238348900.0,,411214378.0
2025-06-06,0.332,0.33,0.333,0.329,1108182372.0,,366151829.0
2025-06-09,0.331,0.335,0.338,0.33,1758683600.0,0.0225,589402400.0
2025-06-10,0.335,0.334,0.339,0.332,1808240900.0,,606433180.0
2025-06-11,0.334,0.334,0.338,0.334,1466718200.0,0.0187999999999999,491877200.0
2025-06-12,0.334,0.336,0.337,0.332,1351001300.0,0.0174,453077300.00000006
2025-06-13,0.336,0.331,0.339,0.331,1779864100.0,0.0227999999999999,594122500.0
2025-06-16,0.33,0.329,0.332,0.328,1398213700.0,0.0178,460847700.0
2025-06-17,0.33,0.327,0.334,0.326,1703088396.0,,561197615.0
2025-06-18,0.326,0.324,0.327,0.322,1367836600.0,0.0173,442755700.0
2025-06-19,0.324,0.32,0.325,0.318,1843322300.0,0.0231,590948800.0
2025-06-20,0.319,0.319,0.321,0.318,1009003900.0,0.0126,322171700.0
2025-06-23,0.318,0.321,0.322,0.317,1696198500.0,0.0210999999999999,542008800.0
2025-06-24,0.321,0.324,0.324,0.32,1212204300.0,0.0151,391483300.0
2025-06-25,0.325,0.328,0.328,0.322,1852170235.0,,602472412.0
2025-06-26,0.328,0.325,0.329,0.324,1520687334.0,,496183903.0
2025-06-27,0.325,0.326,0.329,0.324,2114339034.0,,690318248.0
2025-06-30,0.326,0.331,0.331,0.324,1831808500.0,0.0232,601744800.0
2025-07-01,0.331,0.333,0.334,0.33,1454692833.0,,484140693.0
2025-07-02,0.333,0.331,0.335,0.33,1201491600.0,0.0153,398767100.0
2025-07-03,0.331,0.332,0.333,0.33,1073010800.0,,355820185.0
2025-07-04,0.331,0.332,0.334,0.33,1256301700.0,0.016,417268700.0
2025-07-07,0.332,0.329,0.333,0.328,1249784600.0,,412460613.0
2025-07-08,0.329,0.332,0.333,0.328,1307142100.0,,433393098.0
2025-07-09,0.332,0.333,0.336,0.331,1629101800.0,,543378224.0
2025-07-10,0.332,0.335,0.336,0.331,1572018400.0,,524720204.0
2025-07-11,0.335,0.341,0.343,0.335,2751555195.0,,934557722.0
2025-07-14,0.341,0.34,0.342,0.338,1465255000.0,0.019,497847900.0
2025-07-15,0.339,0.339,0.342,0.335,1614709900.0,,545541874.0
2025-07-16,0.34,0.341,0.342,0.338,1247665100.0,0.0162,424088000.0
2025-07-17,0.34,0.345,0.345,0.339,1679322300.0,0.0219,574378700.0
2025-07-18,0.345,0.348,0.348,0.344,1525862800.0,0.0200999999999999,527379900.0
2025-07-21,0.348,0.348,0.349,0.344,1669094800.0,,578844500.0
2025-07-22,0.348,0.35,0.353,0.347,2067424300.0,,723851839.0
2025-07-23,0.351,0.354,0.358,0.35,2963997169.0,,1051894857.0
2025-07-24,0.353,0.364,0.365,0.353,3141798300.0,0.0419,1126502400.0
2025-07-25,0.364,0.367,0.373,0.362,3214024803.0,,1183380449.0
2025-07-28,0.367,0.368,0.369,0.366,1896121533.0,,697524692.0
2025-07-29,0.369,0.377,0.378,0.365,3094825600.0,0.0419,1152191900.0
2025-07-30,0.375,0.375,0.382,0.371,3105568364.0,,1171282790.0
2025-07-31,0.373,0.369,0.378,0.368,2734001988.0,,1019535966.0
2025-08-01,0.369,0.367,0.376,0.365,2455875130.0,,907498126.0
2025-08-04,0.364,0.367,0.368,0.359,2061176000.0,,748962403.0
2025-08-05,0.369,0.368,0.371,0.365,2210833000.0,0.031,812269400.0
2025-08-06,0.368,0.368,0.371,0.366,1819407700.0,0.0255,668648800.0
2025-08-07,0.367,0.369,0.375,0.366,2361476700.0,0.0327999999999999,874861700.0
2025-08-08,0.368,0.366,0.37,0.363,1778430581.0,,652007300.0
2025-08-11,0.365,0.372,0.373,0.365,1675806445.0,,619711689.0
2025-08-12,0.372,0.373,0.378,0.37,2053320320.0,,768446839.0
2025-08-13,0.374,0.379,0.38,0.371,2096110800.0,,788996225.0
2025-08-14,0.38,0.374,0.382,0.372,2667530500.0,0.0373,1004811300.0
2025-08-15,0.372,0.378,0.379,0.372,1694882600.0,0.0237,637748900.0
2025-08-18,0.38,0.381,0.383,0.379,1951260600.0,,743403465.0
2025-08-19,0.383,0.378,0.388,0.377,2565744596.0,,983030513.0
2025-08-20,0.376,0.38,0.38,0.372,2036428714.0,,766247036.0
2025-08-21,0.38,0.382,0.384,0.379,1983435300.0,,758171059.0
2025-08-22,0.382,0.385,0.385,0.38,2013444500.0,0.0281,768989700.0
2025-08-25,0.385,0.393,0.393,0.384,2788020067.0,,1085484439.0
2025-08-26,0.392,0.388,0.393,0.387,2059493111.0,,802407376.0
2025-08-27,0.388,0.38,0.393,0.38,2795380858.0,,1083238083.0
2025-08-28,0.379,0.382,0.382,0.37,3092573500.0,0.0434,1167129600.0
2025-08-29,0.381,0.387,0.389,0.38,2395942100.0,0.0338,920914300.0
2025-09-01,0.386,0.397,0.397,0.386,2923927700.0,0.0419,1147470100.0
2025-09-02,0.398,0.393,0.401,0.388,2459898875.0,,970783231.0
2025-09-03,0.393,0.388,0.396,0.387,2106206800.0,0.0302,823685800.0
2025-09-04,0.389,0.376,0.391,0.371,3034430557.0,,1154929871.0
2025-09-05,0.376,0.387,0.388,0.373,2376695500.0,0.0342,906183700.0
2025-09-08,0.388,0.402,0.403,0.387,3582752800.0,0.0521999999999999,1427014700.0
2025-09-09,0.4,0.392,0.402,0.389,2394712894.0,,945789645.0
2025-09-10,0.391,0.392,0.397,0.39,1674903400.0,0.0242,658948800.0
2025-09-11,0.386,0.395,0.395,0.379,2457251200.0,0.0353,949717000.0
2025-09-12,0.394,0.393,0.397,0.389,2018557400.0,0.0289999999999999,793088200.0000001
2025-09-15,0.393,0.395,0.398,0.392,1578931900.0,0.0227999999999999,623913800.0
2025-09-16,0.396,0.397,0.398,0.392,1570982400.0,0.0227999999999999,621037400.0
2025-09-17,0.397,0.397,0.399,0.393,1826827215.0,,723735273.0
2025-09-18,0.397,0.392,0.4,0.388,2353778062.0,,929976902.0
2025-09-19,0.391,0.388,0.395,0.385,2071847600.0,0.0302,806709800.0
2025-09-22,0.389,0.386,0.393,0.384,1406870620.0,,544881572.0
2025-09-23,0.386,0.379,0.387,0.373,2234846600.0,,846173839.0
2025-09-24,0.378,0.385,0.386,0.378,1480788500.0,,566557028.0
2025-09-25,0.385,0.388,0.391,0.384,1509392900.0,,586249939.0
2025-09-26,0.386,0.382,0.387,0.381,1453439900.0,0.0213,557167000.0
2025-09-29,0.38,0.384,0.385,0.376,1722290900.0,0.0253,654651300.0
2025-09-30,0.384,0.392,0.392,0.384,1624136600.0,0.0241,631314000.0
2025-10-09,0.392,0.394,0.395,0.388,1719546200.0,0.0255,673716100.0
2025-10-10,0.393,0.386,0.394,0.385,1647099000.0,,640464268.0
2025-10-13,0.375,0.378,0.381,0.373,2153330406.0,,812246455.0
2025-10-14,0.379,0.373,0.382,0.372,2355252600.0,0.0341,888750600.0
2025-10-15,0.374,0.378,0.379,0.371,1568503300.0,0.0226,589272500.0
2025-10-16,0.378,0.377,0.382,0.376,1307720100.0,0.0189,494887600.0
2025-10-17,0.377,0.368,0.378,0.367,1848175400.0,0.0265,686925100.0
2025-10-20,0.37,0.368,0.372,0.367,1220378800.0,0.0175,450902100.0
2025-10-21,0.37,0.372,0.374,0.369,1104007879.0,,410549474.0
2025-10-22,0.372,0.37,0.375,0.369,1078239400.0,,400358354.0
2025-10-23,0.37,0.37,0.371,0.366,1650213900.0,,606847147.0
2025-10-24,0.371,0.372,0.376,0.371,1196343000.0,0.0173,446671200.0
2025-10-27,0.376,0.374,0.38,0.373,1654197100.0,0.0239,622465400.0
2025-10-28,0.374,0.372,0.375,0.371,1135410400.0,0.0163999999999999,423581700.0
2025-10-29,0.372,0.375,0.376,0.368,1517650000.0,,564767436.0
2025-10-30,0.373,0.367,0.373,0.366,2101905004.0,,776654195.0
2025-10-31,0.366,0.37,0.373,0.365,1683112100.0,0.0243,622597800.0
2025-11-03,0.371,0.369,0.372,0.366,1177509000.0,,434098255.0
2025-11-04,0.367,0.363,0.368,0.36,1964523700.0,0.0279999999999999,713517899.9999999
2025-11-05,0.36,0.363,0.365,0.359,1185072800.0,0.0169,429660800.0
2025-11-06,0.362,0.362,0.363,0.36,1293404200.0,0.0184,467879500.0
2025-11-07,0.361,0.361,0.363,0.359,1077774800.0,,388966393.0
2025-11-10,0.361,0.367,0.367,0.36,1384226200.0,,504247195.0
2025-11-11,0.367,0.365,0.368,0.363,1151226587.0,,419659485.0
2025-11-12,0.366,0.366,0.369,0.364,1218393300.0,0.0173,446439900.0
2025-11-13,0.365,0.368,0.368,0.364,1121110713.0,,410335888.0
2025-11-14,0.366,0.365,0.369,0.364,1325905000.0,,486656635.0
2025-11-17,0.364,0.358,0.364,0.357,2049444700.0,0.0287,736314100.0
2025-11-18,0.358,0.357,0.359,0.356,1265470000.0,0.0177,452401600.00000006
2025-11-19,0.357,0.354,0.358,0.353,1242748200.0,,441441408.0
2025-11-20,0.355,0.351,0.357,0.349,1600096800.0,0.0220999999999999,563279100.0
2025-11-21,0.349,0.344,0.352,0.341,2734095400.0,0.0373,946095700.0
2025-11-24,0.345,0.348,0.349,0.344,1542712457.0,,534774225.0
2025-11-25,0.349,0.347,0.351,0.347,1395764600.0,0.0192,486904000.0
2025-11-26,0.348,0.348,0.352,0.346,1420558957.0,,496358479.0
2025-11-27,0.347,0.345,0.348,0.343,1364381400.0,0.0187,471748800.0
2025-11-28,0.346,0.346,0.347,0.343,800563576.0,,276785210.0
2025-12-01,0.347,0.348,0.349,0.346,1061361673.0,,369047931.0
2025-12-02,0.348,0.343,0.349,0.343,1169566091.0,,403357287.0
2025-12-03,0.343,0.341,0.345,0.34,1446567300.0,0.0196,494635200.0
2025-12-04,0.341,0.341,0.343,0.339,893363931.0,,304178729.0
2025-12-05,0.341,0.344,0.345,0.339,1371628200.0,0.0186,468840000.0
2025-12-08,0.345,0.345,0.346,0.343,937805200.0,0.0127,323315700.0
2025-12-09,0.345,0.343,0.347,0.342,1172565000.0,0.0159,403703900.0
2025-12-10,0.342,0.343,0.343,0.338,1254283917.0,,427251362.0
2025-12-11,0.343,0.34,0.344,0.339,1201231120.0,,410491109.0
2025-12-12,0.34,0.342,0.343,0.337,1278172300.0,0.0173,434833200.0
2025-12-15,0.341,0.34,0.344,0.34,1142577800.0,,390596722.0
2025-12-16,0.339,0.338,0.342,0.337,1297398500.0,0.0175,439384700.0
2025-12-17,0.337,0.343,0.344,0.337,1234485600.0,0.0167,420532200.0
2025-12-18,0.343,0.346,0.347,0.342,1342469200.0,0.0182,463748400.0
2025-12-19,0.346,0.349,0.351,0.344,1525501900.0,0.0208,530563800.0
2025-12-22,0.348,0.347,0.349,0.345,977387800.0,,339094195.0
2025-12-23,0.347,0.344,0.347,0.342,1304012100.0,0.0176,449129500.0
2025-12-24,0.343,0.345,0.345,0.342,1018891500.0,0.0137,350192200.0
2025-12-25,0.345,0.349,0.349,0.344,1223495900.0,0.0165,424641000.0
2025-12-26,0.348,0.347,0.349,0.345,1310332200.0,0.0176,454848000.0
2025-12-29,0.347,0.345,0.347,0.343,1601745600.0,0.0216,552392000.0
2025-12-30,0.344,0.342,0.344,0.341,1037874000.0,,355176530.0
2025-12-31,0.342,0.34,0.344,0.339,1096717678.0,,373772525.0
2026-01-05,0.341,0.358,0.358,0.34,3325133914.0,,1166499105.0
2026-01-06,0.359,0.362,0.362,0.356,2823591000.0,0.0379,1016819900.0
2026-01-07,0.362,0.362,0.365,0.36,2117901984.0,,767569990.0
2026-01-08,0.362,0.366,0.369,0.361,2396964700.0,0.0327,874987800.0
2026-01-09,0.365,0.375,0.375,0.365,2654055201.0,,984475021.0
2026-01-12,0.377,0.381,0.382,0.376,2694657000.0,0.0369,1021096200.0
2026-01-13,0.384,0.387,0.395,0.383,4031898282.0,,1567354883.0
2026-01-14,0.386,0.39,0.399,0.384,4489842613.0,,1761861567.0
2026-01-15,0.388,0.385,0.392,0.383,2467176850.0,,953591621.0
2026-01-16,0.384,0.375,0.386,0.374,2370024127.0,,897791778.0
2026-01-19,0.374,0.372,0.377,0.371,1550222100.0,,578937068.0
2026-01-20,0.372,0.367,0.374,0.364,2063510500.0,0.0291,758196500.0
2026-01-21,0.366,0.368,0.372,0.363,1699739232.0,,625895391.0
2026-01-22,0.368,0.366,0.369,0.364,1591267500.0,0.0220999999999999,582951100.0
2026-01-23,0.367,0.371,0.372,0.366,1950339500.0,0.0269,721716500.0
2026-01-26,0.372,0.369,0.373,0.364,2561899300.0,0.0351,940223900.0
2026-01-27,0.368,0.363,0.369,0.359,2382975883.0,,863833175.0
2026-01-28,0.362,0.357,0.363,0.355,3059764330.0,,1096340729.0
2026-01-29,0.356,0.362,0.363,0.353,2682294000.0,,964732913.0
2026-01-30,0.361,0.356,0.363,0.355,2083949200.0,0.0272,746459200.0
2026-02-02,0.355,0.348,0.358,0.348,2403276344.0,,848023722.0
2026-02-03,0.35,0.354,0.355,0.349,1785760900.0,,628904595.0
2026-02-04,0.353,0.36,0.36,0.351,2075091700.0,0.0266999999999999,737245300.0
2026-02-05,0.358,0.36,0.362,0.358,1630642100.0,,587028049.0
2026-02-06,0.358,0.358,0.36,0.355,1337140691.0,,478402073.0
2026-02-09,0.36,0.359,0.361,0.357,1578441046.0,,565842887.0
2026-02-10,0.359,0.362,0.363,0.357,1478725504.0,,533608177.0
2026-02-11,0.361,0.36,0.363,0.359,870685700.0,0.0111,314116500.0
2026-02-12,0.36,0.358,0.362,0.358,1281731000.0,0.0163999999999999,460802400.0
2026-02-13,0.357,0.353,0.359,0.352,1545455200.0,0.0197,548710400.0
2026-02-24,0.355,0.353,0.357,0.351,1334832600.0,,471849513.0
2026-02-25,0.353,0.356,0.357,0.352,1053521142.0,,374026747.0
2026-02-26,0.356,0.352,0.356,0.351,1594634583.0,,563488334.0
2026-02-27,0.352,0.354,0.356,0.351,1084281146.0,,383924209.0
2026-03-02,0.351,0.348,0.353,0.344,2829413300.0,0.0356,985582800.0
2026-03-03,0.348,0.339,0.349,0.337,2953732800.0,0.0365,1010284000.0
2026-03-04,0.337,0.334,0.339,0.332,1999076800.0,0.0246,669981000.0
2026-03-05,0.337,0.334,0.338,0.333,1522637521.0,,511250361.0
2026-03-06,0.334,0.342,0.342,0.333,1798270500.0,,610218547.0
2026-03-09,0.337,0.337,0.339,0.332,2271725138.0,,761691010.0
2026-03-10,0.339,0.342,0.343,0.339,1484152300.0,0.0182,506918600.0
2026-03-11,0.343,0.343,0.345,0.34,1139289500.0,0.0139999999999999,390255200.0
2026-03-12,0.343,0.34,0.344,0.338,1721247100.0,0.0210999999999999,586568400.0
2026-03-13,0.338,0.338,0.342,0.337,1354889300.0,0.0166,459420800.0
2026-03-16,0.339,0.339,0.341,0.336,1298653500.0,0.0159,439474200.0
2026-03-17,0.339,0.339,0.344,0.337,2049976114.0,,697113529.0
2026-03-18,0.338,0.338,0.339,0.335,1451366385.0,,489041016.0
2026-03-19,0.336,0.332,0.337,0.331,2351177500.0,0.0283,784574299.9999999
2026-03-20,0.331,0.326,0.334,0.325,2149943392.0,,707617264.0
2026-03-23,0.322,0.312,0.322,0.31,3819735800.0,0.0446,1209477400.0
2026-03-24,0.315,0.319,0.32,0.314,2112449100.0,0.0245,669580600.0
2026-03-25,0.322,0.324,0.325,0.321,1582096000.0,0.0184,510772000.0
2026-03-26,0.323,0.319,0.326,0.317,1648628251.0,,529928989.0
2026-03-27,0.316,0.327,0.328,0.315,2049886600.0,0.024,663182300.0
2026-03-30,0.324,0.33,0.33,0.324,1777740803.0,,581397060.0
2026-03-31,0.33,0.33,0.337,0.329,1794268400.0,,597803339.0
2026-04-01,0.334,0.341,0.342,0.332,2826482900.0,0.0336,953181500.0
2026-04-02,0.341,0.339,0.342,0.337,1907156000.0,0.0229,647152200.0
2026-04-03,0.336,0.33,0.337,0.33,1683754435.0,,560047350.0
2026-04-07,0.331,0.332,0.336,0.328,1317676400.0,0.0157,437879700.0
2026-04-08,0.335,0.339,0.34,0.333,1792777363.0,,604095144.0
2026-04-09,0.337,0.336,0.34,0.335,1259236861.0,,424066876.0
2026-04-10,0.336,0.339,0.342,0.335,1462681516.0,,496026011.0
2026-04-13,0.337,0.335,0.338,0.334,1384445100.0,,464444328.0
2026-04-14,0.336,0.337,0.338,0.331,2259316700.0,,754822668.0
2026-04-15,0.339,0.337,0.341,0.335,1667934284.0,,563022458.0
2026-04-16,0.336,0.337,0.338,0.333,1672658300.0,0.0203,561363500.0
2026-04-17,0.336,0.331,0.337,0.33,2103119100.0,0.0252,697860500.0
2026-04-20,0.33,0.334,0.337,0.33,1453099346.0,,484491681.0
2026-04-21,0.334,0.332,0.336,0.331,1090177700.0,0.0131,362825200.0
2026-04-22,0.331,0.336,0.336,0.33,1472597542.0,,490830141.0
2026-04-23,0.336,0.335,0.338,0.332,1607412844.0,,538365390.0
2026-04-24,0.333,0.335,0.338,0.332,1516279386.0,,508233684.0
2026-04-27,0.334,0.332,0.335,0.331,1298118800.0,,431894269.0
2026-04-28,0.335,0.34,0.343,0.335,2298157889.0,,780528639.0
2026-04-29,0.339,0.338,0.341,0.337,1485173300.0,0.0181,502427300.00000006
2026-04-30,0.337,0.336,0.339,0.334,1481271200.0,,497994461.0
2026-05-06,0.336,0.335,0.337,0.334,2375035900.0,0.0292,796572600.0
2026-05-07,0.336,0.338,0.338,0.335,1304808800.0,0.0161,439495100.0
2026-05-08,0.337,0.337,0.34,0.336,1089496600.0,0.0135,367810000.0
2026-05-11,0.336,0.34,0.341,0.333,2412715264.0,,812490389.0
2026-05-12,0.34,0.337,0.341,0.336,1974669938.0,,668043435.0
2026-05-13,0.337,0.336,0.338,0.333,1691936901.0,,566482511.0
2026-05-14,0.336,0.329,0.339,0.328,2652435800.0,0.0325,881757700.0
2026-05-15,0.328,0.327,0.332,0.325,1629156200.0,0.0199,535729100.00000006
2026-05-18,0.326,0.322,0.327,0.32,1569713500.0,,507314712.0
2026-05-19,0.322,0.325,0.327,0.321,1381885000.0,0.0168,447463200.0
2026-05-20,0.323,0.321,0.324,0.318,1459269000.0,,467746229.0
2026-05-21,0.321,0.324,0.334,0.321,3341077137.0,,1098719254.0
2026-05-22,0.325,0.321,0.326,0.319,1968661584.0,,632634644.0
2026-05-25,0.32,0.322,0.324,0.318,1436615400.0,,460851091.0
2026-05-26,0.321,0.32,0.322,0.316,1885584800.0,0.023,600586200.0
2026-05-27,0.318,0.317,0.32,0.313,1804197500.0,0.0219,571166800.0
2026-05-28,0.316,0.313,0.317,0.311,1792971530.0,,561963164.0
2026-05-29,0.314,0.315,0.318,0.312,1830754500.0,0.0222,576228900.0
2026-06-01,0.313,0.313,0.316,0.31,1682360000.0,,525640631.0
2026-06-02,0.312,0.309,0.313,0.306,2837975279.0,,877423038.0
2026-06-03,0.308,0.305,0.309,0.303,1805859201.0,,552166798.0
2026-06-04,0.303,0.301,0.305,0.298,1931384100.0,0.0226,581055500.0
2026-06-05,0.302,0.3,0.305,0.299,1599323600.0,0.0186,482101300.0
2026-06-08,0.297,0.293,0.299,0.289,2704429000.0,0.0313,794341200.0
2026-06-09,0.292,0.292,0.293,0.288,1864778719.0,,540902577.0
2026-06-10,0.29,0.291,0.293,0.288,1785225253.0,,518380040.0
2026-06-11,0.291,0.293,0.294,0.289,1689487700.0,0.0196,492289100.00000006
2026-06-12,0.293,0.298,0.299,0.291,1594969251.0,,471045150.0
2026-06-15,0.299,0.297,0.3,0.295,1125005225.0,,334412339.0
2026-06-16,0.298,0.293,0.298,0.292,1382706236.0,,406486676.0
2026-06-17,0.293,0.294,0.294,0.291,1105039100.0,0.0129,323104600.0
2026-06-18,0.293,0.296,0.3,0.291,1752759446.0,,518857987.0
2026-06-22,0.296,0.297,0.298,0.287,2359268900.0,0.0276,687756100.0
2026-06-23,0.296,0.298,0.304,0.296,2062647400.0,0.0242,618767300.0
2026-06-24,0.299,0.302,0.306,0.298,2361449200.0,0.0278,714455700.0000001
2026-06-25,0.299,0.302,0.304,0.294,2083115175.0,,622583889.0
2026-06-26,0.302,0.296,0.305,0.295,1825046432.0,,545739913.0
2026-06-29,0.295,0.311,0.311,0.291,3404012308.0,,1034602789.0
2026-06-30,0.309,0.306,0.309,0.304,1744437500.0,0.0208,533991700.0
2026-07-01,0.304,0.314,0.316,0.299,3031581577.0,,932037186.0
2026-07-02,0.313,0.311,0.319,0.31,2113331900.0,0.0253,663302300.0
2026-07-03,0.312,0.316,0.317,0.309,1957023355.0,,613080833.0
2026-07-06,0.315,0.317,0.323,0.313,2525081500.0,0.0302999999999999,803006400.0
2026-07-07,0.314,0.306,0.314,0.305,2296336283.0,,710568606.0
2026-07-08,0.306,0.304,0.31,0.303,1668693900.0,0.0197999999999999,510512300.00000006
2026-07-09,0.302,0.307,0.311,0.3,2292523800.0,0.0272,701378400.0
2026-07-10,0.306,0.316,0.321,0.304,3531239800.0,0.0426999999999999,1111563300.0
2026-07-13,0.315,0.311,0.318,0.309,2208486000.0,,689148805.0
2026-07-14,0.31,0.319,0.32,0.308,2603589400.0,0.0314,819618400.0
2026-07-15,0.319,0.332,0.336,0.318,4574693200.0,0.0569,1510140200.0
2026-07-16,0.33,0.333,0.338,0.324,3309063200.0,0.0418,1097178200.0
2026-07-17,0.331,0.318,0.333,0.317,3162093054.0,,1021250221.0
2026-07-20,0.317,0.326,0.328,0.315,2651695100.0,0.033,855072800.0
2026-07-21,0.323,0.328,0.328,0.321,18255882.0,2.55,592793135.0
2026-07-22,0.326,0.327,0.333,0.325,17439548.0,2.43,573753407.0
2026-07-23,0.326,0.325,0.328,0.322,1801464300.0,0.0225,584713100.0
2026-07-24,0.323,0.315,0.325,0.315,20357098.0,2.84,650941901.0
2026-07-27,0.314,0.323,0.325,0.313,18571447.0,2.59,595293893.0
2026-07-28,0.32,0.32,0.322,0.318,1267273500.0,0.0159,405228400.0
2026-07-29,0.321,0.326,0.328,0.319,19306375.0,2.69,625441176.0
2026-07-30,0.325,0.325,0.329,0.321,16117949.0,2.25,523408118.0
2026-07-31,0.322,0.33,0.331,0.322,18606030.0,2.6,610826318.0
2026-08-03,0.329,0.328,0.331,0.326,11615074.0,1.62,380955497.0
2026-08-04,0.331,0.334,0.337,0.331,1839862200.0,0.0233999999999999,615714100.0
2026-08-05,0.334,0.337,0.339,0.333,1598477674.0,,538499081.0
2026-08-06,0.338,0.331,0.339,0.33,16600790.0,2.32,554033277.0
2026-08-07,0.33,0.346,0.347,0.33,36317870.0,5.07,1235164001.0
2026-08-10,0.349,0.353,0.36,0.349,36806143.0,5.14,1302737723.0
2026-08-11,0.35,0.351,0.359,0.349,20984647.0,2.93,742930240.0
2026-08-12,0.349,0.35,0.355,0.349,13248406.0,1.85,466459610.0
2026-08-13,0.349,0.355,0.361,0.347,25232671.0,3.52,897759780.0
2026-08-14,0.354,0.351,0.358,0.348,16879722.0,2.36,594085126.0
2026-08-17,0.351,0.353,0.354,0.345,17810223.0,2.49,625188032.0
2026-08-18,0.352,0.353,0.354,0.349,17514437.0,2.44,616005534.0
2026-08-19,0.352,0.344,0.353,0.342,16476924.0,2.3,571510321.0
2026-08-20,0.351,0.359,0.365,0.351,35277161.0,4.92,1267654140.0
2026-08-21,0.354,0.349,0.355,0.347,20497747.0,2.86,719681286.0
2026-08-24,0.347,0.339,0.349,0.336,19746601.0,2.76,673140401.0
2026-08-25,0.338,0.347,0.348,0.336,17875941.0,2.5,613766783.0
