date,open,high,low,close,volume,amount,outstanding_share,turnover
1997-04-22,4.58,5.26,4.46,5.12,11339900.0,189051436.0,15750000.0,0.7199936507936507
1997-04-23,4.99,5.15,4.86,5.04,4757900.0,82807674.0,15750000.0,0.3020888888888889
1997-04-24,5.0,5.03,4.8,4.88,2601200.0,44571378.0,15750000.0,0.1651555555555555
1997-04-25,4.83,5.38,4.72,5.15,4884400.0,87377589.0,15750000.0,0.3101206349206349
1997-04-28,5.29,5.58,5.17,5.5,3887500.0,73188421.0,15750000.0,0.2468253968253968
1997-04-29,5.58,5.62,4.98,5.09,2073100.0,37512562.0,15750000.0,0.1316253968253968
1997-04-30,5.12,5.2,4.98,5.06,1092300.0,19282928.0,15750000.0,0.0693523809523809
1997-05-05,4.96,5.16,4.96,5.03,1098300.0,19364098.0,15750000.0,0.0697333333333333
1997-05-06,5.03,5.09,4.89,4.93,1348300.0,23317764.0,15750000.0,0.0856063492063492
1997-05-07,4.95,5.14,4.81,5.02,1258300.0,21914324.0,15750000.0,0.0798920634920634
1997-05-08,5.02,5.02,4.6,4.69,941800.0,15956346.0,15750000.0,0.0597968253968254
1997-05-09,4.6,4.83,4.6,4.8,724000.0,11956682.0,15750000.0,0.0459682539682539
1997-05-12,4.86,4.98,4.86,4.9,720100.0,12362049.0,15750000.0,0.0457206349206349
1997-05-13,4.93,4.95,4.69,4.77,556600.0,9289560.0,15750000.0,0.0353396825396825
1997-05-14,4.72,4.86,4.58,4.6,519200.0,8491895.0,15750000.0,0.0329650793650793
1997-05-15,4.6,4.78,4.58,4.75,451500.0,7376284.0,15750000.0,0.0286666666666666
1997-05-16,4.29,4.63,4.28,4.28,570000.0,8800723.0,15750000.0,0.0361904761904761
1997-05-19,4.28,4.55,4.2,4.31,387400.0,5824777.0,15750000.0,0.0245968253968253
1997-05-20,4.32,4.35,4.29,4.33,392900.0,5934822.0,15750000.0,0.0249460317460317
1997-05-21,4.36,4.37,4.02,4.07,340000.0,4952552.0,15750000.0,0.0215873015873015
1997-05-22,3.66,3.86,3.66,3.66,501000.0,6442975.0,15750000.0,0.0318095238095238
1997-05-23,3.59,3.66,3.37,3.5,469000.0,5723206.0,15750000.0,0.0297777777777777
1997-05-26,3.52,3.56,3.35,3.46,425300.0,5135756.0,15750000.0,0.0270031746031746
1997-05-27,3.52,3.81,3.51,3.81,874800.0,11396003.0,15750000.0,0.0555428571428571
1997-05-28,3.88,4.0,3.75,3.79,981700.0,13293980.0,15750000.0,0.0623301587301587
1997-05-29,3.72,3.88,3.72,3.75,339700.0,4517643.0,15750000.0,0.0215682539682539
1997-05-30,3.86,3.86,3.72,3.83,251300.0,3328676.0,15750000.0,0.0159555555555555
1997-06-02,3.86,4.0,3.86,3.92,413400.0,5694271.0,15750000.0,0.026247619047619
1997-06-03,3.92,4.12,3.92,4.0,661700.0,9272041.0,15750000.0,0.0420126984126984
1997-06-04,4.03,4.05,3.92,3.97,380900.0,5301469.0,15750000.0,0.0241841269841269
1997-06-05,3.97,3.97,3.82,3.85,348200.0,4711326.0,15750000.0,0.0221079365079365
1997-06-06,3.57,3.69,3.47,3.5,655200.0,8154868.0,15750000.0,0.0416
1997-06-09,3.57,3.6,3.43,3.55,201400.0,2475669.0,15750000.0,0.0127873015873015
1997-06-10,3.54,3.55,3.35,3.41,243900.0,2942913.0,15750000.0,0.0154857142857142
1997-06-11,3.37,3.49,3.09,3.28,337300.0,3770991.0,15750000.0,0.021415873015873
1997-06-12,3.3,3.37,3.23,3.26,250300.0,2870404.0,15750000.0,0.0158920634920634
1997-06-13,3.03,3.4,3.03,3.4,471200.0,5423928.0,15750000.0,0.0299174603174603
1997-06-16,3.43,3.57,3.43,3.54,354800.0,4375835.0,15750000.0,0.0225269841269841
1997-06-17,3.55,3.55,3.4,3.41,228500.0,2748494.0,15750000.0,0.0145079365079365
1997-06-18,3.43,3.49,3.32,3.42,263600.0,3140158.0,15750000.0,0.0167365079365079
1997-06-19,3.49,3.49,3.36,3.36,121500.0,1444539.0,15750000.0,0.0077142857142857
1997-06-20,3.43,3.57,3.4,3.55,361800.0,4416745.0,15750000.0,0.0229714285714285
1997-06-23,3.6,3.66,3.42,3.42,484000.0,5947365.0,15750000.0,0.0307301587301587
1997-06-24,3.45,3.57,3.43,3.57,424800.0,5232543.0,15750000.0,0.0269714285714285
1997-06-25,3.57,3.66,3.52,3.65,620600.0,7857916.0,15750000.0,0.0394031746031746
1997-06-26,3.66,3.68,3.57,3.6,275900.0,3490706.0,15750000.0,0.0175174603174603
1997-06-27,3.56,3.63,3.37,3.4,443200.0,5377101.0,15750000.0,0.0281396825396825
1997-07-02,3.43,3.45,3.07,3.25,231300.0,2654058.0,15750000.0,0.0146857142857142
1997-07-03,3.17,3.26,3.09,3.17,217100.0,2398237.0,15750000.0,0.0137841269841269
1997-07-04,3.12,3.34,3.12,3.33,296600.0,3380742.0,15750000.0,0.018831746031746
1997-07-07,3.35,3.36,3.09,3.13,331000.0,3689506.0,15750000.0,0.021015873015873
1997-07-08,3.12,3.23,3.02,3.19,283100.0,3110184.0,15750000.0,0.0179746031746031
1997-07-09,3.21,3.3,3.12,3.29,254900.0,2878405.0,15750000.0,0.0161841269841269
1997-07-10,3.17,3.35,3.17,3.21,215800.0,2484894.0,15750000.0,0.0137015873015873
1997-07-11,3.2,3.46,3.16,3.46,362000.0,4234782.0,15750000.0,0.0229841269841269
1997-07-14,3.51,3.69,3.49,3.66,820200.0,10345669.0,15750000.0,0.0520761904761904
1997-07-15,3.72,3.72,3.58,3.63,612700.0,7804243.0,15750000.0,0.0389015873015873
1997-07-16,3.68,3.68,3.52,3.53,417100.0,5257185.0,15750000.0,0.0264825396825396
1997-07-17,3.51,3.68,3.47,3.57,300900.0,3737404.0,15750000.0,0.0191047619047619
1997-07-18,3.57,3.93,3.57,3.93,1556100.0,20725098.0,15750000.0,0.0988
1997-07-21,3.95,3.95,3.77,3.8,785900.0,10695311.0,15750000.0,0.0498984126984127
1997-07-22,3.83,3.93,3.66,3.92,521300.0,6950336.0,15750000.0,0.0330984126984126
1997-07-23,3.89,4.02,3.86,3.9,649600.0,8943448.0,15750000.0,0.0412444444444444
1997-07-24,3.92,3.92,3.7,3.71,484200.0,6382504.0,15750000.0,0.0307428571428571
1997-07-25,3.66,3.7,3.56,3.62,372000.0,4726988.0,15750000.0,0.0236190476190476
1997-07-28,3.6,3.67,3.55,3.59,158000.0,1989935.0,15750000.0,0.010031746031746
1997-07-29,3.6,3.69,3.55,3.63,154900.0,1957609.0,15750000.0,0.0098349206349206
1997-07-30,3.63,3.76,3.63,3.74,262900.0,3405384.0,15750000.0,0.0166920634920634
1997-07-31,3.77,3.8,3.67,3.71,187400.0,2461141.0,15750000.0,0.0118984126984126
1997-08-01,3.73,3.77,3.43,3.7,155600.0,2002692.0,15750000.0,0.009879365079365
1997-08-04,3.75,3.88,3.72,3.83,334600.0,4469164.0,15750000.0,0.0212444444444444
1997-08-05,3.86,3.87,3.73,3.77,182900.0,2420392.0,15750000.0,0.0116126984126984
1997-08-06,3.77,3.78,3.58,3.59,234400.0,3001687.0,15750000.0,0.0148825396825396
1997-08-07,3.57,3.63,3.5,3.63,235700.0,2929135.0,15750000.0,0.0149650793650793
1997-08-08,3.66,3.66,3.37,3.49,396000.0,4880277.0,15750000.0,0.0251428571428571
1997-08-11,3.43,3.45,3.26,3.4,432500.0,5099859.0,15750000.0,0.0274603174603174
1997-08-12,3.37,3.37,3.29,3.31,197900.0,2309128.0,15750000.0,0.0125650793650793
1997-08-13,3.31,3.4,3.29,3.29,143900.0,1672452.0,15750000.0,0.0091365079365079
1997-08-14,3.29,3.31,3.15,3.16,199700.0,2267412.0,15750000.0,0.012679365079365
1997-08-15,3.15,3.32,3.15,3.2,173400.0,1950941.0,15750000.0,0.0110095238095238
1997-08-18,3.17,3.2,3.03,3.07,229200.0,2502186.0,15750000.0,0.0145523809523809
1997-08-19,3.23,3.25,3.16,3.17,82000.0,920455.0,15750000.0,0.0052063492063492
1997-08-20,3.19,3.26,3.18,3.25,74700.0,843033.0,15750000.0,0.0047428571428571
1997-08-21,3.25,3.45,3.2,3.41,241900.0,2851582.0,15750000.0,0.0153587301587301
1997-08-22,3.33,3.46,3.32,3.4,153800.0,1836559.0,15750000.0,0.0097650793650793
1997-08-25,3.37,3.41,3.2,3.31,426400.0,4948370.0,15750000.0,0.0270730158730158
1997-08-26,3.32,3.64,3.26,3.64,729800.0,9093100.0,15750000.0,0.0463365079365079
1997-08-27,3.62,3.86,3.55,3.81,904800.0,11940263.0,15750000.0,0.057447619047619
1997-08-28,3.89,3.89,3.63,3.72,452200.0,5900158.0,15750000.0,0.0287111111111111
1997-08-29,3.74,3.8,3.57,3.74,507500.0,6570525.0,15750000.0,0.0322222222222222
1997-09-01,3.72,3.76,3.67,3.72,199300.0,2589875.0,15750000.0,0.0126539682539682
1997-09-02,3.72,3.86,3.69,3.69,977200.0,13001745.0,15750000.0,0.0620444444444444
1997-09-03,3.79,3.8,3.67,3.69,626200.0,8183401.0,15750000.0,0.0397587301587301
1997-09-04,3.73,3.8,3.73,3.8,406900.0,5382387.0,15750000.0,0.0258349206349206
1997-09-05,3.83,3.85,3.8,3.83,289900.0,3874568.0,15750000.0,0.0184063492063492
1997-09-08,3.83,3.96,3.83,3.88,368300.0,5029001.0,15750000.0,0.0233841269841269
1997-09-09,3.86,3.92,3.77,3.77,203200.0,2706524.0,15750000.0,0.0129015873015873
1997-09-10,3.76,3.79,3.71,3.77,172400.0,2257920.0,15750000.0,0.0109460317460317
1997-09-11,3.78,3.8,3.72,3.72,204200.0,2688825.0,15750000.0,0.0129650793650793
1997-09-12,3.7,3.72,3.63,3.64,164200.0,2108919.0,15750000.0,0.0104253968253968
1997-09-15,3.63,3.69,3.5,3.5,130400.0,1646211.0,15750000.0,0.008279365079365
1997-09-16,3.55,3.59,3.5,3.53,125600.0,1559392.0,15750000.0,0.0079746031746031
1997-09-17,3.54,3.55,3.45,3.45,97200.0,1192943.0,15750000.0,0.0061714285714285
1997-09-18,3.46,3.6,3.46,3.53,78200.0,963444.0,15750000.0,0.0049650793650793
1997-09-19,3.53,3.62,3.53,3.62,60800.0,763705.0,15750000.0,0.0038603174603174
1997-09-22,3.56,3.65,3.43,3.45,293900.0,3671198.0,15750000.0,0.0186603174603174
1997-09-23,3.43,3.43,3.15,3.2,218200.0,2509205.0,15750000.0,0.0138539682539682
1997-09-24,3.19,3.42,3.19,3.41,160200.0,1857062.0,15750000.0,0.0101714285714285
1997-09-25,3.43,3.45,3.35,3.4,143800.0,1711933.0,15750000.0,0.0091301587301587
1997-09-26,3.43,3.43,3.32,3.35,112700.0,1327740.0,15750000.0,0.0071555555555555
1997-09-29,3.32,3.37,3.21,3.31,128000.0,1482780.0,15750000.0,0.0081269841269841
1997-09-30,3.31,3.42,3.31,3.4,158200.0,1865569.0,15750000.0,0.0100444444444444
1997-10-06,3.43,3.47,3.43,3.45,115700.0,1395482.0,15750000.0,0.0073460317460317
1997-10-07,3.46,3.46,3.4,3.45,60900.0,729952.0,15750000.0,0.0038666666666666
1997-10-08,3.49,3.66,3.45,3.64,190400.0,2397403.0,15750000.0,0.0120888888888888
1997-10-09,3.63,3.73,3.51,3.52,396100.0,5092778.0,15750000.0,0.0251492063492063
1997-10-10,3.57,3.72,3.54,3.69,406700.0,5252291.0,15750000.0,0.0258222222222222
1997-10-13,3.77,3.77,3.63,3.63,123400.0,1598780.0,15750000.0,0.0078349206349206
1997-10-14,3.64,3.64,3.58,3.6,90300.0,1136781.0,15750000.0,0.0057333333333333
1997-10-15,3.6,3.68,3.6,3.62,85300.0,1092380.0,15750000.0,0.005415873015873
1997-10-16,3.66,3.75,3.61,3.73,284600.0,3686991.0,15750000.0,0.0180698412698412
1997-10-17,3.76,3.83,3.72,3.8,368900.0,4894886.0,15750000.0,0.0234222222222222
1997-10-20,3.8,3.86,3.72,3.82,360100.0,4789509.0,15750000.0,0.022863492063492
1997-10-21,3.8,4.06,3.75,4.03,772200.0,10534865.0,15750000.0,0.0490285714285714
1997-10-22,4.03,4.06,3.85,3.85,824200.0,11357464.0,15750000.0,0.0523301587301587
1997-10-23,3.8,4.15,3.75,4.03,2785900.0,38869240.0,17472860.0,0.159441556791504
1997-10-24,4.03,4.2,3.97,4.13,1465700.0,21120148.0,17472860.0,0.0838843784017041
1997-10-27,4.22,4.26,4.0,4.1,1099500.0,15914596.0,17472860.0,0.0629261609146985
1997-10-28,4.05,4.22,3.92,4.13,1053400.0,15145212.0,17472860.0,0.0602877834538821
1997-10-29,4.0,4.25,3.96,4.25,803400.0,11684746.0,17472860.0,0.0459798796533595
1997-10-30,4.25,4.54,4.2,4.2,1712400.0,26161091.0,17472860.0,0.0980034178720598
1997-10-31,4.15,4.34,4.06,4.29,654100.0,9552294.0,17472860.0,0.0374351995036874
1997-11-03,4.3,4.44,4.26,4.27,494900.0,7503698.0,17472860.0,0.0283239263635146
1997-11-04,4.29,4.37,4.2,4.34,443300.0,6657617.0,17472860.0,0.0253707750190867
1997-11-05,4.35,4.43,4.34,4.37,517900.0,7939711.0,17472860.0,0.0296402535131626
1997-11-06,4.4,4.43,4.2,4.2,532800.0,8073724.0,17472860.0,0.0304930045796738
1997-11-07,4.26,4.37,4.2,4.34,572200.0,8560538.0,17472860.0,0.0327479302186362
1997-11-10,4.34,4.35,4.15,4.19,370600.0,5453214.0,17472860.0,0.0212100365938947
1997-11-11,4.15,4.18,4.0,4.18,295300.0,4221004.0,17472860.0,0.0169004959691773
1997-11-12,4.2,4.4,4.01,4.08,375000.0,5550132.0,17472860.0,0.0214618557007839
1997-11-13,4.07,4.28,4.0,4.23,408100.0,5823599.0,17472860.0,0.0233562221639731
1997-11-14,4.25,4.26,4.14,4.19,176700.0,2601509.0,17472860.0,0.0101128264062094
1997-11-17,4.22,4.36,4.22,4.28,587500.0,8848196.0,17472860.0,0.0336235739312282
1997-11-18,4.26,4.36,4.23,4.26,232100.0,3502948.0,17472860.0,0.0132834578884052
1997-11-19,4.29,4.29,4.18,4.22,139600.0,2080439.0,17472860.0,0.0079895334822118
1997-11-20,4.2,4.24,4.09,4.13,177400.0,2604692.0,17472860.0,0.0101528885368508
1997-11-21,4.1,4.15,4.06,4.08,207400.0,2973497.0,17472860.0,0.0118698369929135
1997-11-24,4.06,4.14,4.02,4.05,178000.0,2554348.0,17472860.0,0.0101872275059721
1997-11-25,4.06,4.12,3.95,4.0,194500.0,2733598.0,17472860.0,0.0111315491568066
1997-11-26,4.05,4.06,3.97,4.03,178400.0,2493428.0,17472860.0,0.0102101201520529
1997-11-27,4.03,4.06,3.95,3.95,125000.0,1747042.0,17472860.0,0.0071539519002613
1997-11-28,3.88,4.08,3.88,4.06,148200.0,2051801.0,17472860.0,0.0084817253729498
1997-12-01,4.03,4.05,3.97,4.03,100900.0,1418674.0,17472860.0,0.0057746699738909
1997-12-02,4.01,4.07,4.01,4.04,206100.0,2915791.0,17472860.0,0.0117954358931508
1997-12-03,4.02,4.13,4.02,4.11,191100.0,2714545.0,17472860.0,0.0109369616651195
1997-12-04,4.1,4.31,4.1,4.26,490600.0,7303070.0,17472860.0,0.0280778304181456
1997-12-05,4.29,4.35,4.19,4.2,576600.0,8623427.0,17472860.0,0.0329997493255254
1997-12-08,4.23,4.33,4.23,4.3,293800.0,4415028.0,17472860.0,0.0168146485463742
1997-12-09,4.32,4.48,4.24,4.45,631800.0,9726527.0,17472860.0,0.0361589344846808
1997-12-10,4.49,4.5,4.41,4.46,387600.0,6023690.0,17472860.0,0.0221829740523303
1997-12-11,4.44,4.48,4.37,4.4,378400.0,5837897.0,17472860.0,0.021656443192471
1997-12-12,4.41,4.5,4.37,4.48,503300.0,7813369.0,17472860.0,0.0288046719312121
1997-12-15,4.5,4.7,4.5,4.7,678100.0,10972430.0,17472860.0,0.0388087582685376
1997-12-16,4.72,4.78,4.65,4.75,382700.0,6296112.0,17472860.0,0.02190253913784
1997-12-17,4.72,4.72,4.53,4.55,530200.0,8512010.0,17472860.0,0.0303442023801484
1997-12-18,4.52,4.62,4.47,4.54,366900.0,5837371.0,17472860.0,0.020998279617647
1997-12-19,4.54,4.63,4.49,4.63,322800.0,5130211.0,17472860.0,0.0184743653872348
1997-12-22,4.63,4.86,4.58,4.83,404300.0,6710930.0,17472860.0,0.0231387420262052
1997-12-23,4.86,4.86,4.72,4.83,225500.0,3763971.0,17472860.0,0.0129057292280714
1997-12-24,4.84,4.94,4.72,4.89,278100.0,4695732.0,17472860.0,0.0159161121877013
1997-12-25,4.89,5.05,4.86,5.03,387300.0,6776242.0,17472860.0,0.0221658045677696
1997-12-26,4.99,5.1,4.97,5.1,458100.0,8082599.0,17472860.0,0.0262178029240776
1997-12-29,5.1,5.3,5.03,5.1,914900.0,16702763.0,17472860.0,0.0523612047483926
1997-12-30,5.57,5.61,5.11,5.15,2549700.0,46312973.0,17472860.0,0.1459234492807702
1997-12-31,5.16,5.2,5.06,5.07,1118500.0,19980750.0,17472860.0,0.0640135616035382
1998-01-05,5.12,5.15,5.06,5.15,1768700.0,31569685.0,17472860.0,0.1012255578079375
1998-01-06,5.17,5.6,5.17,5.49,1394300.0,26560267.0,17472860.0,0.0797980410762748
1998-01-07,5.49,5.54,5.38,5.51,552900.0,10524161.0,17472860.0,0.0316433600452358
1998-01-08,5.49,5.51,5.37,5.38,614000.0,11659554.0,17472860.0,0.0351402117340836
1998-01-09,5.37,5.6,5.36,5.54,851400.0,16342247.0,17472860.0,0.0487269971830599
1998-01-12,5.6,5.69,5.48,5.49,498900.0,9727198.0,17472860.0,0.0285528528243229
1998-01-13,5.43,5.43,4.94,5.18,890500.0,16018479.0,17472860.0,0.0509647533374616
1998-01-14,5.21,5.4,5.2,5.26,595900.0,11037568.0,17472860.0,0.0341043194989257
1998-01-15,5.28,5.38,5.24,5.32,351800.0,6501353.0,17472860.0,0.0201340822280954
1998-01-16,5.38,5.43,5.29,5.36,323600.0,6092892.0,17472860.0,0.0185201506793965
1998-01-19,4.98,5.59,4.98,5.51,774200.0,14950424.0,17472860.0,0.0443087164894585
1998-01-20,5.49,5.59,5.38,5.41,317100.0,6060762.0,17472860.0,0.0181481451805829
1998-01-21,5.43,5.52,5.38,5.39,194400.0,3684694.0,17472860.0,0.0111258259952864
1998-01-22,5.39,5.42,5.29,5.4,215400.0,4055893.0,17472860.0,0.0123276899145303
1998-01-23,5.41,5.45,5.41,5.42,257000.0,4876785.0,17472860.0,0.0147085251069372
1998-02-09,5.51,5.66,5.3,5.35,282800.0,5378518.0,17472860.0,0.0161851007791512
1998-02-10,5.38,5.4,5.25,5.28,244900.0,4519070.0,17472860.0,0.0140160225629919
1998-02-11,5.31,5.37,5.0,5.3,257400.0,4734122.0,17472860.0,0.0147314177530181
1998-02-12,5.4,5.54,5.32,5.37,1297400.0,24516527.0,17472860.0,0.0742522975631923
1998-02-13,5.43,5.43,5.2,5.22,798300.0,14687500.0,17472860.0,0.0456879984158288
1998-02-16,5.15,5.15,4.9,4.94,1256100.0,21863000.0,17472860.0,0.0718886318553459
1998-02-17,5.04,5.1,4.74,4.84,291200.0,2728355.0,17472860.0,0.0166658463468487
1998-02-18,4.84,4.84,4.65,4.66,359200.0,3270734.0,17472860.0,0.0205575961805909
1998-02-19,4.63,4.81,4.53,4.68,392700.0,3557652.0,31451200.0,0.0124860100727476
1998-02-20,4.67,4.7,4.54,4.58,356900.0,3185471.0,31451200.0,0.0113477387190313
1998-02-23,4.52,4.52,4.35,4.38,468900.0,3993824.0,31451200.0,0.0149088111105458
1998-02-24,4.39,4.52,4.38,4.42,329500.0,2838549.0,31451200.0,0.0104765477946787
1998-02-25,4.43,4.43,4.28,4.29,265000.0,2237872.0,31451200.0,0.0084257516406369
1998-02-26,4.27,4.3,4.16,4.26,340500.0,2785713.0,31451200.0,0.0108262959759881
1998-02-27,4.29,4.38,4.18,4.19,290400.0,2377452.0,31451200.0,0.0092333519865696
1998-03-02,4.15,4.15,4.0,4.03,413300.0,3246501.0,31451200.0,0.0131409930304726
1998-03-03,4.04,4.04,3.91,3.99,472800.0,3640290.0,31451200.0,0.0150328127384646
1998-03-04,4.01,4.22,3.99,4.16,639600.0,5142395.0,31451200.0,0.0203362669786844
1998-03-05,4.2,4.27,4.12,4.16,528700.0,4313138.0,31451200.0,0.0168101694053009
1998-03-06,4.19,4.2,4.12,4.2,157800.0,1275785.0,31451200.0,0.0050172966373302
1998-03-09,4.2,4.22,4.09,4.11,128800.0,1036383.0,31451200.0,0.0040952332502416
1998-03-10,4.11,4.11,3.95,4.05,260600.0,2028346.0,31451200.0,0.0082858523681131
1998-03-11,4.09,4.16,3.91,4.02,208200.0,1648319.0,31451200.0,0.0066197792135117
1998-03-12,4.01,4.01,3.91,3.94,165400.0,1268643.0,31451200.0,0.0052589408353258
1998-03-13,3.94,4.04,3.93,3.95,180400.0,1387713.0,31451200.0,0.005735870173475
1998-03-16,4.22,4.22,3.94,4.09,144600.0,1143321.0,31451200.0,0.0045975988197588
1998-03-17,4.09,4.25,4.0,4.21,465200.0,3751656.0,31451200.0,0.014791168540469
1998-03-18,4.22,4.42,4.2,4.35,897100.0,7538047.0,31451200.0,0.0285235539502467
1998-03-19,4.36,4.39,4.28,4.34,464400.0,3908889.0,31451200.0,0.014765732309101
1998-03-20,4.35,4.37,4.29,4.34,326100.0,2737876.0,31451200.0,0.0103684438113649
1998-03-23,4.36,4.52,4.35,4.43,535700.0,4598769.0,31451200.0,0.0170327364297705
1998-03-24,4.38,4.47,4.25,4.38,253100.0,2131413.0,31451200.0,0.0080473876990385
1998-03-25,4.4,4.4,4.16,4.18,300600.0,2471312.0,31451200.0,0.0095576639365111
1998-03-26,4.18,4.18,4.01,4.1,346000.0,2731787.0,31451200.0,0.0110011700666429
1998-03-27,4.11,4.17,4.03,4.12,362500.0,2873514.0,31451200.0,0.0115257923386071
1998-03-30,4.36,4.53,4.36,4.53,3560600.0,31222823.0,31451200.0,0.1132103067609503
1998-03-31,4.78,4.98,4.74,4.78,5377400.0,50618454.0,31451200.0,0.1709759881975886
1998-04-01,4.84,4.86,4.5,4.77,2399000.0,21759136.0,31451200.0,0.0762768988146716
1998-04-02,4.79,4.84,4.67,4.74,1601800.0,14835414.0,31451200.0,0.0509296942564989
1998-04-03,4.72,4.74,4.63,4.73,1045900.0,9526092.0,31451200.0,0.0332546929846873
1998-04-06,4.74,4.89,4.65,4.8,1532200.0,14233881.0,31451200.0,0.0487167421274863
1998-04-07,4.83,4.84,4.74,4.79,809900.0,7531941.0,31451200.0,0.025751004731139
1998-04-08,4.76,4.78,4.68,4.76,1010400.0,9290950.0,31451200.0,0.0321259602177341
1998-04-09,4.76,5.04,4.76,4.84,1939900.0,18528456.0,31451200.0,0.0616796815383832
1998-04-10,4.88,5.33,4.88,5.23,3527900.0,35158487.0,31451200.0,0.1121706008037849
1998-04-13,5.3,5.56,5.3,5.37,5027100.0,53027487.0,31451200.0,0.1598380983873429
1998-04-14,5.38,5.4,5.15,5.28,1527400.0,15615065.0,31451200.0,0.0485641247392786
1998-04-15,5.28,5.61,5.28,5.6,2781600.0,29713346.0,31451200.0,0.0884417764663987
1998-04-16,5.6,6.0,5.58,5.78,3285800.0,37251729.0,31451200.0,0.1044729612860558
1998-04-17,5.77,5.77,5.46,5.5,1746900.0,18854255.0,31451200.0,0.0555431907208628
1998-04-20,5.45,5.45,5.24,5.29,1179900.0,12247047.0,31451200.0,0.0375152617388207
1998-04-21,5.3,5.51,5.3,5.41,732200.0,7649547.0,31451200.0,0.0232805107595258
1998-04-22,5.4,5.64,5.4,5.64,1008700.0,10946226.0,31451200.0,0.0320719082260772
1998-04-23,5.73,5.81,5.51,5.53,1000400.0,10850235.0,31451200.0,0.0318080073256346
1998-04-24,5.48,5.58,5.34,5.37,1063300.0,11227392.0,31451200.0,0.0338079310169405
1998-04-27,5.33,5.47,5.22,5.38,999200.0,10410792.0,31451200.0,0.0317698529785826
1998-04-28,5.4,5.58,5.4,5.46,1125900.0,11972951.0,31451200.0,0.0357983161214834
1998-04-29,5.46,5.56,5.35,5.4,965200.0,10194524.0,31451200.0,0.0306888131454443
1998-04-30,5.41,5.51,5.38,5.5,1233800.0,13040231.0,31451200.0,0.0392290278272371
1998-05-04,5.77,5.82,5.53,5.71,1393300.0,15457241.0,31451200.0,0.0443003764562242
1998-05-05,5.71,5.77,5.61,5.66,1055100.0,11589716.0,31451200.0,0.0335472096454189
1998-05-06,5.66,5.66,5.51,5.53,918100.0,9925841.0,31451200.0,0.0291912550236556
1998-05-07,5.48,5.57,5.4,5.41,989000.0,10493110.0,31451200.0,0.0314455410286411
1998-05-08,5.4,5.53,5.33,5.53,915300.0,9618421.0,31451200.0,0.0291022282138678
1998-05-11,5.56,5.6,5.38,5.39,1077600.0,11392996.0,31451200.0,0.0342626036526428
1998-05-12,5.4,5.5,5.34,5.36,697100.0,7274658.0,31451200.0,0.0221644961082566
1998-05-13,5.35,5.64,5.3,5.56,1080600.0,11446180.0,31451200.0,0.0343579895202726
1998-05-14,5.54,5.89,5.51,5.77,3830200.0,42799952.0,31451200.0,0.121782316731953
1998-05-15,5.82,6.01,5.69,5.7,2975800.0,34001205.0,31451200.0,0.0946164216309711
1998-05-18,5.77,5.82,5.56,5.6,863100.0,9440140.0,31451200.0,0.0274425141171084
1998-05-19,5.6,5.69,5.5,5.61,529800.0,5730249.0,31451200.0,0.0168451442234318
1998-05-20,5.56,5.87,5.56,5.76,1204600.0,13476518.0,31451200.0,0.0383006053823065
1998-05-21,5.79,5.84,5.66,5.75,695500.0,7738793.0,31451200.0,0.0221136236455206
1998-05-22,5.86,6.02,5.74,5.87,3009500.0,34593308.0,31451200.0,0.0956879228773465
1998-05-25,5.97,6.46,5.97,6.46,4396400.0,54129847.0,31451200.0,0.139784809482627
1998-05-26,6.46,6.69,6.41,6.48,3384100.0,42911042.0,31451200.0,0.107598438215394
1998-05-27,6.5,6.93,6.5,6.89,2997500.0,39206048.0,31451200.0,0.095306379406827
1998-05-28,6.89,7.15,6.89,6.9,3088200.0,42105068.0,31451200.0,0.0981902121381696
1998-05-29,6.95,7.0,6.71,6.78,2183700.0,28839393.0,31451200.0,0.0694313730477692
1998-06-01,6.78,6.78,6.41,6.65,2003500.0,25656263.0,31451200.0,0.0637018619321361
1998-06-02,6.64,6.95,6.58,6.9,1374600.0,18128342.0,31451200.0,0.0437058045479981
1998-06-03,6.95,7.1,6.78,6.8,1280000.0,17212873.0,31451200.0,0.0406979701887368
1998-06-04,6.79,6.9,6.64,6.69,1208400.0,15798790.0,31451200.0,0.0384214274813043
1998-06-05,6.69,6.84,6.46,6.59,1111700.0,14233497.0,31451200.0,0.0353468230147021
1998-06-08,6.59,6.64,6.38,6.5,1048800.0,13219192.0,31451200.0,0.0333468993233962
1998-06-09,6.5,6.53,6.23,6.24,1005800.0,12383146.0,31451200.0,0.0319797018873683
1998-06-10,6.18,6.39,6.15,6.33,662600.0,8080230.0,31451200.0,0.0210675586305133
1998-06-11,6.33,6.33,6.1,6.11,735300.0,8831877.0,31451200.0,0.0233790761560767
1998-06-12,6.18,6.41,6.18,6.37,1055100.0,12894844.0,31451200.0,0.0335472096454189
1998-06-15,6.38,6.62,6.34,6.6,1132000.0,14339981.0,31451200.0,0.0359922673856641
1998-06-16,6.63,6.64,6.28,6.62,863200.0,10878345.0,31451200.0,0.0274456936460294
1998-06-17,6.62,6.79,6.49,6.6,693700.0,8952464.0,31451200.0,0.0220563921249427
1998-06-18,6.61,6.79,6.56,6.61,576300.0,7505490.0,31451200.0,0.0183236251716945
1998-06-19,6.64,6.72,6.54,6.66,561900.0,7199210.0,31451200.0,0.0178657730070712
1998-06-22,6.7,6.92,6.68,6.91,1343400.0,17879299.0,31451200.0,0.0427137915246477
1998-06-23,6.95,6.96,6.75,6.8,800700.0,10638225.0,31451200.0,0.0254584880704074
1998-06-24,6.8,6.9,6.7,6.76,564500.0,7443710.0,31451200.0,0.0179484407590171
1998-06-25,6.75,6.79,6.55,6.59,714400.0,9189957.0,31451200.0,0.0227145546115887
1998-06-26,6.59,6.61,6.44,6.53,580900.0,7351655.0,31451200.0,0.0184698835020603
1998-06-29,6.49,6.58,6.18,6.23,744600.0,9115507.0,31451200.0,0.0236747723457292
1998-06-30,6.2,6.27,6.13,6.15,501400.0,6020370.0,31451200.0,0.0159421580098692
1998-07-01,6.34,6.37,6.06,6.08,505100.0,6041410.0,31451200.0,0.016059800579946
1998-07-02,5.98,6.13,5.84,6.07,481600.0,5567334.0,31451200.0,0.0153126112835122
1998-07-03,6.07,6.17,6.07,6.12,312600.0,3711416.0,31451200.0,0.0099392074070305
1998-07-06,6.13,6.13,5.77,5.79,558900.0,6369339.0,31451200.0,0.0177703871394414
1998-07-07,5.75,5.77,5.45,5.64,658200.0,7174848.0,31451200.0,0.0209276593579895
1998-07-08,5.64,5.75,5.63,5.71,201500.0,2237726.0,31451200.0,0.006406750775805
1998-07-09,5.92,5.92,5.66,5.81,283100.0,3179974.0,31451200.0,0.009001246375337
1998-07-10,5.85,5.95,5.81,5.93,262800.0,3010815.0,31451200.0,0.008355802004375
1998-07-13,5.96,5.97,5.77,5.79,295400.0,3335509.0,31451200.0,0.0093923284326194
1998-07-14,5.77,5.79,5.64,5.65,442900.0,4889424.0,31451200.0,0.0140821335910871
1998-07-15,5.58,5.71,5.53,5.67,383000.0,4168830.0,31451200.0,0.0121775957674111
1998-07-16,5.66,5.66,5.56,5.58,285200.0,3105019.0,31451200.0,0.0090680164826779
1998-07-17,5.56,5.61,5.46,5.47,409000.0,4367382.0,31451200.0,0.0130042732868698
1998-07-20,5.4,5.4,5.19,5.21,395700.0,4041020.0,31451200.0,0.0125813959403774
1998-07-21,5.25,5.4,5.21,5.35,323000.0,3297823.0,31451200.0,0.010269878414814
1998-07-22,5.35,5.35,5.2,5.22,217700.0,2222989.0,31451200.0,0.0069218344610062
1998-07-23,5.28,5.35,5.26,5.33,159600.0,1646597.0,31451200.0,0.0050745281579081
1998-07-24,5.35,5.56,5.35,5.54,365500.0,3926031.0,31451200.0,0.0116211782062369
1998-07-27,5.56,5.58,5.4,5.47,230400.0,2448219.0,31451200.0,0.0073256346339726
1998-07-28,5.53,5.53,5.39,5.43,167400.0,1761214.0,31451200.0,0.0053225314137457
1998-07-29,5.43,5.48,5.3,5.34,134700.0,1407506.0,31451200.0,0.0042828254565803
1998-07-30,5.34,5.34,5.29,5.3,188200.0,1938199.0,31451200.0,0.0059838734293127
1998-07-31,5.35,5.35,5.3,5.33,133100.0,1376095.0,31451200.0,0.0042319529938444
1998-08-03,5.29,5.33,5.22,5.27,164200.0,1684028.0,31451200.0,0.0052207864882738
1998-08-04,5.25,5.25,5.15,5.19,195900.0,1973887.0,31451200.0,0.0062286971562293
1998-08-05,5.2,5.29,5.15,5.29,150700.0,1522575.0,31451200.0,0.0047915500839395
1998-08-06,5.29,5.38,5.21,5.22,88700.0,913765.0,31451200.0,0.0028202421529226
1998-08-07,5.25,5.25,5.12,5.15,185800.0,1864512.0,31451200.0,0.0059075647352088
1998-08-10,5.13,5.13,4.78,4.86,184100.0,1760906.0,31451200.0,0.0058535127435519
1998-08-11,4.84,4.9,4.79,4.82,95000.0,893464.0,31451200.0,0.0030205524749453
1998-08-12,4.8,4.8,4.43,4.58,241500.0,2134800.0,31451200.0,0.007678562344203
1998-08-13,4.63,4.65,4.47,4.63,250400.0,2213132.0,31451200.0,0.0079615404181716
1998-08-14,4.61,4.61,4.43,4.44,141800.0,1238488.0,31451200.0,0.004508572009971
1998-08-17,4.0,4.01,4.0,4.0,261400.0,2033774.0,31451200.0,0.0083112885994811
1998-08-18,3.6,3.96,3.6,3.68,1186500.0,8595130.0,31451200.0,0.0377251106476064
1998-08-19,3.68,3.91,3.6,3.88,815800.0,5932431.0,31451200.0,0.0259385969374777
1998-08-20,3.89,4.07,3.76,4.07,850700.0,6512122.0,31451200.0,0.027048252530905
1998-08-21,4.09,4.32,4.01,4.22,1027000.0,8399707.0,31451200.0,0.0326537620186193
1998-08-24,4.21,4.3,4.01,4.16,612000.0,4959399.0,31451200.0,0.0194587169964898
1998-08-25,4.12,4.17,4.05,4.13,397400.0,3162711.0,31451200.0,0.0126354479320343
1998-08-26,4.12,4.27,4.11,4.15,306100.0,2484944.0,31451200.0,0.0097325380271658
1998-08-27,4.14,4.14,4.0,4.01,270900.0,2128643.0,31451200.0,0.0086133438469756
1998-08-28,3.92,3.98,3.86,3.9,209000.0,1590096.0,31451200.0,0.0066452154448796
1998-08-31,3.74,4.11,3.55,4.1,330200.0,2393621.0,31451200.0,0.0104988044971257
1998-09-01,4.01,4.1,3.86,3.94,317600.0,2464753.0,31451200.0,0.0100981838530803
1998-09-02,3.88,4.04,3.86,3.93,200300.0,1544751.0,31451200.0,0.0063685964287531
1998-09-03,3.94,4.01,3.94,4.01,184500.0,1428157.0,31451200.0,0.0058662308592358
1998-09-04,4.07,4.26,3.99,4.23,701400.0,5694407.0,31451200.0,0.0223012158518593
1998-09-07,4.26,4.39,4.22,4.38,868900.0,7319799.0,31451200.0,0.0276269267945261
1998-09-08,4.46,4.47,4.23,4.25,713400.0,5980248.0,31451200.0,0.0226827593223787
1998-09-09,4.2,4.38,4.2,4.35,462300.0,3873235.0,31451200.0,0.0146989622017601
1998-09-10,4.36,4.49,4.32,4.46,794200.0,6853909.0,31451200.0,0.0252518186905428
1998-09-11,4.47,4.74,4.47,4.65,950700.0,8554945.0,31451200.0,0.0302277814519
1998-09-14,4.67,4.78,4.66,4.78,623500.0,5732500.0,31451200.0,0.0198243628224042
1998-09-15,4.78,4.8,4.63,4.63,572800.0,5221512.0,31451200.0,0.0182123416594597
1998-09-16,4.62,4.78,4.53,4.66,543000.0,4866126.0,31451200.0,0.0172648420410032
1998-09-17,4.66,4.74,4.48,4.5,557200.0,4970734.0,31451200.0,0.0177163351477845
1998-09-18,4.43,4.46,4.31,4.32,451800.0,3855282.0,31451200.0,0.0143651116650557
1998-09-21,4.23,4.52,4.18,4.47,367700.0,3097461.0,31451200.0,0.0116911278424988
1998-09-22,4.53,4.53,4.42,4.44,306400.0,2663891.0,31451200.0,0.0097420766139288
1998-09-23,4.44,4.74,4.42,4.71,893300.0,8044979.0,31451200.0,0.0284027318512489
1998-09-24,4.8,4.99,4.79,4.8,2440200.0,23109721.0,31451200.0,0.0775868647301215
1998-09-25,4.69,4.86,4.64,4.86,819400.0,7572239.0,31451200.0,0.0260530599786335
1998-09-28,4.86,4.94,4.76,4.84,560600.0,5301576.0,31451200.0,0.0178244391310983
1998-09-29,4.8,4.93,4.69,4.7,419000.0,3882341.0,31451200.0,0.0133222261789693
1998-09-30,4.71,4.76,4.68,4.74,341700.0,3133543.0,31451200.0,0.0108644503230401
1998-10-05,4.84,4.84,4.74,4.78,207700.0,1923645.0,31451200.0,0.0066038815689067
1998-10-06,4.76,4.79,4.62,4.63,286100.0,2602484.0,31451200.0,0.0090966322429668
1998-10-07,4.63,4.63,4.48,4.54,292100.0,2581751.0,31451200.0,0.0092874039782265
1998-10-08,4.54,4.68,4.54,4.67,157300.0,1407263.0,31451200.0,0.0050013989927252
1998-10-09,4.66,4.71,4.64,4.67,201800.0,1834167.0,31451200.0,0.006416289362568
1998-10-12,4.67,4.86,4.53,4.8,492700.0,4559806.0,31451200.0,0.0156655389937426
1998-10-13,4.84,4.89,4.74,4.89,696700.0,6543847.0,31451200.0,0.0221517779925726
1998-10-14,5.05,5.1,4.95,5.0,1754800.0,17080612.0,31451200.0,0.0557943735056214
1998-10-15,5.0,5.09,4.97,5.07,1010500.0,9868385.0,31451200.0,0.0321291397466551
1998-10-16,5.09,5.13,4.99,4.99,633300.0,6237926.0,31451200.0,0.0201359566566617
1998-10-19,4.99,5.05,4.96,4.98,482600.0,4675277.0,31451200.0,0.0153444065727221
1998-10-20,4.97,5.07,4.95,5.01,460700.0,4501604.0,31451200.0,0.0146480897390242
1998-10-21,4.99,4.99,4.73,4.73,496200.0,4657313.0,31451200.0,0.0157768225059775
1998-10-22,4.64,4.78,4.54,4.77,586500.0,5319931.0,31451200.0,0.018647937121636
1998-10-23,4.75,4.81,4.68,4.71,286800.0,2641367.0,31451200.0,0.0091188889454138
1998-10-26,4.66,4.7,4.53,4.64,396500.0,3543694.0,31451200.0,0.0126068321717454
1998-10-27,4.64,4.79,4.56,4.79,283700.0,2582771.0,31451200.0,0.009020323548863
1998-10-28,4.81,4.93,4.81,4.92,411100.0,3899238.0,31451200.0,0.0130710433942107
1998-10-29,4.79,4.97,4.79,4.91,394600.0,3761714.0,31451200.0,0.0125464211222465
1998-10-30,4.9,5.03,4.84,4.99,663300.0,6404134.0,31451200.0,0.0210898153329602
1998-11-02,5.02,5.26,5.01,5.26,1549500.0,15427799.0,31451200.0,0.0492668006308185
1998-11-03,5.25,5.29,5.1,5.1,885800.0,8853578.0,31451200.0,0.0281642671821742
1998-11-04,5.14,5.2,4.99,5.02,571800.0,5656694.0,31451200.0,0.0181805463702497
1998-11-05,5.02,5.09,5.0,5.07,427500.0,4193626.0,31451200.0,0.0135924861372539
1998-11-06,5.05,5.14,4.92,4.98,559700.0,5423113.0,31451200.0,0.0177958233708093
1998-11-09,4.98,5.09,4.96,5.06,405900.0,3964887.0,31451200.0,0.0129057078903189
1998-11-10,5.11,5.14,5.01,5.03,303800.0,2973528.0,31451200.0,0.009659408861983
1998-11-11,5.03,5.14,4.97,5.11,398500.0,3927802.0,31451200.0,0.0126704227501653
1998-11-12,5.13,5.14,4.97,5.01,388700.0,3803887.0,31451200.0,0.0123588289159078
1998-11-13,5.04,5.24,5.04,5.23,1103700.0,11107550.0,31451200.0,0.0350924607010225
1998-11-16,5.3,5.39,5.25,5.29,1038500.0,10698885.0,31451200.0,0.0330194078445337
1998-11-17,5.56,5.66,5.27,5.3,955200.0,9974732.0,31451200.0,0.0303708602533448
1998-11-18,5.28,5.28,5.15,5.18,502900.0,5069853.0,31451200.0,0.0159898509436841
1998-11-19,5.12,5.22,5.1,5.15,291000.0,2900938.0,31451200.0,0.0092524291600956
1998-11-20,5.15,5.22,5.12,5.18,251400.0,2531032.0,31451200.0,0.0079933357073815
1998-11-23,5.2,5.27,5.15,5.17,279800.0,2824617.0,31451200.0,0.0088963219209441
1998-11-24,5.17,5.18,5.08,5.1,259100.0,2580220.0,31451200.0,0.0082381594342982
1998-11-25,5.09,5.18,4.99,5.02,293500.0,2885646.0,31451200.0,0.0093319173831205
1998-11-26,4.99,4.99,4.83,4.86,311600.0,2986317.0,31451200.0,0.0099074121178206
1998-11-27,4.84,4.94,4.71,4.74,268900.0,2520314.0,31451200.0,0.0085497532685557
1998-11-30,4.74,4.75,4.65,4.75,284200.0,2584444.0,31451200.0,0.0090362211934679
1998-12-01,4.71,4.84,4.67,4.67,124300.0,1144225.0,31451200.0,0.0039521544487968
1998-12-02,4.67,4.74,4.62,4.74,151100.0,1369644.0,31451200.0,0.0048042681996235
1998-12-03,4.79,4.79,4.68,4.73,66900.0,615219.0,31451200.0,0.0021271048481456
1998-12-04,4.71,4.74,4.64,4.65,119400.0,1085872.0,31451200.0,0.0037963575316681
1998-12-07,4.71,4.71,4.48,4.5,189300.0,1685719.0,31451200.0,0.0060188482474436
1998-12-08,4.46,4.53,4.46,4.53,115800.0,1015518.0,31451200.0,0.0036818944905122
1998-12-09,4.53,4.6,4.53,4.59,71900.0,636958.0,31451200.0,0.0022860812941954
1998-12-10,4.58,4.58,4.48,4.53,80900.0,711726.0,31451200.0,0.002572238897085
1998-12-11,4.48,4.56,4.44,4.56,92300.0,804816.0,31451200.0,0.0029347051940784
1998-12-14,4.54,4.54,4.45,4.45,53200.0,465393.0,31451200.0,0.0016915093859693
1998-12-15,4.42,4.43,4.24,4.39,107000.0,901486.0,31451200.0,0.0034020959454647
1998-12-16,4.4,4.42,4.32,4.33,73500.0,625793.0,31451200.0,0.0023369537569313
1998-12-17,4.31,4.31,4.18,4.2,114100.0,943049.0,31451200.0,0.0036278424988553
1998-12-18,4.12,4.23,4.09,4.12,165200.0,1331357.0,31451200.0,0.0052525817774838
1998-12-21,4.11,4.17,4.05,4.12,91300.0,732249.0,31451200.0,0.0029029099048684
1998-12-22,4.12,4.35,4.12,4.35,128600.0,1072638.0,31451200.0,0.0040888741923996
1998-12-23,4.32,4.47,4.27,4.32,194500.0,1646271.0,31451200.0,0.0061841837513354
1998-12-24,4.3,4.35,4.25,4.29,44300.0,368478.0,31451200.0,0.0014085313120008
1998-12-25,4.37,4.37,4.31,4.32,45600.0,385508.0,31451200.0,0.0014498651879737
1998-12-28,4.35,4.39,4.28,4.29,59900.0,504819.0,31451200.0,0.001904537823676
1998-12-29,4.29,4.29,4.17,4.17,85400.0,699284.0,31451200.0,0.0027153176985297
1998-12-30,4.17,4.27,4.14,4.25,79100.0,644121.0,31451200.0,0.002515007376507
1998-12-31,4.26,4.27,4.2,4.22,50200.0,411697.0,31451200.0,0.0015961235183395
1999-01-04,4.27,4.27,4.06,4.13,48200.0,388359.0,31451200.0,0.0015325329399196
1999-01-05,4.14,4.22,4.11,4.22,89000.0,717299.0,31451200.0,0.0028297807396856
1999-01-06,4.22,4.29,4.17,4.24,57800.0,476474.0,31451200.0,0.0018377677163351
1999-01-07,4.12,4.22,4.12,4.19,49700.0,404079.0,31451200.0,0.0015802258737345
1999-01-08,4.2,4.38,4.2,4.38,154700.0,1301463.0,31451200.0,0.0049187312407793
1999-01-11,4.39,4.4,4.28,4.4,115900.0,977991.0,31451200.0,0.0036850740194332
1999-01-12,4.38,4.38,4.29,4.29,106300.0,892011.0,31451200.0,0.0033798392430177
1999-01-13,4.2,4.27,4.17,4.19,78600.0,641462.0,31451200.0,0.0024991097319021
1999-01-14,4.14,4.2,4.13,4.16,105000.0,848833.0,31451200.0,0.0033385053670448
1999-01-15,4.16,4.16,4.07,4.07,172300.0,1378118.0,31451200.0,0.0054783283308744
1999-01-18,4.04,4.04,3.72,3.94,283200.0,2157102.0,31451200.0,0.009004425904258
1999-01-19,3.95,4.06,3.89,4.03,149000.0,1148622.0,31451200.0,0.0047374980922826
1999-01-20,3.97,4.09,3.95,4.02,104300.0,810643.0,31451200.0,0.0033162486645978
1999-01-21,4.02,4.05,3.95,4.04,97100.0,754346.0,31451200.0,0.0030873225822862
1999-01-22,4.04,4.11,4.04,4.07,97800.0,773795.0,31451200.0,0.0031095792847331
1999-01-25,4.05,4.05,3.91,3.98,102700.0,796040.0,31451200.0,0.0032653762018619
1999-01-26,3.96,3.96,3.86,3.9,105700.0,804015.0,31451200.0,0.0033607620694917
1999-01-27,3.9,3.96,3.89,3.96,112000.0,855600.0,31451200.0,0.0035610723915144
1999-01-28,3.95,4.04,3.92,3.92,80100.0,617085.0,31451200.0,0.002546802665717
1999-01-29,3.9,3.99,3.85,3.97,111900.0,844664.0,31451200.0,0.0035578928625934
1999-02-01,3.96,3.96,3.83,3.89,95900.0,724009.0,31451200.0,0.0030491682352342
1999-02-02,3.87,3.95,3.87,3.89,74900.0,568258.0,31451200.0,0.0023814671618253
1999-02-03,3.89,3.93,3.87,3.89,80700.0,611101.0,31451200.0,0.002565879839243
1999-02-04,3.89,3.94,3.83,3.94,100100.0,758196.0,31451200.0,0.003182708449916
1999-02-05,3.94,3.96,3.76,3.81,97300.0,732269.0,31451200.0,0.0030936816401281
1999-02-08,3.81,3.81,3.69,3.7,101500.0,733451.0,31451200.0,0.0032272218548099
1999-02-09,3.72,3.78,3.71,3.76,86300.0,626143.0,31451200.0,0.0027439334588187
1999-03-01,3.77,3.81,3.71,3.79,66900.0,492496.0,31451200.0,0.0021271048481456
1999-03-02,4.0,4.17,3.95,4.17,243800.0,1937327.0,31451200.0,0.0077516915093859
1999-03-03,4.22,4.36,4.12,4.19,577000.0,4757703.0,31451200.0,0.0183458818741415
1999-03-04,4.22,4.23,4.12,4.15,238900.0,1925924.0,31451200.0,0.0075958945922572
1999-03-05,4.17,4.22,4.14,4.17,187200.0,1517765.0,31451200.0,0.0059520781401027
1999-03-08,4.17,4.32,4.16,4.32,320800.0,2651377.0,31451200.0,0.0101999287785521
1999-03-09,4.32,4.33,4.2,4.23,286500.0,2360046.0,31451200.0,0.0091093503586508
1999-03-10,4.22,4.25,4.18,4.23,126300.0,1033938.0,31451200.0,0.0040157450272167
1999-03-11,4.17,4.32,4.17,4.32,308600.0,2577593.0,31451200.0,0.0098120262501907
1999-03-12,4.3,4.41,4.3,4.38,329900.0,2796077.0,31451200.0,0.0104892659103627
1999-03-15,4.39,4.52,4.39,4.46,535700.0,4646764.0,31451200.0,0.0170327364297705
1999-03-16,4.45,4.47,4.35,4.4,227100.0,1934143.0,31451200.0,0.0072207101795797
1999-03-17,4.4,4.42,4.3,4.3,236100.0,1998620.0,31451200.0,0.0075068677824693
1999-03-18,4.25,4.28,4.22,4.23,155100.0,1279798.0,31451200.0,0.0049314493564633
1999-03-19,4.23,4.3,4.21,4.3,209000.0,1729571.0,31451200.0,0.0066452154448796
1999-03-22,4.3,4.39,4.27,4.32,271300.0,2276434.0,31451200.0,0.0086260619626596
1999-03-23,4.3,4.32,4.23,4.28,163200.0,1354055.0,31451200.0,0.0051889911990639
1999-03-24,4.29,4.35,4.27,4.34,221300.0,1849919.0,31451200.0,0.007036297502162
1999-03-25,4.32,4.38,4.25,4.31,139000.0,1163052.0,31451200.0,0.0044195452001831
1999-03-26,4.31,4.45,4.3,4.43,397400.0,3392343.0,31451200.0,0.0126354479320343
1999-03-29,4.43,4.58,4.43,4.58,795300.0,6999988.0,31451200.0,0.0252867935086737
1999-03-30,4.51,4.61,4.45,4.46,403300.0,3546753.0,31451200.0,0.012823040138373
1999-03-31,4.42,4.5,4.4,4.48,173000.0,1494462.0,31451200.0,0.0055005850333214
1999-04-01,4.48,4.62,4.48,4.52,336600.0,2979356.0,31451200.0,0.0107022943480693
1999-04-05,4.61,4.62,4.53,4.58,424600.0,3773267.0,31451200.0,0.013500279798545
1999-04-06,5.04,5.04,4.38,4.59,711400.0,6498129.0,31451200.0,0.0226191687439588
1999-04-07,4.57,4.57,4.44,4.5,407000.0,3548745.0,31451200.0,0.0129406827084499
1999-04-08,4.49,4.53,4.44,4.51,263100.0,2292969.0,31451200.0,0.008365340591138
1999-04-09,4.48,4.48,4.39,4.41,336500.0,2893261.0,31451200.0,0.0106991148191483
1999-04-12,4.38,4.4,4.26,4.27,331200.0,2777784.0,31451200.0,0.0105305997863356
1999-04-13,4.26,4.38,4.22,4.32,253600.0,2108282.0,31451200.0,0.0080632853436434
1999-04-14,4.32,4.32,4.28,4.31,92400.0,772473.0,31451200.0,0.0029378847229994
1999-04-15,4.3,4.3,4.21,4.22,214500.0,1764485.0,31451200.0,0.0068200895355344
1999-04-16,4.22,4.27,4.15,4.17,204300.0,1664799.0,31451200.0,0.0064957775855929
1999-04-19,4.16,4.21,4.09,4.17,173500.0,1392502.0,31451200.0,0.0055164826779264
1999-04-20,4.12,4.27,4.12,4.23,97100.0,795134.0,31451200.0,0.0030873225822862
1999-04-21,4.17,4.25,4.12,4.12,131300.0,1067641.0,31451200.0,0.0041747214732665
1999-04-22,4.12,4.12,3.99,4.09,179400.0,1413359.0,31451200.0,0.0057040748842651
1999-04-23,4.08,4.21,4.08,4.16,137900.0,1111893.0,31451200.0,0.0043845703820521
1999-04-26,4.17,4.17,3.96,4.01,154600.0,1218798.0,31451200.0,0.0049155517118583
1999-04-27,3.96,3.98,3.9,3.92,173400.0,1324800.0,31451200.0,0.0055133031490054
1999-04-28,3.96,4.11,3.92,3.97,112800.0,869954.0,31451200.0,0.0035865086228824
1999-04-29,3.95,4.04,3.9,4.03,117400.0,911031.0,31451200.0,0.0037327669532482
1999-04-30,4.05,4.38,4.01,4.17,180200.0,1460425.0,31451200.0,0.0057295111156331
1999-05-04,4.17,4.17,4.11,4.11,63200.0,506632.0,31451200.0,0.0020094622780688
1999-05-05,4.1,4.22,4.1,4.16,93700.0,758777.0,31451200.0,0.0029792185989723
1999-05-06,4.13,4.22,4.12,4.21,107500.0,875386.0,31451200.0,0.0034179935900696
1999-05-07,4.26,4.26,4.12,4.13,84300.0,678905.0,31451200.0,0.0026803428803988
1999-05-10,4.12,4.12,3.91,3.91,142600.0,1097557.0,31451200.0,0.0045340082413389
1999-05-11,3.91,4.09,3.91,4.04,165300.0,1291764.0,31451200.0,0.0052557613064048
1999-05-12,4.09,4.09,3.99,4.01,57500.0,450449.0,31451200.0,0.0018282291295721
1999-05-13,3.99,4.38,3.92,4.13,240600.0,1935093.0,31451200.0,0.0076499465839141
1999-05-14,4.14,4.14,3.97,3.97,84000.0,657574.0,31451200.0,0.0026708042936358
1999-05-17,3.96,4.01,3.86,3.93,65300.0,498380.0,31451200.0,0.0020762323854097
1999-05-18,3.93,4.01,3.91,3.93,45900.0,351619.0,31451200.0,0.0014594037747367
1999-05-19,3.93,4.09,3.92,4.07,110300.0,864654.0,31451200.0,0.0035070203998575
1999-05-20,4.11,4.22,4.08,4.22,273800.0,2218503.0,31451200.0,0.0087055501856844
1999-05-21,4.22,4.31,4.16,4.31,420400.0,3468326.0,31451200.0,0.0133667395838632
1999-05-24,4.32,4.53,4.25,4.51,1153900.0,9959071.0,31451200.0,0.036688584219362
1999-05-25,4.53,4.57,4.27,4.32,610200.0,5264865.0,31451200.0,0.0194014854759118
1999-05-26,4.27,4.38,4.25,4.34,438700.0,3691103.0,31451200.0,0.0139485933764053
1999-05-27,4.37,4.48,4.34,4.48,571400.0,4896113.0,31451200.0,0.0181678282545658
1999-05-28,4.49,4.49,4.3,4.35,229600.0,1944771.0,31451200.0,0.0073001984026046
1999-05-31,4.34,4.35,4.16,4.24,532000.0,4427431.0,31451200.0,0.0169150938596937
1999-06-01,4.22,4.34,4.17,4.32,400800.0,3320996.0,31451200.0,0.0127435519153482
1999-06-02,4.32,4.63,4.32,4.44,1383300.0,12069751.0,31451200.0,0.0439824235641247
1999-06-03,4.45,4.78,4.43,4.61,2253900.0,20305014.0,31451200.0,0.0716634023503077
1999-06-04,4.63,4.63,4.44,4.58,724000.0,6409085.0,31451200.0,0.0230197893880042
1999-06-07,4.63,4.78,4.58,4.68,925500.0,8424620.0,31451200.0,0.0294265401638093
1999-06-08,4.75,4.76,4.53,4.64,654600.0,5862836.0,31451200.0,0.0208131963168336
1999-06-09,4.66,4.74,4.53,4.63,565500.0,5042125.0,31451200.0,0.017980236048227
1999-06-10,4.68,4.74,4.53,4.61,1044900.0,9449947.0,31451200.0,0.0332228976954774
1999-06-11,4.62,5.04,4.61,4.95,1801500.0,16871179.0,31451200.0,0.0572792135117261
1999-06-14,5.04,5.28,4.92,5.18,2027400.0,20043461.0,31451200.0,0.0644617693442539
1999-06-15,5.2,5.27,4.66,4.74,1855200.0,18189670.0,31451200.0,0.0589866205423004
1999-06-16,4.74,5.03,4.67,5.02,925100.0,8665360.0,31451200.0,0.0294138220481253
1999-06-17,5.07,5.15,4.8,5.02,1145700.0,11071415.0,31451200.0,0.0364278628478404
1999-06-18,5.04,5.23,4.88,5.15,1693900.0,16756501.0,31451200.0,0.0538580403927354
1999-06-21,5.25,5.38,5.18,5.35,1442000.0,14848651.0,31451200.0,0.0458488070407488
1999-06-22,5.38,5.4,5.12,5.33,1241200.0,12732895.0,31451200.0,0.0394643129673907
1999-06-23,5.35,5.86,5.33,5.86,2437800.0,26412089.0,31451200.0,0.0775105560360177
1999-06-24,5.95,6.0,5.66,5.87,1971100.0,22314003.0,31451200.0,0.0626716945617337
1999-06-25,5.91,5.92,5.29,5.34,1891100.0,20924582.0,31451200.0,0.0601280714249376
1999-06-28,5.34,5.66,5.33,5.66,1378900.0,14723192.0,31451200.0,0.0438425242916009
1999-06-29,5.71,6.23,5.66,6.23,3874700.0,45632130.0,31451200.0,0.1231972071017958
1999-06-30,6.59,6.64,5.97,6.16,5157400.0,64218380.0,31451200.0,0.1639810245713995
1999-07-01,6.07,6.07,5.54,5.54,1069800.0,11809950.0,31451200.0,0.0340146003968052
1999-07-02,5.4,5.71,5.25,5.67,1176500.0,12673302.0,31451200.0,0.0374071577555069
1999-07-05,5.66,5.71,5.38,5.4,630400.0,6748307.0,31451200.0,0.0200437503179528
1999-07-06,5.35,5.38,5.04,5.07,552700.0,5553534.0,31451200.0,0.0175732563463397
1999-07-07,5.04,5.25,5.03,5.21,641300.0,6407412.0,31451200.0,0.0203903189703413
1999-07-08,5.25,5.47,5.15,5.44,650600.0,6708754.0,31451200.0,0.0206860151599938
1999-07-09,5.3,5.71,5.29,5.69,1842700.0,19932540.0,31451200.0,0.058589179427176
1999-07-12,5.71,5.88,5.42,5.68,1336900.0,14844623.0,31451200.0,0.042507122144783
1999-07-13,5.61,5.64,5.4,5.61,604500.0,6499069.0,31451200.0,0.0192202523274151
1999-07-14,5.56,5.96,5.56,5.75,1996300.0,22418086.0,31451200.0,0.0634729358498245
1999-07-15,5.75,5.87,5.51,5.68,680000.0,7521149.0,31451200.0,0.0216207966627664
1999-07-16,5.61,5.66,5.35,5.55,577000.0,6147192.0,31451200.0,0.0183458818741415
1999-07-19,5.42,5.42,5.05,5.1,412024.0,4156292.0,31451200.0,0.0131004222414407
1999-07-20,5.04,5.36,4.89,5.36,583200.0,5822260.0,31451200.0,0.0185430126672432
1999-07-21,5.36,5.45,5.15,5.3,810700.0,8330765.0,31451200.0,0.0257764409625069
1999-07-22,5.35,5.35,5.07,5.08,443100.0,4458668.0,31451200.0,0.0140884926489291
1999-07-23,5.1,5.28,5.1,5.14,266700.0,2670801.0,31451200.0,0.0084798036322938
1999-07-26,5.14,5.24,5.04,5.14,307100.0,3053389.0,31451200.0,0.0097643333163758
1999-07-27,5.28,5.28,5.11,5.19,221100.0,2214246.0,31451200.0,0.00702993844432
1999-07-28,5.2,5.25,5.1,5.14,261000.0,2623003.0,31451200.0,0.0082985704837971
1999-07-29,5.15,5.2,5.07,5.1,203200.0,2022156.0,31451200.0,0.0064608027674619
1999-07-30,5.15,5.22,5.11,5.19,234300.0,2353942.0,31451200.0,0.0074496362618914
1999-08-02,5.19,5.28,5.06,5.26,345000.0,3486005.0,31451200.0,0.0109693747774329
1999-08-03,5.29,5.33,5.2,5.31,461200.0,4713715.0,31451200.0,0.0146639873836292
1999-08-04,5.33,5.36,5.27,5.33,500400.0,5167000.0,31451200.0,0.0159103627206593
1999-08-05,5.31,5.49,5.31,5.47,675000.0,7101557.0,31451200.0,0.0214618202167166
1999-08-06,5.37,5.48,5.2,5.25,388400.0,3992280.0,31451200.0,0.0123492903291448
1999-08-09,5.25,5.25,5.15,5.2,316500.0,3194734.0,31451200.0,0.0100632090349493
1999-08-10,5.2,5.2,5.02,5.07,154500.0,1529353.0,31451200.0,0.0049123721829373
1999-08-11,5.07,5.17,5.02,5.02,167300.0,1651265.0,31451200.0,0.0053193518848247
1999-08-12,4.99,5.17,4.99,5.04,122900.0,1209554.0,31451200.0,0.0039076410439029
1999-08-13,5.11,5.12,4.86,4.86,229200.0,2194920.0,31451200.0,0.0072874802869206
1999-08-16,4.79,4.86,4.73,4.85,267200.0,2473390.0,31451200.0,0.0084957012768988
1999-08-17,4.84,4.93,4.81,4.86,210000.0,1995757.0,31451200.0,0.0066770107340896
1999-08-18,4.86,4.89,4.74,4.8,128900.0,1200134.0,31451200.0,0.0040984127791626
1999-08-19,4.84,5.17,4.84,5.1,424900.0,4168426.0,31451200.0,0.013509818385308
1999-08-20,5.05,5.28,5.05,5.22,504400.0,5076613.0,31451200.0,0.0160375438774991
1999-08-23,5.22,5.3,5.15,5.3,422900.0,4299103.0,31451200.0,0.0134462278068881
1999-08-24,5.25,5.34,5.19,5.2,263000.0,2683985.0,31451200.0,0.008362161062217
1999-08-25,5.34,5.4,5.21,5.27,1242700.0,12898593.0,31451200.0,0.0395120059012056
1999-08-26,5.15,5.34,5.13,5.22,269400.0,2707082.0,31451200.0,0.0085656509131607
1999-08-27,5.24,5.24,5.19,5.2,218000.0,2203073.0,31451200.0,0.0069313730477692
1999-08-30,5.15,5.38,5.15,5.3,399500.0,4103187.0,31451200.0,0.0127022180393752
1999-08-31,5.29,5.43,5.25,5.4,856300.0,8942363.0,31451200.0,0.0272263061504807
1999-09-01,5.38,5.38,5.15,5.2,266600.0,2716548.0,31451200.0,0.0084766241033728
1999-09-02,5.2,5.28,5.1,5.26,236900.0,2377048.0,31451200.0,0.0075323040138373
1999-09-03,5.26,5.34,5.18,5.23,293500.0,3009408.0,31451200.0,0.0093319173831205
1999-09-06,5.23,5.23,5.09,5.09,126700.0,1263465.0,31451200.0,0.0040284631429007
1999-09-07,5.15,5.2,5.12,5.16,277400.0,2784250.0,31451200.0,0.0088200132268403
1999-09-08,5.15,5.27,5.15,5.25,219800.0,2230591.0,31451200.0,0.0069886045683471
1999-09-09,5.3,5.58,5.25,5.52,1717000.0,18229717.0,31451200.0,0.0545925115734852
1999-09-10,5.53,5.58,5.43,5.46,984000.0,10504813.0,31451200.0,0.0312865645825914
1999-09-13,5.48,5.75,5.45,5.74,1737300.0,19067131.0,31451200.0,0.0552379559444472
1999-09-14,5.77,5.79,5.62,5.73,1296800.0,14355600.0,31451200.0,0.041232131047464
1999-09-15,5.71,5.75,5.56,5.6,580800.0,6342914.0,31451200.0,0.0184667039731393
1999-09-16,5.56,5.71,5.56,5.71,713300.0,7835373.0,31451200.0,0.0226795797934578
1999-09-17,5.7,5.79,5.66,5.74,1388700.0,15495821.0,31451200.0,0.0441541181258584
1999-09-20,5.74,5.75,5.62,5.64,375100.0,4139638.0,31451200.0,0.0119264129826524
1999-09-21,5.63,5.64,5.56,5.58,210100.0,2277496.0,31451200.0,0.0066801902630106
1999-09-22,5.52,5.71,5.52,5.67,372600.0,4099344.0,31451200.0,0.0118469247596276
1999-09-23,5.71,5.71,5.59,5.64,305900.0,3348954.0,31451200.0,0.0097261789693239
1999-09-24,5.64,5.75,5.59,5.66,337900.0,3731408.0,31451200.0,0.0107436282240423
1999-09-27,5.67,5.67,5.61,5.65,142000.0,1552326.0,31451200.0,0.0045149310678129
1999-09-28,5.62,5.71,5.56,5.69,213500.0,2331531.0,31451200.0,0.0067882942463244
1999-09-29,5.71,5.89,5.66,5.75,3622947.0,40783260.0,31451200.0,0.1151926476573231
1999-09-30,5.75,5.77,5.5,5.52,1011400.0,10946870.0,31451200.0,0.032157755506944
1999-10-08,5.55,5.55,5.12,5.16,669100.0,6846155.0,31451200.0,0.0212742280103779
1999-10-11,5.15,5.23,5.1,5.17,282100.0,2833006.0,31451200.0,0.008969451086127
1999-10-12,5.22,5.37,5.14,5.34,344400.0,3533134.0,31451200.0,0.010950297603907
1999-10-13,5.35,5.35,5.24,5.24,397200.0,4072364.0,31451200.0,0.0126290888741924
1999-10-14,5.17,5.45,5.17,5.32,604900.0,6232645.0,31451200.0,0.0192329704430991
1999-10-15,5.28,5.45,5.28,5.43,722700.0,7596055.0,31451200.0,0.0229784555120313
1999-10-18,5.43,5.46,5.36,5.4,330900.0,3466110.0,31451200.0,0.0105210611995726
1999-10-19,5.25,5.4,5.25,5.37,289000.0,2981717.0,31451200.0,0.0091888385816757
1999-10-20,5.35,5.45,5.3,5.45,122800.0,1282359.0,31451200.0,0.0039044615149819
1999-10-21,5.33,5.36,5.25,5.25,251200.0,2578298.0,31451200.0,0.0079869766495396
1999-10-22,5.25,5.43,5.19,5.4,388600.0,4035767.0,31451200.0,0.0123556493869868
1999-10-25,5.4,5.4,5.3,5.4,205700.0,2139440.0,31451200.0,0.0065402909904868
1999-10-26,5.4,5.51,5.35,5.5,519000.0,5489653.0,31451200.0,0.0165017550999643
1999-10-27,5.57,5.63,5.53,5.6,2096900.0,22740558.0,31451200.0,0.0666715419443455
1999-10-28,5.62,5.75,5.58,5.65,2586900.0,28486128.0,31451200.0,0.0822512336572213
1999-10-29,5.64,5.71,5.48,5.54,706600.0,7638509.0,31451200.0,0.0224665513557511
1999-11-01,5.51,5.61,5.51,5.55,286600.0,3096610.0,31451200.0,0.0091125298875718
1999-11-02,5.53,5.55,5.34,5.37,283800.0,2980145.0,31451200.0,0.0090235030777839
1999-11-03,5.37,5.44,5.23,5.28,300100.0,3098564.0,31451200.0,0.0095417662919061
1999-11-04,5.25,5.28,5.15,5.21,304900.0,3088084.0,31451200.0,0.0096943836801139
1999-11-05,5.33,5.33,5.17,5.18,225500.0,2286367.0,31451200.0,0.0071698377168438
1999-11-08,5.2,5.25,5.1,5.21,253700.0,2547901.0,31451200.0,0.0080664648725644
1999-11-09,5.27,5.27,5.12,5.12,214900.0,2160530.0,31451200.0,0.0068328076512183
1999-11-10,5.12,5.15,4.93,4.98,404300.0,3927484.0,31451200.0,0.012854835427583
1999-11-11,4.97,4.99,4.88,4.9,335000.0,3199376.0,31451200.0,0.0106514218853334
1999-11-12,4.91,4.97,4.88,4.95,137600.0,1310669.0,31451200.0,0.0043750317952892
1999-11-15,4.97,5.02,4.92,5.01,122800.0,1182160.0,31451200.0,0.0039044615149819
1999-11-16,5.03,5.07,4.81,4.81,268900.0,2544432.0,31451200.0,0.0085497532685557
1999-11-17,4.86,4.93,4.73,4.92,368400.0,3434141.0,31451200.0,0.0117133845449458
1999-11-18,4.93,5.03,4.84,4.98,278100.0,2688637.0,31451200.0,0.0088422699292872
1999-11-19,4.98,5.12,4.94,5.02,213500.0,2082132.0,31451200.0,0.0067882942463244
1999-11-22,4.99,4.99,4.89,4.99,162800.0,1558692.0,31451200.0,0.0051762730833799
1999-11-23,4.94,5.04,4.94,4.99,92700.0,900973.0,31451200.0,0.0029474233097624
1999-11-24,5.02,5.05,4.97,5.05,92500.0,900767.0,31451200.0,0.0029410642519204
1999-11-25,5.04,5.07,4.98,5.01,128100.0,1250044.0,31451200.0,0.0040729765477946
1999-11-26,5.01,5.06,4.95,4.98,76300.0,738103.0,31451200.0,0.0024259805667192
1999-11-29,4.93,4.93,4.84,4.86,105100.0,993530.0,31451200.0,0.0033416848959658
1999-11-30,4.79,4.93,4.79,4.92,120200.0,1136120.0,31451200.0,0.003821793763036
1999-12-01,4.98,5.01,4.88,5.0,78500.0,757446.0,31451200.0,0.0024959302029811
1999-12-02,5.0,5.02,4.92,4.94,134600.0,1298927.0,31451200.0,0.0042796459276593
1999-12-03,4.89,5.07,4.84,5.07,269300.0,2612685.0,31451200.0,0.0085624713842397
1999-12-06,5.02,5.15,5.0,5.15,306100.0,3035763.0,31451200.0,0.0097325380271658
1999-12-07,5.15,5.15,5.04,5.1,85600.0,843833.0,31451200.0,0.0027216767563717
1999-12-08,5.03,5.2,4.99,5.13,533900.0,5310528.0,31451200.0,0.0169755049091926
1999-12-09,5.15,5.15,5.05,5.13,120900.0,1197477.0,31451200.0,0.003844050465483
1999-12-10,5.1,5.23,5.04,5.2,499350.0,5033417.0,31451200.0,0.0158769776669888
1999-12-13,5.15,5.19,5.1,5.12,80100.0,798348.0,31451200.0,0.002546802665717
1999-12-14,5.12,5.15,5.0,5.15,177500.0,1747021.0,31451200.0,0.0056436638347662
1999-12-15,5.15,5.28,5.07,5.24,591200.0,6001151.0,31451200.0,0.0187973749809228
1999-12-16,5.15,5.24,5.09,5.1,97100.0,965719.0,31451200.0,0.0030873225822862
1999-12-17,5.04,5.13,5.01,5.12,102400.0,1007394.0,31451200.0,0.0032558376150989
1999-12-21,5.1,5.1,4.94,5.01,127200.0,1234439.0,31451200.0,0.0040443607875057
1999-12-22,4.81,5.04,4.81,4.97,180400.0,1741227.0,31451200.0,0.005735870173475
1999-12-23,4.94,5.07,4.94,5.0,163400.0,1596539.0,31451200.0,0.0051953502569059
1999-12-24,4.64,4.99,4.5,4.74,345300.0,3212023.0,31451200.0,0.0109789133641959
1999-12-27,4.87,4.87,4.55,4.59,355500.0,3198000.0,31451200.0,0.0113032253141374
1999-12-28,4.66,4.73,4.55,4.63,139300.0,1254759.0,31451200.0,0.0044290837869461
1999-12-29,4.66,4.86,4.44,4.83,307500.0,2778664.0,31451200.0,0.0097770514320598
1999-12-30,4.73,5.19,4.73,5.08,441900.0,4273960.0,31451200.0,0.0140503383018771
2000-01-04,4.94,5.12,4.94,5.09,204300.0,2009023.0,31451200.0,0.0064957775855929
2000-01-05,4.99,5.19,4.99,5.04,281100.0,2785152.0,31451200.0,0.0089376557969171
2000-01-06,4.99,5.17,4.99,5.16,312900.0,3112011.0,31451200.0,0.0099487459937935
2000-01-07,5.1,5.35,5.1,5.33,810800.0,8252545.0,31451200.0,0.0257796204914279
2000-01-10,5.35,5.48,5.23,5.38,654900.0,6809798.0,31451200.0,0.0208227349035966
2000-01-11,5.4,5.4,5.04,5.09,370000.0,3761777.0,31451200.0,0.0117642570076817
2000-01-12,5.09,5.18,4.95,4.99,279200.0,2729612.0,31451200.0,0.0088772447474182
2000-01-13,4.99,4.99,4.83,4.87,354200.0,3369756.0,31451200.0,0.0112618914381645
2000-01-14,4.88,4.9,4.66,4.66,354000.0,3269579.0,31451200.0,0.0112555323803225
2000-01-17,4.69,4.88,4.68,4.85,312600.0,2876343.0,31451200.0,0.0099392074070305
2000-01-18,5.11,5.33,4.97,5.06,680500.0,6756942.0,31451200.0,0.0216366943073714
2000-01-19,4.94,5.06,4.94,5.0,230000.0,2228104.0,31451200.0,0.0073129165182886
2000-01-20,5.02,5.09,4.91,5.08,367800.0,3569001.0,31451200.0,0.0116943073714198
2000-01-21,5.07,5.15,4.95,5.06,575000.0,5627542.0,31451200.0,0.0182822912957216
2000-01-24,5.04,5.08,4.92,4.96,426900.0,4116696.0,31451200.0,0.0135734089637279
2000-01-25,5.0,5.38,4.98,5.35,1994500.0,20349929.0,31451200.0,0.0634157043292465
2000-01-26,5.43,5.66,5.16,5.51,3871900.0,41235149.0,31451200.0,0.1231081802920079
2000-01-27,5.5,5.58,5.4,5.48,1309700.0,13964914.0,31451200.0,0.0416422902782723
2000-01-28,5.48,5.78,5.38,5.6,1689300.0,18225601.0,31451200.0,0.0537117820623696
2000-02-14,5.78,6.15,5.7,6.1,2203500.0,25650108.0,31451200.0,0.0700609197741262
2000-02-15,6.12,6.33,5.66,5.81,3267000.0,37904774.0,31451200.0,0.1038752098489087
2000-02-16,5.77,5.81,5.46,5.66,2409500.0,26169376.0,31451200.0,0.0766107493513761
2000-02-17,5.66,6.07,5.61,5.72,2714600.0,30473422.0,31451200.0,0.086311492089332
2000-02-18,5.71,5.71,5.35,5.53,1094100.0,11620249.0,31451200.0,0.034787225924607
2000-02-21,5.61,5.61,5.28,5.51,895100.0,9467059.0,31451200.0,0.0284599633718268
2000-02-22,5.52,5.78,5.35,5.38,827000.0,8994500.0,31451200.0,0.0262947041766291
2000-02-23,5.29,5.43,5.25,5.28,467600.0,4837197.0,31451200.0,0.0148674772345729
2000-02-24,5.3,5.4,5.19,5.37,561400.0,5747784.0,31451200.0,0.0178498753624662
2000-02-25,5.38,5.44,5.09,5.2,1068200.0,10811174.0,31451200.0,0.0339637279340692
2000-02-28,5.15,5.33,5.05,5.33,1084000.0,10938304.0,31451200.0,0.0344660935035865
2000-02-29,5.34,5.34,5.16,5.27,975500.0,9924745.0,31451200.0,0.0310163046243068
2000-03-01,5.28,5.58,5.26,5.5,1252900.0,13281000.0,31451200.0,0.0398363178511471
2000-03-02,5.51,5.75,5.44,5.5,1173000.0,12665485.0,31451200.0,0.0372958742432721
2000-03-03,5.6,6.05,5.51,6.05,3774400.0,42377732.0,31451200.0,0.1200081395940377
2000-03-06,6.02,6.17,5.83,5.86,3656300.0,42359659.0,31451200.0,0.1162531159383425
2000-03-07,5.77,6.07,5.71,6.04,2317700.0,26680865.0,31451200.0,0.0736919418019026
2000-03-08,6.12,6.33,5.97,6.07,2474800.0,29584680.0,31451200.0,0.0786869817367858
2000-03-09,6.07,6.15,5.92,5.95,1336800.0,15554473.0,31451200.0,0.042503942615862
2000-03-10,5.97,6.28,5.87,5.89,1634800.0,19228220.0,31451200.0,0.0519789388004273
2000-03-13,5.89,6.32,5.88,6.22,1832200.0,21853095.0,31451200.0,0.0582553288904715
2000-03-14,6.07,6.31,5.89,6.05,1133600.0,13374486.0,31451200.0,0.0360431398484
2000-03-15,5.97,6.23,5.97,6.03,877500.0,10443922.0,31451200.0,0.0279003662817317
2000-03-16,6.02,6.02,5.46,5.58,797500.0,8880656.0,31451200.0,0.0253567431449356
2000-03-17,5.51,5.77,5.51,5.69,778100.0,8558366.0,31451200.0,0.0247399145342626
2000-03-20,5.66,6.05,5.61,5.91,683600.0,7760746.0,31451200.0,0.0217352597039222
2000-03-21,5.87,6.08,5.77,6.07,804400.0,9238503.0,31451200.0,0.0255761306404843
2000-03-22,6.01,6.49,5.93,6.36,2735300.0,33212290.0,31451200.0,0.086969654575978
2000-03-23,6.43,6.48,6.29,6.42,1472100.0,18235594.0,31451200.0,0.0468058452459683
2000-03-24,6.45,6.62,6.14,6.17,1789200.0,22382209.0,31451200.0,0.0568881314544437
2000-03-27,6.19,6.78,6.19,6.78,2699500.0,34706732.0,31451200.0,0.0858313832222617
2000-03-28,6.89,6.95,6.56,6.67,1408700.0,18274111.0,31451200.0,0.0447900239100574
2000-03-29,6.67,6.73,6.29,6.47,1271800.0,15902845.0,31451200.0,0.0404372488172152
2000-03-30,6.49,6.66,6.38,6.66,1003700.0,12679461.0,31451200.0,0.0319129317800274
2000-03-31,6.66,6.79,6.49,6.6,1150000.0,14931724.0,31451200.0,0.0365645825914432
2000-04-03,6.58,7.01,6.53,6.72,2542200.0,33869776.0,31451200.0,0.0808299842295365
2000-04-04,6.69,6.69,6.33,6.36,1061900.0,13299936.0,31451200.0,0.0337634176120466
2000-04-05,6.36,6.54,6.33,6.42,1128900.0,14078299.0,31451200.0,0.0358937019891132
2000-04-06,6.53,6.71,6.41,6.57,2401200.0,30582663.0,31451200.0,0.0763468484509335
2000-04-07,6.68,6.77,6.54,6.71,1784700.0,23012795.0,31451200.0,0.0567450526529989
2000-04-10,6.77,7.11,6.65,7.03,3960400.0,53122390.0,31451200.0,0.1259220633870885
2000-04-11,7.05,7.3,6.79,6.83,4171400.0,57249086.0,31451200.0,0.1326308694103881
2000-04-12,6.85,6.94,6.59,6.7,1468300.0,19221410.0,31451200.0,0.0466850231469705
2000-04-13,6.74,6.89,6.69,6.78,948400.0,12504147.0,31451200.0,0.0301546522867172
2000-04-14,6.81,6.81,6.56,6.65,1247300.0,16053399.0,31451200.0,0.0396582642315714
2000-04-17,6.61,6.61,6.33,6.35,1134300.0,14179211.0,31451200.0,0.036065396550847
2000-04-18,6.38,6.9,6.33,6.78,1053200.0,13543000.0,31451200.0,0.03348679859592
2000-04-19,6.77,6.87,6.68,6.81,771600.0,10178441.0,31451200.0,0.0245332451543979
2000-04-20,6.85,7.1,6.8,6.95,1406300.0,18985710.0,31451200.0,0.0447137152159536
2000-04-21,6.95,6.95,6.64,6.7,735300.0,9689967.0,31451200.0,0.0233790761560767
2000-04-24,6.71,6.84,6.54,6.58,612200.0,7917172.0,31451200.0,0.0194650760543317
2000-04-25,6.58,6.66,6.43,6.58,403300.0,5140846.0,31451200.0,0.012823040138373
2000-04-26,6.72,7.1,6.58,6.82,722800.0,9630524.0,31451200.0,0.0229816350409523
2000-04-27,6.95,6.95,6.53,6.69,477600.0,6245970.0,31451200.0,0.0151854301266724
2000-04-28,6.59,6.71,6.59,6.64,696500.0,8981629.0,31451200.0,0.0221454189347306
2000-05-08,6.7,6.98,6.7,6.9,1211500.0,16234396.0,31451200.0,0.0385199928778552
2000-05-09,6.9,7.08,6.79,6.82,992600.0,13402641.0,31451200.0,0.031560004069797
2000-05-10,6.84,6.85,6.48,6.49,874100.0,11208040.0,31451200.0,0.0277922622984178
2000-05-11,6.43,6.53,6.18,6.21,489400.0,6039328.0,31451200.0,0.0155606145393498
2000-05-12,6.28,6.43,6.18,6.24,425800.0,5204650.0,31451200.0,0.0135384341455969
2000-05-15,6.26,6.42,6.06,6.27,385500.0,4658155.0,31451200.0,0.0122570839904359
2000-05-16,6.33,6.38,6.3,6.32,194600.0,2391714.0,31451200.0,0.0061873632802563
2000-05-17,6.37,6.58,6.28,6.3,347400.0,4335978.0,31451200.0,0.0110456834715368
2000-05-18,6.3,6.43,6.3,6.43,225800.0,2792819.0,31451200.0,0.0071793763036068
2000-05-19,6.46,6.53,6.38,6.52,373500.0,4708402.0,31451200.0,0.0118755405199165
2000-05-22,6.54,6.92,6.43,6.9,2016800.0,26523025.0,31451200.0,0.0641247392786284
2000-05-23,6.97,7.59,6.84,7.54,5674200.0,78925724.0,31451200.0,0.180412830035102
2000-05-24,7.41,7.62,7.21,7.37,4382600.0,63090540.0,31451200.0,0.1393460344915297
2000-05-25,7.36,7.49,7.17,7.42,1964000.0,27927447.0,31451200.0,0.062445948008343
2000-05-26,7.44,7.49,7.21,7.23,1361300.0,19370152.0,31451200.0,0.0432829272015058
2000-05-29,7.25,7.49,7.25,7.32,905000.0,12918450.0,31451200.0,0.0287747367350053
2000-05-30,7.33,7.37,6.97,7.05,1085300.0,15119714.0,31451200.0,0.0345074273795594
2000-05-31,7.04,7.31,7.0,7.12,813700.0,11373186.0,31451200.0,0.0258718268301368
2000-06-01,7.12,7.45,7.08,7.42,1265300.0,18059421.0,31451200.0,0.0402305794373505
2000-06-02,7.5,7.52,7.26,7.41,695200.0,9952944.0,31451200.0,0.0221040850587576
2000-06-05,7.36,7.36,7.1,7.11,899500.0,12632345.0,31451200.0,0.0285998626443506
2000-06-06,7.11,7.31,6.97,7.3,1362700.0,18790918.0,31451200.0,0.0433274406063997
2000-06-07,7.33,7.38,7.21,7.23,454800.0,6398202.0,31451200.0,0.0144604975326855
2000-06-08,7.15,7.25,7.07,7.11,444400.0,6148013.0,31451200.0,0.014129826524902
2000-06-09,7.11,7.21,6.95,6.97,475300.0,6502173.0,31451200.0,0.0151123009614895
2000-06-12,6.95,7.14,6.89,7.1,462200.0,6317267.0,31451200.0,0.0146957826728391
2000-06-13,7.11,7.46,7.1,7.23,624600.0,8794588.0,31451200.0,0.0198593376405351
2000-06-14,7.28,7.31,6.69,7.1,392700.0,5491930.0,31451200.0,0.0124860100727476
2000-06-15,7.05,7.18,7.0,7.11,439900.0,6057879.0,31451200.0,0.0139867477234572
2000-06-16,7.17,7.25,7.05,7.06,488500.0,6751341.0,31451200.0,0.0155319987790608
2000-06-19,7.05,7.12,6.92,6.96,451600.0,6145461.0,31451200.0,0.0143587526072137
2000-06-20,6.9,7.31,6.84,6.98,341700.0,4686896.0,31451200.0,0.0108644503230401
2000-06-22,7.14,7.15,6.9,6.92,393000.0,5303076.0,31451200.0,0.0124955486595106
2000-06-23,6.91,7.02,6.86,6.94,425200.0,5722881.0,31451200.0,0.013519356972071
2000-06-26,6.94,7.21,6.92,7.21,581200.0,8002899.0,31451200.0,0.0184794220888233
2000-06-27,7.26,7.37,7.1,7.34,1275000.0,18040529.0,31451200.0,0.040538993742687
2000-06-28,7.34,7.41,7.16,7.33,665400.0,9450790.0,31451200.0,0.0211565854403011
2000-06-29,7.33,7.46,7.12,7.37,1223600.0,17567846.0,31451200.0,0.0389047158772956
2000-06-30,7.35,7.39,7.06,7.1,769200.0,10844948.0,31451200.0,0.024456936460294
2000-07-03,7.1,7.31,6.95,7.04,444200.0,6146386.0,31451200.0,0.01412346746706
2000-07-04,7.05,7.1,6.95,6.99,472900.0,6432689.0,31451200.0,0.0150359922673856
2000-07-05,7.01,7.31,6.98,7.04,778900.0,10752619.0,31451200.0,0.0247653507656305
2000-07-06,7.05,7.2,6.95,6.99,369000.0,5029798.0,31451200.0,0.0117324617184717
2000-07-07,7.0,7.1,6.95,7.09,751600.0,10247913.0,31451200.0,0.0238973393701989
2000-07-10,7.1,7.39,7.1,7.21,817200.0,11456098.0,31451200.0,0.0259831103423716
2000-07-11,7.26,7.26,6.95,7.05,448600.0,6227512.0,31451200.0,0.0142633667395838
2000-07-12,7.14,7.25,7.03,7.2,463100.0,6434042.0,31451200.0,0.0147243984331281
2000-07-13,7.21,7.31,7.06,7.1,533200.0,7454778.0,31451200.0,0.0169532482067456
2000-07-14,7.12,7.38,7.1,7.29,1107500.0,15680444.0,31451200.0,0.0352132828000203
2000-07-17,7.41,7.88,7.31,7.61,2762000.0,41009097.0,31451200.0,0.0878185887978837
2000-07-18,7.64,7.71,7.46,7.52,1004100.0,14720389.0,31451200.0,0.0319256498957114
2000-07-19,7.57,7.57,7.41,7.47,574600.0,8339254.0,31451200.0,0.0182695731800376
2000-07-20,7.52,7.82,7.46,7.52,1138200.0,16930540.0,31451200.0,0.0361893981787658
2000-07-21,7.62,7.71,7.54,7.64,549100.0,8157158.0,31451200.0,0.0174587933051839
2000-07-24,7.46,7.46,7.13,7.32,1491100.0,21165467.0,31451200.0,0.0474099557409574
2000-07-25,7.33,7.36,7.14,7.29,963600.0,13548714.0,31451200.0,0.0306379406827084
2000-07-26,7.31,7.56,7.31,7.45,599100.0,8651107.0,31451200.0,0.0190485577656814
2000-07-27,7.53,7.59,7.34,7.35,569100.0,8197675.0,31451200.0,0.0180946990893829
2000-07-28,7.43,7.48,7.23,7.3,461600.0,6554906.0,31451200.0,0.0146767054993132
2000-07-31,7.28,7.39,7.16,7.34,584700.0,8236884.0,31451200.0,0.0185907056010581
2000-08-01,7.36,7.56,7.33,7.36,493800.0,7133461.0,31451200.0,0.0157005138118736
2000-08-02,7.37,7.52,7.36,7.49,341600.0,4934719.0,31451200.0,0.0108612707941191
2000-08-03,7.51,7.58,7.42,7.45,443900.0,6462032.0,31451200.0,0.014113928880297
2000-08-04,7.47,7.5,7.26,7.27,487600.0,6942179.0,31451200.0,0.0155033830187719
2000-08-07,7.21,7.34,7.21,7.32,259000.0,3651660.0,31451200.0,0.0082349799053772
2000-08-08,7.33,7.41,7.26,7.31,286400.0,4077910.0,31451200.0,0.0091061708297298
2000-08-09,7.31,7.4,7.27,7.36,379600.0,5400017.0,31451200.0,0.0120694917840972
2000-08-10,7.39,7.59,7.28,7.51,732200.0,10658719.0,31451200.0,0.0232805107595258
2000-08-11,7.54,7.62,7.47,7.5,635600.0,9301832.0,31451200.0,0.0202090858218446
2000-08-14,7.64,7.64,7.5,7.53,663500.0,9758044.0,31451200.0,0.0210961743908022
2000-08-15,7.52,7.61,7.42,7.45,344300.0,5018590.0,31451200.0,0.010947118074986
2000-08-16,7.49,7.6,7.41,7.58,423000.0,6150456.0,31451200.0,0.0134494073358091
2000-08-17,7.62,7.76,7.56,7.68,919500.0,13751519.0,31451200.0,0.0292357684285496
2000-08-18,7.67,7.93,7.67,7.73,1441300.0,21906884.0,31451200.0,0.0458265503383018
2000-08-21,7.88,8.28,7.82,8.13,1427200.0,22300778.0,31451200.0,0.0453782367604415
2000-08-22,8.23,8.24,7.82,7.83,1083200.0,16978746.0,31451200.0,0.0344406572722185
2000-08-23,7.71,7.78,7.21,7.57,1371200.0,20057292.0,31451200.0,0.0435977005646843
2000-08-24,7.57,7.77,7.47,7.66,780800.0,11638811.0,31451200.0,0.0248257618151294
2000-08-25,7.72,7.77,7.62,7.77,332900.0,4973316.0,31451200.0,0.0105846517779925
2000-08-28,7.88,7.98,7.78,7.84,542300.0,8288485.0,31451200.0,0.0172425853385562
2000-08-29,7.84,7.98,7.79,7.88,407800.0,6230027.0,31451200.0,0.0129661189398178
2000-08-30,7.93,7.98,7.61,7.62,498300.0,7509085.0,31451200.0,0.0158435926133184
2000-08-31,7.58,7.58,7.31,7.31,812900.0,11715415.0,31451200.0,0.0258463905987688
2000-09-01,7.3,7.42,7.24,7.25,375300.0,5315586.0,31451200.0,0.0119327720404944
2000-09-04,7.26,7.46,7.25,7.46,270700.0,3847268.0,31451200.0,0.0086069847891336
2000-09-05,7.46,7.57,7.26,7.31,583300.0,8496297.0,31451200.0,0.0185461921961642
2000-09-06,7.33,7.59,7.32,7.42,846206.0,12313626.0,31451200.0,0.0269053645011955
2000-09-07,7.36,7.66,7.36,7.59,971800.0,14366291.0,31451200.0,0.03089866205423
2000-09-08,7.67,7.69,7.47,7.54,229600.0,3364767.0,31451200.0,0.0073001984026046
2000-09-11,7.54,8.11,7.54,7.97,1055000.0,16101690.0,31451200.0,0.0335440301164979
2000-09-12,8.02,8.13,7.88,7.94,752200.0,11661273.0,31451200.0,0.0239164165437248
2000-09-13,8.03,8.07,7.84,7.96,695000.0,10772995.0,31451200.0,0.0220977260009157
2000-09-14,7.97,8.26,7.96,8.24,2027300.0,32159250.0,31451200.0,0.0644585898153329
2000-09-15,8.24,8.29,8.1,8.18,509600.0,8087428.0,31451200.0,0.0162028793813908
2000-09-18,8.23,8.24,7.81,7.82,435600.0,6747583.0,31451200.0,0.0138500279798545
2000-09-19,7.77,7.9,7.47,7.87,497300.0,7378541.0,31451200.0,0.0158117973241084
2000-09-20,7.85,7.93,7.73,7.85,306100.0,4654440.0,31451200.0,0.0097325380271658
2000-09-21,7.93,7.93,7.77,7.82,191100.0,2907192.0,31451200.0,0.0060760797680215
2000-09-22,7.47,7.82,7.47,7.67,227300.0,3384023.0,31451200.0,0.0072270692374217
2000-09-25,7.71,7.71,7.39,7.41,316500.0,4634584.0,31451200.0,0.0100632090349493
2000-09-26,7.41,7.61,7.41,7.49,195100.0,2828657.0,31451200.0,0.0062032609248613
2000-09-27,7.46,7.64,7.46,7.64,96700.0,1423525.0,31451200.0,0.0030746044666022
2000-09-28,7.59,7.71,7.41,7.49,169300.0,2470624.0,31451200.0,0.0053829424632446
2000-09-29,7.42,7.61,7.41,7.56,92500.0,1353017.0,31451200.0,0.0029410642519204
2000-10-09,7.67,7.89,7.56,7.89,237600.0,3556418.0,31451200.0,0.0075545607162842
2000-10-10,7.93,8.0,7.61,7.92,448500.0,6844842.0,31451200.0,0.0142601872106628
2000-10-11,7.92,7.93,7.73,7.85,299600.0,4565339.0,31451200.0,0.0095258686473012
2000-10-12,7.78,8.08,7.78,8.03,647000.0,10055935.0,31451200.0,0.020571552118838
2000-10-13,8.0,8.38,8.0,8.17,1545900.0,24631782.0,31451200.0,0.0491523375896627
2000-10-16,8.14,8.24,7.93,7.97,615600.0,9677954.0,31451200.0,0.0195731800376456
2000-10-17,7.97,8.19,7.97,8.09,339500.0,5342865.0,31451200.0,0.0107945006867782
2000-10-18,8.13,8.48,8.13,8.27,1189000.0,19282877.0,31451200.0,0.0378045988706313
2000-10-19,8.31,8.39,8.16,8.28,591000.0,9493357.0,31451200.0,0.0187910159230808
2000-10-20,8.34,8.42,8.03,8.21,639200.0,10171065.0,31451200.0,0.0203235488630004
2000-10-23,8.23,8.67,8.11,8.58,1416300.0,23263692.0,31451200.0,0.0450316681080531
2000-10-24,8.59,8.72,8.5,8.63,947900.0,15849949.0,31451200.0,0.0301387546421122
2000-10-25,8.54,8.69,8.44,8.64,871500.0,14477145.0,31451200.0,0.0277095945464719
2000-10-26,8.65,8.69,8.5,8.57,478100.0,8008323.0,31451200.0,0.0152013277712774
2000-10-27,8.57,8.57,8.39,8.45,534900.0,8773723.0,31451200.0,0.0170073001984026
2000-10-30,8.49,8.57,8.33,8.36,779000.0,12739905.0,31451200.0,0.0247685302945515
2000-10-31,8.28,8.54,8.11,8.43,1892600.0,30463667.0,31451200.0,0.0601757643587526
2000-11-01,8.41,8.75,8.4,8.75,1527500.0,25513036.0,31451200.0,0.0485673042681996
2000-11-02,8.86,8.99,8.59,8.74,1654500.0,28164047.0,31451200.0,0.0526053059978633
2000-11-03,8.76,9.06,8.7,9.04,1117000.0,19386240.0,31451200.0,0.0355153380475148
2000-11-06,9.11,9.83,9.11,9.69,3655100.0,67461701.0,31451200.0,0.1162149615912906
2000-11-07,9.68,9.69,9.39,9.48,1485100.0,27455946.0,31451200.0,0.0472191840056977
2000-11-08,9.52,9.93,9.39,9.91,1465600.0,27618816.0,31451200.0,0.0465991758661036
2000-11-09,9.98,10.13,9.68,9.77,1960200.0,37858607.0,31451200.0,0.0623251259093452
2000-11-10,9.86,10.09,9.63,9.86,2008400.0,38319978.0,31451200.0,0.0638576588492648
2000-11-13,9.83,9.98,9.52,9.71,1641800.0,30820113.0,31451200.0,0.0522015058248969
2000-11-14,9.71,10.24,9.58,10.11,1703600.0,33198444.0,31451200.0,0.0541664546980719
2000-11-15,10.15,10.95,10.15,10.86,2084600.0,42975853.0,31451200.0,0.0662804598870631
2000-11-16,10.91,11.94,10.87,11.04,5176000.0,116670153.0,31451200.0,0.1645724169507045
2000-11-17,11.01,11.89,10.65,11.82,2297900.0,50320312.0,31451200.0,0.0730623950755456
2000-11-20,11.63,12.1,11.55,11.76,913917.0,20986089.0,31451200.0,0.0290582553288904
2000-11-21,11.83,12.15,11.76,11.89,632425.0,14580830.0,31451200.0,0.020108135778603
2000-11-22,11.89,12.71,11.85,12.53,621906.0,14849539.0,31451200.0,0.0197736811314035
2000-11-23,12.51,12.82,12.04,12.33,779050.0,18950162.0,31451200.0,0.024770120059012
2000-11-24,12.41,12.41,11.58,11.62,1131400.0,26406661.0,31451200.0,0.0359731902121381
2000-11-27,11.43,11.92,11.22,11.56,710531.0,15953298.0,31451200.0,0.0225915386376354
2000-11-28,11.84,11.84,11.56,11.79,403637.0,9243118.0,31451200.0,0.0128337551508368
2000-11-29,11.84,11.84,11.44,11.45,335571.0,7577794.0,31451200.0,0.0106695769954723
2000-11-30,11.45,11.94,11.25,11.93,906993.0,20703307.0,31451200.0,0.0288381047464007
2000-12-01,11.99,12.67,11.84,12.58,680341.0,16421057.0,31451200.0,0.021631638856387
2000-12-04,12.61,13.24,12.61,12.99,663203.0,16763681.0,31451200.0,0.0210867311899069
2000-12-05,13.0,13.25,12.82,12.97,340716.0,8569012.0,31451200.0,0.0108331637584575
2000-12-06,12.87,13.35,12.73,12.97,467600.0,11794267.0,31451200.0,0.0148674772345729
2000-12-07,12.85,12.97,12.23,12.33,848142.0,20608743.0,31451200.0,0.0269669201811059
2000-12-08,12.33,12.79,12.3,12.68,307547.0,7564850.0,31451200.0,0.0097785458106526
2000-12-11,12.8,13.13,12.73,12.73,416370.0,10453505.0,31451200.0,0.0132386045683471
2000-12-12,12.86,13.36,12.82,13.15,352270.0,8985700.0,31451200.0,0.0112005265299893
2000-12-13,13.18,13.48,13.02,13.48,612633.0,15754895.0,31451200.0,0.0194788434145596
2000-12-14,13.59,14.41,13.48,14.06,1020061.0,27841871.0,31451200.0,0.0324331345067914
2000-12-15,14.06,14.92,13.91,14.89,771711.0,21924143.0,31451200.0,0.0245367744315002
2000-12-18,14.98,15.18,14.57,14.88,628274.0,18218615.0,31451200.0,0.0199761535330925
2000-12-19,14.93,14.95,14.41,14.42,410071.0,11621070.0,31451200.0,0.0130383260416136
2000-12-20,14.42,14.66,14.24,14.42,560077.0,15613022.0,31451200.0,0.0178078101948415
2000-12-21,14.46,14.88,14.42,14.59,266112.0,7584366.0,31451200.0,0.0084611080022383
2000-12-22,14.67,15.07,14.67,14.84,292915.0,8451065.0,31451200.0,0.0093133171389326
2000-12-25,14.88,15.75,14.88,15.69,968348.0,29135536.0,31451200.0,0.0307889047158772
2000-12-26,15.69,16.18,14.7,15.59,846698.0,25800440.0,31451200.0,0.0269210077834868
2000-12-27,15.34,15.65,14.94,15.61,417402.0,12431850.0,31451200.0,0.0132714173068118
2000-12-28,15.62,15.88,15.1,15.57,548893.0,16509125.0,31451200.0,0.0174522116803174
2000-12-29,15.44,16.21,15.29,16.18,584868.0,18018932.0,31451200.0,0.0185960472096454
2001-01-02,16.47,16.47,15.6,15.92,324427.0,9988212.0,31451200.0,0.0103152502925166
2001-01-03,15.96,15.96,15.4,15.83,460595.0,14012620.0,31451200.0,0.0146447512336572
2001-01-04,15.7,16.06,15.65,15.94,346929.0,10689615.0,31451200.0,0.0110307078903189
2001-01-05,15.94,16.72,15.43,16.62,659349.0,20876020.0,31451200.0,0.0209641921452917
2001-01-08,16.57,16.73,16.2,16.67,493231.0,15877637.0,31451200.0,0.0156824222923131
2001-01-09,16.72,16.81,16.43,16.67,1056233.0,34198189.0,31451200.0,0.0335832337080938
2001-01-10,16.67,16.83,15.74,16.49,960428.0,30930316.0,31451200.0,0.0305370860253344
2001-01-11,16.32,16.5,15.29,15.68,2039834.0,63358190.0,31451200.0,0.0648571119702904
2001-01-12,15.44,15.96,14.93,15.91,591200.0,17843253.0,31451200.0,0.0187973749809228
2001-01-15,15.95,15.98,15.34,15.95,381680.0,11661214.0,31451200.0,0.0121356259856539
2001-01-16,15.44,16.63,15.44,16.53,884090.0,28002848.0,31451200.0,0.0281098972376252
2001-01-17,16.37,17.19,16.21,16.73,840211.0,27423350.0,31451200.0,0.0267147517423818
2001-01-18,16.52,16.78,16.29,16.5,132575.0,4240903.0,31451200.0,0.0042152604670092
2001-01-19,16.36,16.62,16.17,16.61,140814.0,4502460.0,31451200.0,0.0044772218548099
2001-02-05,16.66,16.66,15.58,15.65,99000.0,3054886.0,31451200.0,0.0031477336317851
2001-02-06,15.44,15.45,14.82,15.33,177250.0,5227873.0,31451200.0,0.0056357150124637
2001-02-07,15.39,15.43,14.93,15.14,62900.0,1852005.0,31451200.0,0.0019999236913058
2001-02-08,14.92,15.18,14.62,14.87,145500.0,4190118.0,31451200.0,0.0046262145800478
2001-02-09,15.02,15.13,14.7,14.93,80396.0,2315814.0,31451200.0,0.0025562140713231
2001-02-12,14.92,14.92,14.45,14.67,40970.0,1167416.0,31451200.0,0.0013026529989316
2001-02-13,14.88,14.9,14.41,14.65,55758.0,1582651.0,31451200.0,0.0017728417357684
2001-02-14,14.85,14.88,14.05,14.14,66750.0,1839390.0,31451200.0,0.0021223355547642
2001-02-15,13.95,14.31,13.66,13.9,342025.0,9207189.0,31451200.0,0.0108747837920333
2001-02-16,13.74,13.74,12.66,13.0,240890.0,6096597.0,31451200.0,0.007659167217785
2001-02-19,13.0,13.62,12.51,13.3,143267.0,3677709.0,31451200.0,0.004555215699242
2001-02-20,13.28,13.62,13.07,13.38,59650.0,1547111.0,31451200.0,0.0018965890013735
2001-02-21,13.36,13.43,12.9,12.92,139100.0,3536629.0,31451200.0,0.0044227247291041
2001-02-22,12.87,13.1,12.87,12.95,33914.0,853188.0,31451200.0,0.0010783054382662
2001-02-23,13.13,13.43,13.02,13.32,61494.0,1590964.0,31451200.0,0.0019552195146767
2001-02-26,13.54,13.61,13.38,13.61,31820.0,832925.0,31451200.0,0.0010117261026606
2001-02-27,13.74,14.02,13.74,14.0,66550.0,1805559.0,31451200.0,0.0021159764969222
2001-02-28,13.88,13.95,13.59,13.79,47520.0,1272654.0,31451200.0,0.0015109121432568
2001-03-01,13.98,13.98,13.79,13.81,17470.0,470225.0,31451200.0,0.0005554637024978
2001-03-02,13.1,13.9,13.1,13.74,22710.0,608988.0,31451200.0,0.0007220710179579
2001-03-05,13.79,14.1,13.39,13.72,37410.0,990709.0,31451200.0,0.0011894617693442
2001-03-06,13.69,13.72,13.36,13.72,55001.0,1442222.0,31451200.0,0.0017487727018364
2001-03-07,13.49,13.74,13.38,13.74,37778.0,991807.0,31451200.0,0.0012011624357735
2001-03-08,13.9,14.05,13.67,13.84,37600.0,1015166.0,31451200.0,0.0011955028742941
2001-03-09,13.84,13.84,13.64,13.71,53100.0,1414340.0,31451200.0,0.0016883298570483
2001-03-12,13.72,14.0,13.7,13.87,136780.0,3678118.0,31451200.0,0.004348959658137
2001-03-13,13.87,14.21,13.85,13.91,142784.0,3866643.0,31451200.0,0.0045398585745535
2001-03-14,13.81,13.95,13.77,13.84,56845.0,1530676.0,31451200.0,0.0018074032151396
2001-03-15,13.85,13.85,13.41,13.46,38955.0,1030937.0,31451200.0,0.0012385854911736
2001-03-16,13.38,13.74,13.38,13.39,44250.0,1160589.0,31451200.0,0.0014069415475403
2001-03-19,13.64,13.64,12.97,13.44,126300.0,3251220.0,31451200.0,0.0040157450272167
2001-03-20,13.44,13.53,13.34,13.43,35993.0,939738.0,31451200.0,0.0011444078445337
2001-03-21,13.02,13.42,13.02,13.24,76907.0,1984999.0,31451200.0,0.0024452803072696
2001-03-22,13.37,13.5,13.14,13.29,76100.0,1979635.0,31451200.0,0.0024196215088772
2001-03-23,13.4,13.44,13.32,13.41,53720.0,1397605.0,31451200.0,0.0017080429363585
2001-03-26,13.42,14.16,13.42,13.94,151183.0,4048307.0,31451200.0,0.0048069072086279
2001-03-27,13.95,14.3,13.81,14.1,76120.0,2066742.0,31451200.0,0.0024202574146614
2001-03-28,13.95,14.0,13.85,13.91,66944.0,1811485.0,31451200.0,0.0021285038408709
2001-03-29,13.9,14.06,13.44,13.59,108220.0,2896798.0,31451200.0,0.0034408861983008
2001-03-30,13.87,14.2,13.64,14.08,130180.0,3516961.0,31451200.0,0.0041391107493513
2001-04-03,14.16,14.16,13.9,14.0,163300.0,4436751.0,31451200.0,0.0051921707279849
2001-04-04,14.03,14.08,13.79,13.88,107300.0,2917773.0,31451200.0,0.0034116345322277
2001-04-05,13.38,14.0,13.38,13.93,80301.0,2181308.0,31451200.0,0.0025531935188482
2001-04-06,13.93,14.26,13.4,14.19,175059.0,4718715.0,31451200.0,0.0055660515338047
2001-04-09,14.21,14.21,13.89,14.13,163400.0,4457658.0,31451200.0,0.0051953502569059
2001-04-10,14.1,14.6,14.09,14.51,443140.0,12335108.0,31451200.0,0.0140897644604975
2001-04-11,14.41,14.59,14.34,14.41,73400.0,2053900.0,31451200.0,0.0023337742280103
2001-04-12,14.44,14.46,14.16,14.37,205265.0,5704397.0,31451200.0,0.0065264600396805
2001-04-13,14.3,14.44,14.16,14.36,237803.0,6640741.0,31451200.0,0.0075610151599938
2001-04-16,14.37,14.41,13.71,14.41,172653.0,4798954.0,31451200.0,0.0054895520679656
2001-04-17,14.41,14.41,13.91,14.33,61550.0,1691840.0,31451200.0,0.0019570000508724
2001-04-18,14.31,14.4,13.66,14.29,623208.0,17181719.0,31451200.0,0.0198150785979549
2001-04-19,14.28,14.41,13.49,14.03,307900.0,8351874.0,31451200.0,0.0097897695477438
2001-04-20,14.03,14.25,13.54,13.87,266530.0,7142330.0,31451200.0,0.0084743984331281
2001-04-23,13.85,13.85,13.49,13.67,318500.0,8405653.0,31451200.0,0.0101267996133692
2001-04-24,13.44,13.85,13.39,13.73,161300.0,4275000.0,31451200.0,0.005128580149565
2001-04-25,13.54,13.87,13.49,13.55,112689.0,2986909.0,31451200.0,0.0035829793457801
2001-04-26,13.79,13.79,13.07,13.11,456400.0,11668288.0,31451200.0,0.0145113699954214
2001-04-27,13.11,13.13,12.77,13.0,215200.0,5414241.0,31451200.0,0.0068423462379813
2001-04-30,12.88,13.25,12.87,12.94,250900.0,6314000.0,31451200.0,0.0079774380627766
2001-05-08,12.66,13.46,12.66,13.41,737373.0,18372741.0,31451200.0,0.0234449877906089
2001-05-09,12.88,13.32,12.66,13.0,474662.0,11851218.0,31451200.0,0.0150920155669735
2001-05-10,12.86,13.54,12.86,13.54,347500.0,8999000.0,31451200.0,0.0110488630004578
2001-05-11,13.54,13.84,13.23,13.73,102900.0,2712776.0,31451200.0,0.0032717352597039
2001-05-14,13.73,13.84,13.64,13.74,113300.0,3028037.0,31451200.0,0.0036024062674874
2001-05-15,13.79,13.81,13.39,13.51,24800.0,654882.0,31451200.0,0.0007885231724067
2001-05-16,13.4,13.64,13.39,13.53,59601.0,1566162.0,31451200.0,0.0018950310322022
2001-05-17,13.54,13.58,13.36,13.44,328765.0,8583273.0,31451200.0,0.0104531782571094
2001-05-18,13.43,13.85,13.43,13.82,168950.0,4504767.0,31451200.0,0.0053718141120211
2001-05-21,13.82,14.36,13.8,13.88,357451.0,9784562.0,31451200.0,0.011365257923386
2001-05-22,14.25,14.26,13.8,13.88,262400.0,7141653.0,31451200.0,0.008343083888691
2001-05-23,13.9,14.12,13.38,14.04,295599.0,7888198.0,31451200.0,0.0093986556951722
2001-05-24,14.03,14.1,13.74,13.95,267126.0,7269406.0,31451200.0,0.0084933484254972
2001-05-25,13.91,14.06,13.55,13.59,79881.0,1530643.0,31451200.0,0.00253983949738
2001-05-28,13.51,13.76,13.19,13.2,78900.0,1468017.0,44057639.0,0.0017908358639009
2001-05-29,13.03,13.41,13.03,13.28,106420.0,1927954.0,44057639.0,0.0024154721500169
2001-05-30,13.26,13.99,13.12,13.7,451478.0,8417019.0,44057639.0,0.0102474397232225
2001-05-31,13.77,13.77,13.42,13.53,107140.0,2002525.0,44057639.0,0.0024318143784327
2001-06-01,13.53,13.68,13.48,13.63,303595.0,5684990.0,44057639.0,0.0068908594943092
2001-06-04,13.63,13.77,13.37,13.41,1190204.0,22291544.0,44057639.0,0.0270147022630967
2001-06-05,13.55,13.59,13.22,13.51,232960.0,4337310.0,44057639.0,0.0052876187940983
2001-06-06,13.62,13.62,13.34,13.38,191260.0,3538315.0,44057639.0,0.0043411313983484
2001-06-07,13.48,13.48,13.04,13.2,146950.0,2693703.0,44057639.0,0.0033354034245911
2001-06-08,13.12,13.15,12.69,12.79,349557.0,6194280.0,44057639.0,0.007934083803265
2001-06-11,12.83,12.83,12.25,12.36,314482.0,5415837.0,44057639.0,0.0071379676064802
2001-06-12,12.38,12.81,12.32,12.81,671750.0,11707316.0,44057639.0,0.0152470721365709
2001-06-13,12.83,13.36,12.83,13.01,255400.0,4616617.0,44057639.0,0.0057969515797249
2001-06-14,12.96,13.01,12.75,12.9,478297.0,8452156.0,44057639.0,0.0108561650341726
2001-06-15,12.9,12.91,12.7,12.76,48017.0,847777.0,44057639.0,0.0010898677525593
2001-06-18,13.25,13.25,12.56,12.61,120680.0,2137491.0,44057639.0,0.0027391390628081
2001-06-19,12.59,12.96,12.55,12.61,107021.0,1868389.0,44057639.0,0.0024291133712362
2001-06-20,12.52,12.68,12.52,12.67,73814.0,1277639.0,44057639.0,0.0016753961781746
2001-06-21,12.68,13.06,12.54,12.98,158659.0,2832193.0,44057639.0,0.0036011689142035
2001-06-22,13.02,13.04,12.87,12.87,149843.0,2673409.0,44057639.0,0.0034010674062675
2001-06-25,12.97,13.69,12.97,13.62,475744.0,8780369.0,44057639.0,0.0107982182159148
2001-06-26,13.91,13.97,13.55,13.8,449544.0,8490086.0,44057639.0,0.0102035426818945
2001-06-27,13.77,13.91,13.68,13.7,249580.0,4736770.0,44057639.0,0.0056648519000303
2001-06-28,13.7,13.77,13.67,13.71,348949.0,6606834.0,44057639.0,0.0079202836992694
2001-06-29,13.77,13.88,13.71,13.81,352120.0,6713250.0,44057639.0,0.0079922575969175
2001-07-02,13.85,14.22,13.85,14.2,597852.0,11625377.0,44057639.0,0.013569769365081
2001-07-03,14.2,14.28,13.88,14.18,384684.0,7510416.0,44057639.0,0.0087313802721021
2001-07-04,14.04,14.17,13.99,14.06,120516.0,2338791.0,44057639.0,0.0027354166663356
2001-07-05,13.99,14.17,13.77,13.97,259690.0,5025095.0,44057639.0,0.0058943240240358
2001-07-06,14.04,14.41,14.04,14.25,416767.0,8190038.0,44057639.0,0.0094595854308034
2001-07-09,14.25,14.35,13.78,14.09,394252.0,7686907.0,44057639.0,0.0089485503297169
2001-07-10,14.09,14.12,13.96,13.99,263069.0,5084003.0,44057639.0,0.0059710190098929
2001-07-11,13.99,14.04,13.77,13.77,281926.0,5404044.0,44057639.0,0.0063990265116113
2001-07-12,13.75,13.75,13.2,13.39,484364.0,9041900.0,44057639.0,0.0109938710061154
2001-07-13,13.39,13.41,13.12,13.19,309820.0,5642727.0,44057639.0,0.0070321516774877
2001-07-16,13.26,13.47,13.17,13.28,245540.0,4517654.0,44057639.0,0.0055731538405859
2001-07-17,13.41,13.44,13.2,13.21,187320.0,3433654.0,44057639.0,0.0042517030928507
2001-07-18,13.17,13.22,12.97,12.97,131640.0,2368834.0,44057639.0,0.0029879040953601
2001-07-19,12.9,13.36,12.79,12.9,236621.0,4226588.0,44057639.0,0.0053707144860849
2001-07-20,13.06,13.06,12.87,12.91,201635.0,3594937.0,44057639.0,0.0045766183703125
2001-07-23,12.87,13.04,12.81,12.88,104580.0,1861563.0,44057639.0,0.0023737086773987
2001-07-24,12.69,12.9,12.68,12.75,132017.0,2317819.0,44057639.0,0.002996461067739
2001-07-25,12.76,13.14,12.72,12.77,158560.0,2792358.0,44057639.0,0.0035989218577963
2001-07-26,12.75,12.93,12.68,12.7,121900.0,2146665.0,44057639.0,0.0027668300609571
2001-07-27,13.03,13.03,12.46,12.48,166880.0,2904628.0,44057639.0,0.0037877653861569
2001-07-30,12.54,12.54,12.09,12.09,95140.0,1600022.0,44057639.0,0.0021594439048356
2001-07-31,11.59,11.94,11.09,11.71,112200.0,1765007.0,44057639.0,0.0025466639281328
2001-08-01,11.71,11.74,11.25,11.71,82404.0,1326722.0,44057639.0,0.0018703680421912
2001-08-02,11.73,11.73,11.24,11.45,91660.0,1440466.0,44057639.0,0.0020804564674925
2001-08-03,11.45,11.67,11.3,11.58,58880.0,927941.0,44057639.0,0.001336431123783
2001-08-06,11.34,11.59,10.8,11.15,266654.0,4079812.0,44057639.0,0.00605238968888
2001-08-07,10.89,11.14,10.43,11.01,323571.0,4875994.0,44057639.0,0.0073442655426905
2001-08-08,11.01,11.02,10.78,10.84,87520.0,1318134.0,44057639.0,0.0019864886541015
2001-08-09,11.18,11.41,10.76,11.38,154630.0,2380876.0,44057639.0,0.0035097205276932
2001-08-10,11.41,11.72,11.41,11.7,157960.0,2534334.0,44057639.0,0.0035853033341164
2001-08-13,11.74,11.99,11.46,11.81,96160.0,1572869.0,44057639.0,0.0021825953950914
2001-08-14,11.88,12.08,11.59,11.72,93020.0,1499331.0,44057639.0,0.0021113251211668
2001-08-15,11.81,11.81,11.46,11.72,90580.0,1448459.0,44057639.0,0.0020559431248687
2001-08-16,11.46,11.81,11.46,11.67,76060.0,1214720.0,44057639.0,0.0017263748518162
2001-08-17,11.59,11.82,11.47,11.69,89330.0,1435718.0,44057639.0,0.0020275712005357
2001-08-20,11.19,11.8,11.19,11.67,51500.0,826827.0,44057639.0,0.0011689232825208
2001-08-21,11.67,11.67,11.46,11.56,73800.0,1179089.0,44057639.0,0.0016750784126221
2001-08-22,11.54,11.59,11.51,11.51,24640.0,392001.0,44057639.0,0.0005592673724527
2001-08-23,11.46,12.42,11.44,12.07,1106580.0,18356477.0,44057639.0,0.0251166432227564
2001-08-24,12.09,12.83,12.09,12.38,345890.0,5960891.0,44057639.0,0.0078508519260417
2001-08-27,12.32,12.32,11.96,12.07,99300.0,1655737.0,44057639.0,0.0022538656690159
2001-08-28,12.07,12.32,11.96,12.26,73440.0,1234017.0,44057639.0,0.0016669072984142
2001-08-29,12.25,12.29,12.1,12.22,261220.0,4413041.0,44057639.0,0.0059290512594195
2001-08-30,11.74,12.17,11.74,11.93,60300.0,998373.0,44057639.0,0.0013686616298254
2001-08-31,11.93,12.07,11.81,12.07,23262.0,382387.0,44057639.0,0.0005279901630679
2001-09-03,12.25,12.25,11.88,11.88,20215.0,334115.0,44057639.0,0.0004588307603137
2001-09-04,12.23,12.36,11.88,12.25,304920.0,5141470.0,44057639.0,0.0069209337341022
2001-09-05,12.03,12.25,12.03,12.14,90465.0,1513081.0,44057639.0,0.0020533329078301
2001-09-06,12.04,12.17,11.62,11.95,56885.0,941575.0,44057639.0,0.0012911495325475
2001-09-07,11.81,11.94,11.75,11.78,25000.0,408167.0,44057639.0,0.0005674384866606
2001-09-10,11.74,12.03,11.59,11.73,35740.0,578128.0,44057639.0,0.00081121006053
2001-09-11,11.74,11.74,11.59,11.6,44990.0,722007.0,44057639.0,0.0010211623005944
2001-09-12,11.44,11.56,11.3,11.34,35800.0,562597.0,44057639.0,0.000812571912898
2001-09-13,10.87,11.52,10.87,11.23,43401.0,676081.0,44057639.0,0.0009850959103823
2001-09-14,11.01,11.3,11.01,11.16,52766.0,808624.0,44057639.0,0.0011976583674853
2001-09-17,10.94,11.22,10.93,11.01,12200.0,185714.0,44057639.0,0.0002769099814903
2001-09-18,10.24,11.2,10.24,10.79,82959.0,1250666.0,44057639.0,0.0018829651765951
2001-09-19,10.88,10.99,10.76,10.89,62964.0,941580.0,44057639.0,0.0014291278749639
2001-09-20,11.19,11.19,10.8,10.89,71800.0,1075814.0,44057639.0,0.0016296833336893
2001-09-21,10.8,10.88,10.51,10.8,53065.0,783120.0,44057639.0,0.0012044449317858
2001-09-24,10.58,10.8,10.4,10.57,690620.0,10122472.0,44057639.0,0.0156753747063023
2001-09-25,10.25,10.67,10.13,10.47,593220.0,8530144.0,44057639.0,0.0134646343622725
2001-09-26,10.48,10.48,10.14,10.22,35900.0,508785.0,44057639.0,0.0008148416668446
2001-09-27,10.22,10.29,9.96,10.16,88000.0,1227967.0,44057639.0,0.0019973834730453
2001-09-28,10.25,10.25,9.8,10.14,48914.0,678986.0,44057639.0,0.0011102274454607
2001-10-08,10.13,10.28,9.93,10.22,33679.0,468451.0,44057639.0,0.0007644304316897
2001-10-09,10.25,10.64,10.25,10.57,25539.0,369100.0,44057639.0,0.000579672460433
2001-10-10,10.49,10.57,10.27,10.27,78816.0,1127973.0,44057639.0,0.0017889292705857
2001-10-11,9.9,10.29,9.81,10.11,145400.0,2004362.0,44057639.0,0.0033002222384181
2001-10-12,10.13,10.4,9.93,10.39,162413.0,2285600.0,44057639.0,0.0036863754773604
2001-10-15,10.33,10.41,10.0,10.2,146300.0,2075408.0,44057639.0,0.0033206500239379
2001-10-16,9.96,10.18,9.53,9.64,1273900.0,17449836.0,44057639.0,0.0289143955262786
2001-10-17,9.61,9.71,8.77,9.41,721577.0,9349103.0,44057639.0,0.0163780224355644
2001-10-18,8.69,9.4,8.69,8.96,813787.0,10332945.0,44057639.0,0.0184709625497635
2001-10-19,8.71,9.12,8.26,8.62,374500.0,4552196.0,44057639.0,0.0085002285301761
2001-10-22,8.62,8.62,7.97,8.02,316980.0,3649605.0,44057639.0,0.0071946660600673
2001-10-23,8.7,8.83,8.23,8.83,2748312.0,33111045.0,44057639.0,0.0623799200860491
2001-10-24,9.06,9.12,8.61,8.8,578946.0,7026383.0,44057639.0,0.0131406496839288
2001-10-25,8.73,8.8,8.48,8.54,373157.0,4408640.0,44057639.0,0.0084697457346727
2001-10-26,8.54,8.9,8.46,8.8,249229.0,2976712.0,44057639.0,0.0056568850636776
2001-10-29,8.8,8.93,8.7,8.84,53299.0,650119.0,44057639.0,0.0012097561560209
2001-10-30,8.84,9.19,8.8,8.99,255740.0,3175054.0,44057639.0,0.0058046687431434
2001-10-31,8.84,9.19,8.84,9.12,120070.0,1501082.0,44057639.0,0.0027252935637336
2001-11-01,9.13,9.23,9.13,9.2,114740.0,1451233.0,44057639.0,0.0026043156783775
2001-11-02,9.2,9.32,9.1,9.24,118800.0,1505949.0,44057639.0,0.0026964676886112
2001-11-05,9.35,9.35,9.13,9.2,40479.0,513153.0,44057639.0,0.0009187737000614
2001-11-06,9.17,9.17,9.02,9.02,108600.0,1364545.0,44057639.0,0.0024649527860537
2001-11-07,9.13,9.13,8.47,8.81,201579.0,2435470.0,44057639.0,0.0045753473081024
2001-11-08,8.7,8.8,8.6,8.78,97500.0,1170428.0,44057639.0,0.0022130100979764
2001-11-09,8.97,8.97,8.7,8.87,61500.0,744956.0,44057639.0,0.0013958986771851
2001-11-12,8.86,9.09,8.7,8.84,122800.0,1521874.0,44057639.0,0.0027872578464769
2001-11-13,8.77,8.93,8.7,8.91,21600.0,260083.0,44057639.0,0.0004902668524747
2001-11-14,8.95,8.95,8.78,8.9,11200.0,136650.0,44057639.0,0.0002542124420239
2001-11-15,8.91,8.91,8.77,8.91,2130.0,25925.0,44057639.0,4.834575906348499e-05
2001-11-16,9.17,9.63,8.55,8.66,330110.0,4014308.0,44057639.0,0.0074926847532615
2001-11-19,8.63,8.79,8.55,8.7,65120.0,772616.0,44057639.0,0.0014780637700535
2001-11-20,8.7,8.81,8.69,8.7,320900.0,3876251.0,44057639.0,0.0072836404147757
2001-11-21,8.81,8.84,8.55,8.77,169545.0,2031080.0,44057639.0,0.003848254328835
2001-11-22,8.8,9.11,8.7,8.99,670050.0,8257745.0,44057639.0,0.0152084863194779
2001-11-23,9.2,9.71,9.08,9.63,1633579.0,21441253.0,44057639.0,0.0370782238240228
2001-11-26,9.62,9.67,9.49,9.59,535885.0,7080225.0,44057639.0,0.012163270936965
2001-11-27,9.64,9.66,9.54,9.65,281448.0,3723833.0,44057639.0,0.0063881770877463
2001-11-28,9.72,9.77,9.55,9.64,448229.0,5968549.0,44057639.0,0.0101736954174961
2001-11-29,9.64,9.64,9.45,9.46,305360.0,4017667.0,44057639.0,0.0069309206514675
2001-11-30,9.42,9.67,9.33,9.49,2573672.0,33391256.0,44057639.0,0.0584160217936326
2001-12-03,9.42,9.54,9.38,9.51,696074.0,9099099.0,44057639.0,0.0157991670865522
2001-12-04,9.51,9.51,9.37,9.48,594400.0,7735072.0,44057639.0,0.0134914174588429
2001-12-05,9.46,9.46,9.13,9.17,385444.0,4934352.0,44057639.0,0.0087486304020966
2001-12-06,9.17,9.3,9.13,9.3,347021.0,4397020.0,44057639.0,0.0078765228431782
2001-12-07,9.28,9.3,9.15,9.22,207880.0,2636822.0,44057639.0,0.0047183645042804
2001-12-10,9.24,9.25,8.88,8.93,339830.0,4205625.0,44057639.0,0.0077133048368751
2001-12-11,8.95,8.95,8.53,8.62,797018.0,9533461.0,44057639.0,0.018090347510451
2001-12-12,8.7,8.77,8.46,8.54,540498.0,6422843.0,44057639.0,0.0122679746865237
2001-12-13,8.46,8.51,8.01,8.34,887203.0,10067650.0,44057639.0,0.0201373251072305
2001-12-14,8.37,8.37,7.94,8.04,876054.0,9723292.0,44057639.0,0.0198842702397193
2001-12-17,7.97,8.21,7.86,8.12,596668.0,6685093.0,44057639.0,0.0135428954783528
2001-12-18,8.12,8.2,8.01,8.18,484398.0,5433163.0,44057639.0,0.0109946427224572
2001-12-19,8.2,8.21,8.05,8.05,168200.0,1890583.0,44057639.0,0.0038177261382526
2001-12-20,8.05,8.06,7.43,7.53,270777.0,2894381.0,44057639.0,0.0061459716441001
2001-12-21,7.4,7.61,7.1,7.34,248720.0,2528857.0,44057639.0,0.0056453320160891
2001-12-24,7.35,7.38,6.94,6.96,332172.0,3230217.0,44057639.0,0.0075394870796412
2001-12-25,6.96,6.98,6.72,6.95,342941.0,3244823.0,44057639.0,0.0077839168821552
2001-12-26,6.95,7.14,6.88,7.1,270768.0,2641797.0,44057639.0,0.0061457673662449
2001-12-27,7.1,7.1,6.77,6.83,350336.0,3358165.0,44057639.0,0.0079517651865094
2001-12-28,6.8,6.9,6.74,6.84,598260.0,5619796.0,44057639.0,0.0135790299611833
2001-12-31,6.93,7.09,6.78,7.04,481222.0,4601792.0,44057639.0,0.0109225553371119
2002-01-04,6.99,6.99,6.72,6.8,214110.0,2020615.0,44057639.0,0.0048597701751562
2002-01-07,6.81,6.81,6.52,6.59,167423.0,1533403.0,44057639.0,0.0038000901500872
2002-01-08,6.63,6.71,6.45,6.47,117100.0,1058870.0,44057639.0,0.0026578818715183
2002-01-09,6.52,6.52,6.12,6.3,422600.0,3654800.0,44057639.0,0.0095919801785111
2002-01-10,6.3,6.45,6.05,6.36,314679.0,2692440.0,44057639.0,0.0071424390217551
2002-01-11,6.3,6.3,5.72,5.86,558900.0,4586161.0,44057639.0,0.0126856548077848
2002-01-14,5.72,5.91,5.51,5.72,443552.0,3485390.0,44057639.0,0.0100675390254116
2002-01-15,5.71,5.91,5.65,5.8,282380.0,2262678.0,44057639.0,0.006409331194529
2002-01-16,5.8,5.9,5.51,5.83,209413.0,1660443.0,44057639.0,0.0047531598322824
2002-01-17,5.8,5.86,5.57,5.59,218230.0,1722216.0,44057639.0,0.0049532840377579
2002-01-18,5.51,5.65,5.22,5.36,171599.0,1286551.0,44057639.0,0.003894875074899
2002-01-22,4.87,5.23,4.83,4.83,369951.0,2506451.0,44057639.0,0.0083969774231433
2002-01-23,4.75,5.07,4.34,5.07,1085372.0,6971110.0,44057639.0,0.0246352738057525
2002-01-24,4.78,5.43,4.67,5.08,710569.0,5028233.0,44057639.0,0.016128167921118
2002-01-25,5.08,5.28,4.93,5.22,358606.0,2542561.0,44057639.0,0.0081394738378967
2002-01-28,5.22,5.22,4.7,4.7,895788.0,5984024.0,44057639.0,0.0203321834835498
2002-01-29,4.71,4.93,4.71,4.93,1149370.0,7728389.0,44057639.0,0.0260878709365247
2002-01-30,4.93,5.28,4.82,5.25,1630873.0,11499549.0,44057639.0,0.0370168042822267
2002-01-31,5.25,5.7,5.25,5.63,1483092.0,11240334.0,44057639.0,0.033662539202339
2002-02-01,5.58,5.77,5.49,5.72,1290435.0,9971940.0,44057639.0,0.0292896993413559
2002-02-04,5.78,6.02,5.59,5.9,930224.0,7530490.0,44057639.0,0.0211137959526156
2002-02-05,5.91,5.98,5.71,5.83,1170971.0,9428398.0,44057639.0,0.026578160486539
2002-02-06,5.83,5.86,5.48,5.52,996572.0,7775638.0,44057639.0,0.0226197323011339
2002-02-07,5.51,5.86,5.46,5.76,584733.0,4611769.0,44057639.0,0.013272000344821
2002-02-08,5.86,5.89,5.71,5.72,567398.0,4556430.0,44057639.0,0.0128785384981705
2002-02-25,5.85,5.96,5.78,5.86,577697.0,4653216.0,44057639.0,0.0131123004571352
2002-02-26,5.88,6.22,5.82,6.21,1232348.0,10291270.0,44057639.0,0.0279712673663697
2002-02-27,6.21,6.25,6.1,6.19,781721.0,6674455.0,44057639.0,0.0177431432492331
2002-02-28,6.14,6.2,5.95,6.01,489305.0,4092926.0,44057639.0,0.011106019548619
2002-03-01,5.96,6.01,5.72,5.75,537595.0,4339638.0,44057639.0,0.0122020837294526
2002-03-04,5.66,6.0,5.66,5.99,416382.0,3361789.0,44057639.0,0.0094508468781089
2002-03-05,6.0,6.35,6.0,6.28,1027406.0,8815170.0,44057639.0,0.0233195882330417
2002-03-06,6.28,6.5,6.23,6.28,1425846.0,12571806.0,44057639.0,0.032363195858044
2002-03-07,6.24,6.8,6.24,6.78,2118393.0,19447081.0,44057639.0,0.0480823087228982
2002-03-08,6.83,7.37,6.64,7.36,2022499.0,19242829.0,44057639.0,0.0459057508733048
2002-03-11,7.39,7.88,7.17,7.79,2197523.0,22673893.0,44057639.0,0.0498783650208764
2002-03-12,7.78,7.91,7.38,7.39,1769660.0,18680820.0,44057639.0,0.0401669276921534
2002-03-13,7.27,7.42,6.92,6.94,1519378.0,15050409.0,44057639.0,0.0344861421194177
2002-03-14,6.88,7.46,6.88,7.45,1101018.0,10987877.0,44057639.0,0.0249903995082441
2002-03-15,7.5,7.6,7.03,7.08,1139499.0,11526056.0,44057639.0,0.0258638235244516
2002-03-18,7.18,7.43,7.04,7.25,754139.0,7495533.0,44057639.0,0.0171170997156701
2002-03-19,7.25,7.57,7.17,7.5,1211390.0,12439727.0,44057639.0,0.0274955723342324
2002-03-20,7.5,7.72,7.43,7.67,1678625.0,17529015.0,44057639.0,0.0381006571868274
2002-03-21,7.9,7.96,7.62,7.91,1921417.0,20668295.0,44057639.0,0.0436114381889597
2002-03-22,8.03,8.18,7.83,7.88,2530198.0,27925678.0,44057639.0,0.0574292689628693
2002-03-25,7.87,7.87,7.61,7.72,926138.0,9808432.0,44057639.0,0.0210210538063558
2002-03-26,7.68,7.72,7.4,7.46,797340.0,8252421.0,44057639.0,0.0180976561181592
2002-03-27,7.38,7.5,7.33,7.49,605675.0,6199034.0,44057639.0,0.0137473322163268
2002-03-28,7.49,7.51,7.33,7.38,606318.0,6215846.0,44057639.0,0.0137619267342038
2002-03-29,7.36,7.43,6.81,6.96,915027.0,8967932.0,44057639.0,0.0207688614453443
2002-04-01,6.96,7.16,6.81,7.03,612156.0,5864755.0,44057639.0,0.0138944349696087
2002-04-02,7.03,7.03,6.69,6.74,677107.0,6390728.0,44057639.0,0.0153686628554925
2002-04-03,6.72,6.88,6.66,6.72,615113.0,5731951.0,44057639.0,0.013961551593811
2002-04-04,6.74,6.94,6.59,6.92,1619431.0,15262512.0,44057639.0,0.0367570990356519
2002-04-05,6.99,7.16,6.96,7.09,1760948.0,17160230.0,44057639.0,0.0399691867283219
2002-04-08,7.03,7.09,6.93,6.97,967730.0,9330141.0,44057639.0,0.0219650898678433
2002-04-09,6.97,7.38,6.97,7.37,1376547.0,13824369.0,44057639.0,0.0312442298598887
2002-04-10,7.45,7.52,7.37,7.45,911709.0,9357164.0,44057639.0,0.0206935510093947
2002-04-11,7.48,7.48,7.17,7.19,813600.0,8181391.0,44057639.0,0.0184667181098832
2002-04-12,7.17,7.33,7.11,7.3,465331.0,4660464.0,44057639.0,0.0105618687374509
2002-04-15,7.32,7.32,7.17,7.27,350164.0,3482209.0,44057639.0,0.0079478612097212
2002-04-16,7.28,7.3,7.1,7.14,601093.0,5970390.0,44057639.0,0.0136433320904917
2002-04-17,7.16,7.24,6.96,7.03,542350.0,5257051.0,44057639.0,0.0123100105296155
2002-04-18,6.99,7.03,6.81,6.83,600904.0,5726747.0,44057639.0,0.0136390422555325
2002-04-19,6.81,7.05,6.73,7.02,716152.0,6797405.0,44057639.0,0.0162548882839591
2002-04-22,7.05,7.1,6.88,7.05,454755.0,4393256.0,44057639.0,0.010321819560054
2002-04-23,7.05,7.1,6.99,7.0,338600.0,3293970.0,44057639.0,0.0076853868633314
2002-04-24,7.03,7.03,6.79,6.84,468210.0,4433790.0,44057639.0,0.0106272149535747
2002-04-25,6.82,6.95,6.79,6.87,177950.0,1681061.0,44057639.0,0.0040390271480503
2002-04-26,6.88,7.16,6.88,7.1,657247.0,6406588.0,44057639.0,0.0149178897216893
2002-04-29,7.1,7.45,7.1,7.42,1345565.0,13640750.0,44057639.0,0.0305410146921399
2002-04-30,7.49,7.5,7.27,7.33,1251642.0,12664952.0,44057639.0,0.0284091936928349
2002-05-08,7.32,7.36,7.25,7.35,419610.0,4232108.0,44057639.0,0.0095241145355065
2002-05-09,7.32,7.49,7.28,7.38,721740.0,7397071.0,44057639.0,0.0163817221344974
2002-05-10,7.38,7.54,7.31,7.52,1249650.0,12843129.0,44057639.0,0.0283639801942178
2002-05-13,7.63,7.88,7.52,7.54,3848584.0,40897446.0,44057639.0,0.0873533872298513
2002-05-14,7.46,7.58,7.36,7.41,1310859.0,13459285.0,44057639.0,0.0297532738874182
2002-05-15,7.38,7.6,7.36,7.47,1160551.0,12001068.0,44057639.0,0.0263416521252988
2002-05-16,7.45,7.49,6.98,7.01,1249780.0,12481153.0,44057639.0,0.0283669308743484
2002-05-17,6.99,7.17,6.81,7.05,987226.0,9526591.0,44057639.0,0.0224076010972807
2002-05-20,7.1,7.14,6.78,6.99,604442.0,5744287.0,44057639.0,0.0137193461501647
2002-05-21,7.16,7.51,7.1,7.36,1743410.0,17631584.0,44057639.0,0.0395711172811598
2002-05-22,7.43,7.68,7.33,7.54,3656912.0,38149047.0,44057639.0,0.0830029044452427
2002-05-23,7.56,7.74,7.46,7.51,2226810.0,23325688.0,44057639.0,0.0505431078592295
2002-05-24,7.61,7.61,7.2,7.22,1598942.0,16114141.0,44057639.0,0.0362920491495243
2002-05-27,7.36,7.67,7.33,7.65,2113801.0,21990227.0,44057639.0,0.0479780816216683
2002-05-28,7.67,7.75,7.54,7.67,1932156.0,20428706.0,44057639.0,0.0438551870652896
2002-05-29,7.7,7.72,7.38,7.56,1650529.0,17041479.0,44057639.0,0.0374629471179787
2002-05-30,7.58,7.88,7.36,7.87,3687261.0,39188947.0,44057639.0,0.0836917520705092
2002-05-31,7.83,7.99,7.69,7.71,3820768.0,41307580.0,44057639.0,0.0867220324720532
2002-06-03,7.61,7.64,7.32,7.41,1888503.0,19439142.0,44057639.0,0.0428643713749617
2002-06-04,7.43,7.53,7.26,7.45,1144165.0,11692437.0,44057639.0,0.025969730243602
2002-06-05,7.39,7.43,6.88,6.93,1758543.0,17197225.0,44057639.0,0.0399145991459052
2002-06-06,6.88,7.46,6.67,7.35,2539843.0,24819470.0,44057639.0,0.0576481867310229
2002-06-07,7.39,7.68,7.17,7.54,2680032.0,27753461.0,44057639.0,0.0608301320912816
2002-06-10,7.58,7.71,7.47,7.57,1596827.0,16734642.0,44057639.0,0.0362440438535528
2002-06-11,7.54,7.93,7.5,7.88,3894323.0,41907005.0,44057639.0,0.0883915499875061
2002-06-12,7.9,7.93,7.67,7.86,2824274.0,30368335.0,44057639.0,0.0641040705789976
2002-06-13,7.86,7.9,7.57,7.59,1658678.0,17724732.0,44057639.0,0.0376479093670906
2002-06-14,7.54,7.64,7.34,7.36,1329313.0,13728865.0,44057639.0,0.0301721342807316
2002-06-17,7.32,7.57,7.19,7.55,903463.0,9203266.0,44057639.0,0.0205063870989546
2002-06-18,7.57,7.81,7.52,7.75,1814143.0,19350595.0,44057639.0,0.0411765823402384
2002-06-19,7.74,7.74,7.46,7.47,949223.0,9948721.0,44057639.0,0.0215450265049382
2002-06-20,7.47,7.7,7.41,7.54,838110.0,8745824.0,44057639.0,0.0190230348022053
2002-06-21,7.58,7.97,7.54,7.87,3468208.0,37575926.0,44057639.0,0.0787197879577705
2002-06-24,8.66,8.66,8.19,8.66,5823819.0,68756136.0,44057639.0,0.132186361597815
2002-06-25,8.84,9.28,8.55,8.67,6428422.0,79142441.0,44057639.0,0.1459093620518339
2002-06-26,8.64,9.19,8.41,9.11,4159072.0,51364995.0,44057639.0,0.0944007008637026
2002-06-27,9.11,9.24,8.85,9.05,1896810.0,23604361.0,44057639.0,0.0430529198353093
2002-06-28,9.05,9.06,8.62,8.79,2131700.0,25961619.0,44057639.0,0.0483843448805779
2002-07-02,8.64,8.83,8.55,8.8,1187764.0,14169846.0,44057639.0,0.0269593202667986
2002-07-03,8.81,8.93,8.71,8.76,807583.0,9821910.0,44057639.0,0.0183301470149138
2002-07-04,8.61,8.61,8.2,8.23,2944205.0,33930040.0,44057639.0,0.0668262091847454
2002-07-05,8.22,8.29,8.13,8.21,867550.0,9809810.0,44057639.0,0.0196912503640969
2002-07-08,8.22,8.46,8.22,8.35,1051793.0,12147981.0,44057639.0,0.0238731131280094
2002-07-09,8.33,8.38,8.22,8.25,848500.0,9686556.0,44057639.0,0.0192588622372615
2002-07-10,8.24,8.37,8.13,8.36,946920.0,10798305.0,44057639.0,0.021492754071547
2002-07-11,8.33,8.43,8.25,8.3,532352.0,6129702.0,44057639.0,0.0120830805300302
2002-07-12,8.33,8.36,8.13,8.17,581040.0,6578640.0,44057639.0,0.0131881783315715
2002-07-15,8.19,8.24,7.93,7.96,887527.0,9815296.0,44057639.0,0.0201446791100176
2002-07-16,7.96,8.09,7.96,7.97,453480.0,5009030.0,44057639.0,0.0102928801972343
2002-07-17,8.0,8.09,7.76,8.07,608036.0,6606815.0,44057639.0,0.0138009211070071
2002-07-18,8.07,8.12,7.9,7.99,460016.0,5087103.0,44057639.0,0.0104412313151869
2002-07-19,7.97,8.12,7.97,8.06,335026.0,3724190.0,44057639.0,0.0076042658572784
2002-07-22,8.1,8.1,7.8,7.83,501578.0,5465502.0,44057639.0,0.0113845864504904
2002-07-23,7.8,7.9,7.72,7.74,351400.0,3782578.0,44057639.0,0.0079759153685017
2002-07-24,7.75,7.8,7.54,7.59,570939.0,6005350.0,44057639.0,0.0129589104854211
2002-07-25,7.59,7.71,7.48,7.61,472502.0,4938281.0,44057639.0,0.0107246327929646
2002-07-26,7.59,7.65,7.54,7.55,238200.0,2498800.0,44057639.0,0.0054065539009024
2002-07-29,7.41,7.52,7.33,7.51,386807.0,3961203.0,44057639.0,0.0087795671483894
2002-07-30,7.51,7.68,7.47,7.62,272987.0,2852356.0,44057639.0,0.0061961332063209
2002-07-31,7.63,7.63,7.47,7.51,212470.0,2211576.0,44057639.0,0.0048225462104312
2002-08-01,7.46,7.57,7.39,7.51,223657.0,2302466.0,44057639.0,0.0050764635844421
2002-08-02,7.43,7.56,7.36,7.54,630684.0,6464064.0,44057639.0,0.0143149749808427
2002-08-05,7.5,7.81,7.43,7.8,761758.0,8034455.0,44057639.0,0.0172900322688648
2002-08-06,7.74,7.83,7.72,7.74,815742.0,8741562.0,44057639.0,0.0185153362394203
2002-08-07,7.8,7.8,7.64,7.64,265963.0,2824532.0,44057639.0,0.0060367056891087
2002-08-08,7.65,7.71,7.56,7.58,181675.0,1912593.0,44057639.0,0.0041235754825627
2002-08-09,7.57,7.57,7.36,7.41,460867.0,4724768.0,44057639.0,0.0104605469212728
2002-08-12,7.41,7.46,7.38,7.46,191589.0,1961917.0,44057639.0,0.0043485988888328
2002-08-13,7.46,7.5,7.41,7.43,110150.0,1131639.0,44057639.0,0.0025001339722267
2002-08-14,7.41,7.53,7.41,7.53,139467.0,1438599.0,44057639.0,0.0031655577367638
2002-08-15,7.53,7.53,7.39,7.41,137313.0,1411184.0,44057639.0,0.0031166672367531
2002-08-16,7.41,7.54,7.35,7.49,240550.0,2465888.0,44057639.0,0.0054598931186485
2002-08-19,7.43,7.52,7.43,7.48,148513.0,1530091.0,44057639.0,0.0033708796787771
2002-08-20,7.49,7.71,7.49,7.65,735896.0,7764482.0,44057639.0,0.0167030285031842
2002-08-21,7.65,7.67,7.56,7.6,286028.0,2999723.0,44057639.0,0.0064921318185025
2002-08-22,7.61,7.75,7.57,7.68,575434.0,6096550.0,44057639.0,0.0130609359253227
2002-08-23,7.68,7.72,7.62,7.62,187467.0,1978524.0,44057639.0,0.0042550396311522
2002-08-26,7.62,7.65,7.41,7.45,415808.0,4307349.0,44057639.0,0.0094378184904551
2002-08-27,7.45,8.14,7.45,7.93,3384806.0,37165019.0,44057639.0,0.0768267677711917
2002-08-28,7.87,7.99,7.78,7.8,719210.0,7800227.0,44057639.0,0.0163242973596474
2002-08-29,7.83,7.83,7.61,7.64,515806.0,5491957.0,44057639.0,0.0117075270420187
2002-08-30,7.64,7.73,7.64,7.68,238031.0,2526887.0,44057639.0,0.0054027180167325
2002-09-02,7.62,7.79,7.62,7.77,211819.0,2255617.0,44057639.0,0.0048077701122386
2002-09-03,7.8,7.86,7.72,7.73,397320.0,4278728.0,44057639.0,0.0090181863807999
2002-09-04,7.73,7.74,7.67,7.67,211250.0,2243534.0,44057639.0,0.0047948552122822
2002-09-05,7.67,7.67,7.49,7.55,383620.0,4015350.0,44057639.0,0.0087072300901099
2002-09-06,7.54,7.64,7.49,7.53,221000.0,2300092.0,44057639.0,0.0050161562220798
2002-09-09,7.46,7.55,7.44,7.46,241309.0,2486061.0,44057639.0,0.0054771205511035
2002-09-10,7.41,7.49,7.4,7.46,170740.0,1753460.0,44057639.0,0.0038753778884973
2002-09-11,7.49,7.51,7.39,7.46,198040.0,2029476.0,44057639.0,0.0044950207159307
2002-09-12,7.46,7.6,7.43,7.55,161383.0,1677100.0,44057639.0,0.00366299701171
2002-09-13,7.55,7.55,7.5,7.5,95000.0,985960.0,44057639.0,0.0021562662493103
2002-09-16,7.5,7.5,7.38,7.39,186150.0,1902541.0,44057639.0,0.0042251469716749
2002-09-17,7.43,7.5,7.26,7.3,276200.0,2796983.0,44057639.0,0.0062690604006265
2002-09-18,7.41,7.41,7.27,7.32,132870.0,1341352.0,44057639.0,0.0030158220689038
2002-09-19,7.25,7.38,6.96,7.26,669279.0,6629819.0,44057639.0,0.0151909865165493
2002-09-20,7.28,7.32,7.12,7.14,195810.0,1947166.0,44057639.0,0.0044444052029206
2002-09-23,7.1,7.21,7.05,7.14,287660.0,2831756.0,44057639.0,0.0065291742029117
2002-09-24,7.18,7.29,7.17,7.22,898631.0,8983398.0,44057639.0,0.0203967125882528
2002-09-25,7.2,7.24,7.12,7.13,597433.0,5904873.0,44057639.0,0.0135602590960446
2002-09-26,7.11,7.25,7.11,7.14,407235.0,4028571.0,44057639.0,0.0092432324846095
2002-09-27,7.16,7.17,7.01,7.02,209000.0,2040052.0,44057639.0,0.0047437857484828
2002-10-08,6.98,7.0,6.81,6.86,152700.0,1454767.0,44060159.0,0.0034657160451917
2002-10-09,6.86,6.86,6.64,6.64,212000.0,1958053.0,44060159.0,0.0048116031537698
2002-10-10,6.67,6.72,6.54,6.57,173930.0,1592209.0,44060159.0,0.0039475572478074
2002-10-11,6.57,6.62,6.45,6.51,479669.0,4318557.0,44060159.0,0.0108866833639887
2002-10-14,6.49,6.74,6.47,6.74,418124.0,3808676.0,44060159.0,0.0094898431937115
2002-10-15,6.75,6.99,6.72,6.77,1306091.0,12367749.0,44060159.0,0.0296433564844829
2002-10-16,6.72,6.87,6.68,6.8,309700.0,2913349.0,44060159.0,0.0070290259279363
2002-10-17,6.8,6.86,6.54,6.57,222716.0,2052447.0,44060159.0,0.0050548160754481
2002-10-18,6.56,6.65,6.51,6.65,251683.0,2283791.0,44060159.0,0.0057122580969351
2002-10-21,6.66,6.67,6.57,6.64,120300.0,1096647.0,44060159.0,0.0027303578273514
2002-10-22,6.67,6.84,6.67,6.8,312128.0,2921038.0,44060159.0,0.0070841324017918
2002-10-23,6.75,6.85,6.74,6.85,162118.0,1521103.0,44060159.0,0.0036794692456738
2002-10-24,6.95,6.95,6.7,6.73,140110.0,1312955.0,44060159.0,0.0031799703673334
2002-10-25,6.67,6.72,6.51,6.51,459900.0,4173337.0,44060159.0,0.0104380013698997
2002-10-28,6.52,6.59,6.46,6.47,231250.0,2071993.0,44060159.0,0.0052485057986286
2002-10-29,6.45,6.46,6.23,6.43,571478.0,4990685.0,44060159.0,0.0129704025807078
2002-10-30,6.45,6.62,6.42,6.57,420685.0,3772516.0,44060159.0,0.0095479682676587
2002-10-31,6.59,6.67,6.51,6.64,431924.0,3939122.0,44060159.0,0.0098030513235324
2002-11-01,6.72,6.72,6.41,6.44,765839.0,6868839.0,44060159.0,0.0173816667343392
2002-11-04,6.49,6.6,6.38,6.59,335600.0,3023514.0,44060159.0,0.0076168585773828
2002-11-05,6.61,6.73,6.59,6.71,808591.0,7456369.0,44060159.0,0.0183519764420278
2002-11-06,6.72,6.72,6.63,6.66,298995.0,2748085.0,44060159.0,0.0067860626649123
2002-11-07,6.66,6.67,6.54,6.61,256775.0,2336460.0,44060159.0,0.0058278273575907
2002-11-08,6.67,6.74,6.34,6.38,392900.0,3530536.0,44060159.0,0.0089173532033781
2002-11-11,6.38,6.45,6.17,6.21,318630.0,2754245.0,44060159.0,0.0072317033626683
2002-11-12,6.2,6.23,5.88,5.92,348043.0,2893853.0,44060159.0,0.0078992679077712
2002-11-13,5.91,5.91,5.58,5.86,502085.0,3991079.0,44060159.0,0.011395442308776
2002-11-14,5.83,5.83,5.51,5.53,331705.0,2589445.0,44060159.0,0.0075284567175529
2002-11-15,5.78,5.78,5.53,5.62,418847.0,3273418.0,44060159.0,0.0095062525761652
2002-11-18,5.72,5.72,5.53,5.72,336811.0,2611724.0,44060159.0,0.0076443437255866
2002-11-19,5.79,6.21,5.76,5.99,1293213.0,10655347.0,44060159.0,0.0293510742891327
2002-11-20,5.87,5.87,5.58,5.64,603874.0,4711598.0,44060159.0,0.013705670013583
2002-11-21,5.65,5.65,5.25,5.35,490772.0,3730477.0,44060159.0,0.0111386797310468
2002-11-22,5.37,5.43,5.07,5.26,521501.0,3802407.0,44060159.0,0.0118361125296892
2002-11-25,5.25,5.33,5.13,5.29,266571.0,1932960.0,44060159.0,0.006050159737281
2002-11-26,5.28,5.34,5.08,5.11,296000.0,2122215.0,44060159.0,0.0067180874222446
2002-11-27,5.01,5.18,4.93,5.13,330972.0,2316260.0,44060159.0,0.0075118203726863
2002-11-28,5.12,5.38,5.07,5.33,439684.0,3169135.0,44060159.0,0.0099791741559534
2002-11-29,5.36,5.63,5.26,5.47,988528.0,7447793.0,44060159.0,0.0224358700112725
2002-12-02,5.43,5.46,5.19,5.2,323960.0,2367266.0,44060159.0,0.0073526743287512
2002-12-03,5.23,5.33,5.18,5.31,312528.0,2269595.0,44060159.0,0.0070932108983083
2002-12-04,5.35,5.43,5.28,5.32,313816.0,2320745.0,44060159.0,0.0071224436570916
2002-12-05,5.28,5.32,5.21,5.29,177791.0,1287937.0,44060159.0,0.0040351874354334
2002-12-06,5.29,5.33,5.18,5.2,251947.0,1829569.0,44060159.0,0.005718249904636
2002-12-09,5.2,5.3,5.17,5.22,91485.0,657901.0,44060159.0,0.0020763656345407
2002-12-10,5.18,5.25,5.09,5.11,189100.0,1346197.0,44060159.0,0.0042918592281975
2002-12-11,5.09,5.12,5.0,5.08,177200.0,1238133.0,44060159.0,0.0040217739568302
2002-12-12,5.11,5.23,5.11,5.14,169800.0,1210701.0,44060159.0,0.0038538217712741
2002-12-13,5.09,5.46,4.99,5.33,568371.0,4146404.0,44060159.0,0.0128998853590156
2002-12-16,5.34,5.54,5.28,5.43,897980.0,6769711.0,44060159.0,0.0203807707548218
2002-12-17,5.42,5.57,5.38,5.56,771854.0,5841991.0,44060159.0,0.0175181846257068
2002-12-18,5.55,5.62,5.43,5.43,671080.0,5119273.0,44060159.0,0.0152309936058106
2002-12-19,5.44,5.65,5.43,5.65,1021712.0,7874587.0,44060159.0,0.0231890220822852
2002-12-20,5.69,5.75,5.59,5.69,701826.0,5478464.0,44060159.0,0.015928812240555
2002-12-24,5.67,5.67,5.5,5.63,475135.0,3652310.0,44060159.0,0.0107837786059737
2002-12-25,5.64,5.64,5.51,5.58,575399.0,4424542.0,44060159.0,0.0130593945428113
2002-12-26,5.57,5.63,5.28,5.28,773526.0,5852328.0,44060159.0,0.017556132741146
2002-12-27,5.28,5.41,5.14,5.34,745365.0,5424357.0,44060159.0,0.0169169838901398
2002-12-30,5.35,5.59,5.29,5.43,1839265.0,13816739.0,44060159.0,0.0417444022387663
2002-12-31,5.4,5.44,5.17,5.18,701520.0,5127003.0,44060159.0,0.0159218671907198
2003-01-02,5.0,5.28,5.0,5.18,402811.0,2862293.0,44060159.0,0.0091422956508168
2003-01-03,5.14,5.25,5.11,5.23,303623.0,2170724.0,44060159.0,0.0068911008696087
2003-01-06,5.24,5.72,5.14,5.57,1175872.0,8873882.0,44060159.0,0.0266878746397624
2003-01-07,5.5,5.58,5.37,5.51,1029618.0,7791805.0,44060159.0,0.0233684585659348
2003-01-08,5.49,5.69,5.45,5.68,1205397.0,9328789.0,44060159.0,0.02735798116389
2003-01-09,5.62,5.84,5.54,5.8,1883542.0,14905471.0,44060159.0,0.0427493237144241
2003-01-10,5.8,5.81,5.62,5.63,1296497.0,10229430.0,44060159.0,0.0294256087455335
2003-01-13,5.58,5.79,5.57,5.77,821742.0,6431094.0,44060159.0,0.0186504547112505
2003-01-14,5.77,6.11,5.69,5.98,2053567.0,16780078.0,44060159.0,0.0466082521399888
2003-01-15,6.12,6.12,5.86,5.89,1301115.0,10677344.0,44060159.0,0.0295304199878171
2003-01-16,5.9,6.08,5.87,6.04,992643.0,8187190.0,44060159.0,0.0225292650441865
2003-01-17,6.04,6.04,5.92,5.96,728726.0,6005201.0,44060159.0,0.0165393411312927
2003-01-20,5.94,5.96,5.77,5.87,1230529.0,9914249.0,44060159.0,0.0279283831000246
2003-01-21,5.88,5.96,5.8,5.81,760266.0,6180585.0,44060159.0,0.0172551805816225
2003-01-22,5.78,5.95,5.72,5.9,719497.0,5796560.0,44060159.0,0.0163298775204147
2003-01-23,5.81,5.86,5.65,5.7,1096157.0,8692819.0,44060159.0,0.024878643765221
2003-01-24,5.7,5.8,5.67,5.78,519846.0,4106893.0,44060159.0,0.011798550250352
2003-01-27,5.78,6.05,5.72,6.03,1440280.0,11739268.0,44060159.0,0.0326889424071302
2003-01-28,6.09,6.19,6.04,6.07,2295000.0,19301120.0,44060159.0,0.0520878737636875
2003-01-29,6.05,6.05,5.95,5.96,920673.0,7613377.0,44060159.0,0.0208958165584468
2003-02-10,5.87,5.99,5.86,5.87,341654.0,2778527.0,44060159.0,0.0077542616221607
2003-02-11,5.83,5.94,5.83,5.94,427316.0,3480429.0,44060159.0,0.0096984670436618
2003-02-12,5.95,6.04,5.87,6.04,604013.0,4985693.0,44060159.0,0.0137088247911225
2003-02-13,6.05,6.08,5.94,5.97,490100.0,4069481.0,44060159.0,0.011123427856899
2003-02-14,5.97,6.04,5.93,6.03,450645.0,3729201.0,44060159.0,0.0102279476567481
2003-02-17,6.03,6.08,5.93,5.96,531800.0,4409547.0,44060159.0,0.012069861118749
2003-02-18,5.95,6.04,5.91,6.04,346346.0,2852191.0,44060159.0,0.0078607523862998
2003-02-19,6.05,6.07,5.95,6.04,389404.0,3230502.0,44060159.0,0.0088380071438235
2003-02-20,6.02,6.03,5.98,5.99,364742.0,3018776.0,44060159.0,0.0082782724410958
2003-02-21,5.99,5.99,5.87,5.9,993985.0,8104433.0,44060159.0,0.0225597233999995
2003-02-24,5.93,6.09,5.85,6.09,1057435.0,8777785.0,44060159.0,0.0239997999099367
2003-02-25,6.14,6.25,6.07,6.21,3441786.0,29243115.0,44060159.0,0.0781156055292492
2003-02-26,6.09,6.22,6.09,6.14,678712.0,5758927.0,44060159.0,0.0154042113193463
2003-02-27,6.14,6.2,6.08,6.11,481030.0,4058278.0,44060159.0,0.0109175729483863
2003-02-28,6.1,6.1,5.99,6.07,381463.0,3179026.0,44060159.0,0.0086577762917287
2003-03-03,6.03,6.06,5.96,6.03,424196.0,3509895.0,44060159.0,0.0096276547708327
2003-03-04,6.06,6.12,6.02,6.05,237100.0,1976629.0,44060159.0,0.0053812788101831
2003-03-05,6.05,6.05,5.93,5.96,436557.0,3585449.0,44060159.0,0.0099082030094353
2003-03-06,5.91,6.0,5.81,5.82,538200.0,4368634.0,44060159.0,0.0122151170630137
2003-03-07,5.82,5.86,5.76,5.77,444368.0,3556801.0,44060159.0,0.0100854833501622
2003-03-10,5.77,5.78,5.58,5.58,605817.0,4706844.0,44060159.0,0.0137497688104121
2003-03-11,5.58,5.64,5.52,5.62,259036.0,1992125.0,44060159.0,0.0058791435591505
2003-03-12,5.62,5.62,5.48,5.61,363299.0,2777957.0,44060159.0,0.0082455217649123
2003-03-13,5.61,5.61,5.51,5.51,260392.0,1996526.0,44060159.0,0.0059099196623416
2003-03-14,5.46,5.55,5.44,5.45,310599.0,2355116.0,44060159.0,0.0070494298488573
2003-03-18,5.39,5.7,5.36,5.45,860536.0,6582641.0,44060159.0,0.0195309326959078
2003-03-19,5.22,5.36,5.19,5.3,684080.0,4997726.0,44060159.0,0.0155260447425984
2003-03-20,5.28,5.41,5.19,5.31,510801.0,3738850.0,44060159.0,0.0115932627478716
2003-03-21,5.28,5.38,5.28,5.36,297306.0,2189723.0,44060159.0,0.0067477287133711
2003-03-24,5.41,5.41,5.29,5.31,262600.0,1929737.0,44060159.0,0.005960032963113
2003-03-25,5.31,5.36,5.28,5.32,245152.0,1798638.0,44060159.0,0.0055640289450612
2003-03-26,5.32,5.33,5.22,5.25,214017.0,1552922.0,44060159.0,0.0048573814724545
2003-03-27,5.24,5.38,5.2,5.36,444725.0,3248011.0,44060159.0,0.0100935859083032
2003-03-28,5.35,5.4,5.31,5.33,461472.0,3406470.0,44060159.0,0.0104736798612097
2003-03-31,5.34,5.48,5.33,5.42,626437.0,4684857.0,44060159.0,0.0142177653058401
2003-04-01,5.43,5.47,5.38,5.43,463604.0,3475906.0,44060159.0,0.0105220682476429
2003-04-02,5.45,5.45,5.38,5.43,286459.0,2139815.0,44060159.0,0.0065015425840837
2003-04-03,5.4,5.43,5.28,5.33,424089.0,3129678.0,44060159.0,0.0096252262730145
2003-04-04,5.33,5.34,5.26,5.28,377337.0,2751180.0,44060159.0,0.0085641316001605
2003-04-07,5.27,5.31,5.13,5.14,507300.0,3644874.0,44060159.0,0.0115138032071105
2003-04-08,5.14,5.19,4.93,4.98,1019032.0,7094505.0,44060159.0,0.0231281961556244
2003-04-09,4.96,5.06,4.93,5.02,642473.0,4415790.0,44060159.0,0.0145817222311884
2003-04-10,4.93,5.0,4.78,4.9,1023555.0,6879028.0,44060159.0,0.0232308512549852
2003-04-11,4.88,4.96,4.78,4.86,1020027.0,6821498.0,44060159.0,0.0231507789157093
2003-04-14,4.85,5.09,4.78,5.07,1328575.0,9058191.0,44060159.0,0.030153658773678
2003-04-15,5.07,5.13,5.0,5.04,825964.0,5763062.0,44060159.0,0.0187462782419827
2003-04-16,5.04,5.1,4.83,4.85,1355965.0,9252784.0,44060159.0,0.0307753088226485
2003-04-17,4.85,4.93,4.8,4.93,770301.0,5170351.0,44060159.0,0.0174829373629813
2003-04-18,4.96,5.08,4.88,5.07,911683.0,6316985.0,44060159.0,0.0206917773492374
2003-04-21,5.07,5.07,4.96,5.01,654664.0,4520031.0,44060159.0,0.0148584121087715
2003-04-22,5.0,5.0,4.88,4.93,412870.0,2814817.0,44060159.0,0.0093705971419667
2003-04-23,4.93,4.99,4.8,4.83,438486.0,2951496.0,44060159.0,0.0099519840588863
2003-04-24,4.83,4.86,4.59,4.61,685251.0,4447964.0,44060159.0,0.0155526220411506
2003-04-25,4.61,4.67,4.46,4.49,431548.0,2716312.0,44060159.0,0.0097945175368068
2003-04-28,4.42,4.49,4.36,4.46,688056.0,4186117.0,44060159.0,0.0156162849979728
2003-04-29,4.45,4.64,4.42,4.51,499272.0,3138001.0,44060159.0,0.0113315977820234
2003-04-30,4.49,4.51,4.28,4.29,1299693.0,7850426.0,44060159.0,0.0294981459327007
2003-05-12,4.25,4.25,4.12,4.14,677398.0,3921439.0,44060159.0,0.0153743884582894
2003-05-13,4.09,4.28,3.93,4.02,995922.0,5600716.0,44060159.0,0.0226036860193809
2003-05-14,4.06,4.22,4.06,4.22,1254885.0,7300215.0,44060159.0,0.0284811727529172
2003-05-15,4.43,4.43,4.3,4.33,1457030.0,8771583.0,44060159.0,0.0330691044487606
2003-05-16,4.35,4.4,4.3,4.37,496655.0,2987933.0,44060159.0,0.0112722017185639
2003-05-19,4.38,4.54,4.38,4.51,554658.0,3437226.0,44060159.0,0.012588651802187
2003-05-20,4.54,4.56,4.41,4.49,699581.0,4306645.0,44060159.0,0.0158778591788558
2003-05-21,4.48,4.54,4.43,4.51,343103.0,2119363.0,44060159.0,0.0077871484757919
2003-05-22,4.49,4.55,4.46,4.48,406612.0,2519156.0,44060159.0,0.0092285640639653
2003-05-23,4.5,4.56,4.45,4.54,621818.0,3859313.0,44060159.0,0.0141129313673153
2003-05-26,4.55,4.76,4.54,4.7,1247886.0,8080813.0,44060159.0,0.0283223217601189
2003-05-27,4.71,4.88,4.64,4.84,1335110.0,8838591.0,44060159.0,0.0303019787105171
2003-05-28,4.86,5.01,4.83,4.91,1701532.0,11571386.0,44060159.0,0.0386183808369824
2003-05-29,4.91,4.95,4.69,4.78,1020811.0,6723404.0,44060159.0,0.0231685727688817
2003-05-30,4.78,4.87,4.71,4.86,676147.0,4462581.0,44060159.0,0.0153459954604339
2003-06-02,4.84,4.92,4.78,4.89,561746.0,3764102.0,44060159.0,0.0127495227604603
2003-06-03,4.89,4.99,4.82,4.82,675963.0,4598906.0,44060159.0,0.0153418193520363
2003-06-04,4.79,4.82,4.59,4.63,762709.0,4907338.0,44060159.0,0.0173106274990973
2003-06-05,4.57,4.71,4.57,4.66,331599.0,2134624.0,44060159.0,0.007526050915976
2003-06-06,4.63,4.67,4.57,4.64,287489.0,1832018.0,44060159.0,0.0065249197126138
2003-06-09,4.64,4.7,4.59,4.68,313999.0,2018671.0,44060159.0,0.0071265970692479
2003-06-10,4.65,4.81,4.64,4.78,439383.0,2868726.0,44060159.0,0.0099723425873247
2003-06-11,4.78,4.89,4.75,4.83,441463.0,2934787.0,44060159.0,0.0100195507692107
2003-06-12,4.79,4.92,4.79,4.85,624970.0,4206326.0,44060159.0,0.0141844699198657
2003-06-13,4.92,4.98,4.8,4.93,1055812.0,7163317.0,44060159.0,0.0239629639103208
2003-06-16,4.99,5.14,4.88,4.89,1589503.0,11015796.0,44060159.0,0.0360757436213518
2003-06-17,4.89,4.89,4.72,4.75,790430.0,5217973.0,44060159.0,0.0179397900039353
2003-06-18,4.73,4.83,4.68,4.81,336966.0,2215040.0,44060159.0,0.0076478616429868
2003-06-19,4.81,4.86,4.71,4.76,267341.0,1762732.0,44060159.0,0.0060676358430753
2003-06-20,4.76,4.89,4.71,4.78,311026.0,2063075.0,44060159.0,0.0070591211438887
2003-06-23,4.73,4.8,4.57,4.57,429199.0,2757664.0,44060159.0,0.0097412040660134
2003-06-24,4.59,4.65,4.54,4.62,328278.0,2078187.0,44060159.0,0.0074506766986474
2003-06-25,4.59,4.66,4.59,4.61,141028.0,900199.0,44060159.0,0.0032008055168389
2003-06-26,4.61,4.65,4.51,4.57,307950.0,1939859.0,44060159.0,0.0069893075056765
2003-06-30,4.57,4.57,4.34,4.34,424815.0,2591732.0,44060159.0,0.0096417037441921
2003-07-01,4.31,4.41,4.28,4.3,307700.0,1850190.0,44060159.0,0.0069836334453536
2003-07-02,4.31,4.51,4.3,4.51,354011.0,2169140.0,44060159.0,0.0080347190757981
2003-07-03,4.51,4.59,4.48,4.49,375770.0,2355052.0,44060159.0,0.008528566590057
2003-07-04,4.46,4.57,4.46,4.53,160088.0,997607.0,44060159.0,0.0036333958758523
2003-07-07,4.48,4.53,4.47,4.49,135602.0,840727.0,44060159.0,0.0030776557115919
2003-07-08,4.49,4.59,4.48,4.57,151645.0,949294.0,44060159.0,0.0034417715106293
2003-07-09,4.57,4.57,4.49,4.49,129968.0,810716.0,44060159.0,0.0029497850881564
2003-07-10,4.49,4.52,4.44,4.52,252655.0,1561422.0,44060159.0,0.0057343188434703
2003-07-11,4.5,4.55,4.48,4.53,207899.0,1292815.0,44060159.0,0.0047185258682339
2003-07-14,4.53,4.59,4.5,4.57,198300.0,1244523.0,44060159.0,0.004500664648078
2003-07-15,4.53,4.55,4.51,4.54,88209.0,551324.0,44060159.0,0.0020020127480702
2003-07-16,4.5,4.55,4.46,4.53,275010.0,1712838.0,44060159.0,0.0062416933175388
2003-07-17,4.53,4.57,4.51,4.54,224503.0,1403602.0,44060159.0,0.0050953742586357
2003-07-18,4.56,4.6,4.49,4.51,388153.0,2421675.0,44060159.0,0.008809614145968
2003-07-21,4.49,4.55,4.43,4.52,363171.0,2251179.0,44060159.0,0.008242616646027
2003-07-22,4.53,4.67,4.53,4.64,325572.0,2069672.0,44060159.0,0.0073892606697129
2003-07-23,4.64,4.64,4.57,4.62,214640.0,1362502.0,44060159.0,0.004871521230779
2003-07-24,4.69,4.7,4.55,4.55,170000.0,1082197.0,44060159.0,0.0038583610195324
2003-07-25,4.51,4.65,4.46,4.59,364295.0,2312970.0,44060159.0,0.0082681272212385
2003-07-28,4.58,4.61,4.5,4.58,201128.0,1260910.0,44060159.0,0.00456484961845
2003-07-29,4.59,4.62,4.54,4.6,115390.0,730682.0,44060159.0,0.0026189192826108
2003-07-30,4.6,4.6,4.49,4.49,154300.0,962860.0,44060159.0,0.0035020300312579
2003-07-31,4.53,4.54,4.46,4.53,149660.0,929146.0,44060159.0,0.003396719471666
2003-08-01,4.53,4.6,4.46,4.57,189700.0,1186878.0,44060159.0,0.0043054769729723
2003-08-04,4.56,4.74,4.5,4.67,471700.0,3044651.0,44060159.0,0.0107058170171378
2003-08-05,4.67,4.67,4.62,4.67,96974.0,622841.0,44060159.0,0.002200945302989
2003-08-06,4.7,4.7,4.57,4.59,132650.0,845910.0,44060159.0,0.0030106564072998
2003-08-07,4.59,4.63,4.59,4.59,76650.0,486977.0,44060159.0,0.0017396668949832
2003-08-08,4.59,4.67,4.57,4.59,184540.0,1169341.0,44060159.0,0.0041883643679088
2003-08-11,4.58,4.58,4.51,4.52,80528.0,503325.0,44060159.0,0.0018276829187112
2003-08-12,4.51,4.58,4.5,4.57,42300.0,265431.0,44060159.0,0.0009600510066248
2003-08-13,4.59,4.59,4.49,4.51,65691.0,409249.0,44060159.0,0.0014909387866711
2003-08-14,4.49,4.53,4.47,4.51,54089.0,335799.0,44060159.0,0.0012276169952087
2003-08-15,4.46,4.48,4.36,4.41,152156.0,930059.0,44060159.0,0.0034533692899292
2003-08-18,4.41,4.43,4.33,4.38,115800.0,697578.0,44060159.0,0.0026282247415403
2003-08-19,4.36,4.45,4.35,4.38,71870.0,436833.0,44060159.0,0.0016311788616105
2003-08-20,4.38,4.4,4.36,4.39,75414.0,454853.0,44060159.0,0.0017116143407471
2003-08-21,4.39,4.4,4.36,4.38,58830.0,355205.0,44060159.0,0.0013352198751711
2003-08-22,4.39,4.57,4.39,4.43,96910.0,594498.0,44060159.0,0.0021994927435463
2003-08-25,4.4,4.43,4.38,4.4,85539.0,519287.0,44060159.0,0.0019414137838222
2003-08-26,4.49,4.49,4.4,4.43,109630.0,668546.0,44060159.0,0.0024881889327725
2003-08-27,4.43,4.49,4.43,4.45,88875.0,546790.0,44060159.0,0.0020171284447702
2003-08-28,4.43,4.44,4.33,4.33,107700.0,651112.0,44060159.0,0.0024443851870802
2003-08-29,4.21,4.41,4.17,4.38,285970.0,1677748.0,44060159.0,0.0064904441220922
2003-09-01,4.38,4.49,4.3,4.49,231165.0,1405906.0,44060159.0,0.0052465766181188
2003-09-02,4.38,4.45,4.38,4.41,71030.0,432284.0,44060159.0,0.0016121140189258
2003-09-03,4.41,4.47,4.28,4.41,116120.0,700537.0,44060159.0,0.0026354875387535
2003-09-04,4.38,4.4,4.33,4.38,144141.0,866843.0,44060159.0,0.0032714589159789
2003-09-05,4.41,4.42,4.3,4.37,116051.0,695129.0,44060159.0,0.0026339214981044
2003-09-08,4.36,4.36,4.27,4.29,124750.0,739332.0,44060159.0,0.002831356101098
2003-09-09,4.28,4.41,4.28,4.36,151000.0,903754.0,44060159.0,0.0034271324349964
2003-09-10,4.38,4.49,4.31,4.43,226038.0,1377934.0,44060159.0,0.005130212989018
2003-09-11,4.42,4.49,4.34,4.49,349489.0,2146993.0,44060159.0,0.0079320866726785
2003-09-12,4.48,4.48,4.37,4.37,72740.0,441602.0,44060159.0,0.001650924591534
2003-09-15,4.32,4.46,4.32,4.38,177780.0,1081148.0,44060159.0,0.0040349377767792
2003-09-16,4.4,4.54,4.36,4.52,607681.0,3773003.0,44060159.0,0.0137920746041792
2003-09-17,4.52,4.62,4.51,4.53,780855.0,4933017.0,44060159.0,0.0177224734935704
2003-09-18,4.51,4.51,4.43,4.46,223430.0,1377453.0,44060159.0,0.0050710211917301
2003-09-19,4.46,4.49,4.43,4.46,84600.0,521113.0,44060159.0,0.0019201020132496
2003-09-22,4.53,4.53,4.4,4.41,118700.0,725827.0,44060159.0,0.0026940438412852
2003-09-23,4.41,4.41,4.3,4.37,185040.0,1105596.0,44060159.0,0.0041997124885545
2003-09-24,4.36,4.39,4.33,4.36,107600.0,645855.0,44060159.0,0.0024421155629511
2003-09-25,4.37,4.37,4.3,4.31,86855.0,518586.0,44060159.0,0.0019712820373616
2003-09-26,4.29,4.38,4.24,4.27,74235.0,438089.0,44060159.0,0.0016848554722646
2003-09-29,4.21,4.24,4.12,4.13,174900.0,1007991.0,44060159.0,0.0039695726018601
2003-09-30,4.12,4.19,4.12,4.14,29100.0,166098.0,44060159.0,0.0006604606215787
2003-10-08,4.15,4.2,4.12,4.16,23846.0,136680.0,44060159.0,0.0005412145698339
2003-10-09,4.17,4.22,4.13,4.13,37500.0,214935.0,44060159.0,0.0008511090484262
2003-10-10,4.09,4.28,4.07,4.25,127688.0,733482.0,44060159.0,0.002898037658012
2003-10-13,4.13,4.23,4.13,4.21,66926.0,387578.0,44060159.0,0.001518968644666
2003-10-14,4.21,4.23,4.17,4.2,54056.0,313273.0,44060159.0,0.0012268680192461
2003-10-15,4.18,4.24,4.16,4.17,176100.0,1015965.0,44060159.0,0.0039968080914097
2003-10-16,4.17,4.27,4.14,4.16,104166.0,598542.0,44060159.0,0.0023641766703565
2003-10-17,4.2,4.2,4.14,4.19,24562.0,141774.0,44060159.0,0.0005574650785985
2003-10-20,4.17,4.28,4.15,4.24,151921.0,883537.0,44060159.0,0.0034480356732257
2003-10-21,4.24,4.35,4.2,4.33,460780.0,2741124.0,44060159.0,0.0104579740622361
2003-10-22,4.3,4.3,4.13,4.24,461672.0,2684718.0,44060159.0,0.010478219109468
2003-10-23,4.22,4.38,4.11,4.36,558884.0,3285740.0,44060159.0,0.0126845661178844
2003-10-24,4.38,4.43,4.31,4.36,1063412.0,6419896.0,44060159.0,0.0241354553441352
2003-10-27,4.31,4.31,4.14,4.2,234416.0,1358452.0,44060159.0,0.0053203620985571
2003-10-28,4.13,4.2,3.99,4.01,378310.0,2099822.0,44060159.0,0.008586215042937
2003-10-29,3.99,4.02,3.81,3.81,246700.0,1320332.0,44060159.0,0.0055991627265802
2003-10-30,3.64,3.64,3.62,3.62,121800.0,609299.0,44060159.0,0.0027644021892885
2003-10-31,3.45,3.73,3.44,3.62,486684.0,2407417.0,44060159.0,0.0110458974966477
2003-11-03,3.44,3.6,3.44,3.55,173880.0,847665.0,44060159.0,0.0039464224357429
2003-11-04,3.55,3.63,3.51,3.62,327820.0,1622713.0,44060159.0,0.0074402818201359
2003-11-05,3.62,3.8,3.59,3.8,827194.0,4278439.0,44060159.0,0.0187741946187711
2003-11-06,3.84,3.86,3.63,3.79,696844.0,3629955.0,44060159.0,0.0158157395664414
2003-11-07,3.75,3.84,3.6,3.7,488971.0,2519409.0,44060159.0,0.011097803800481
2003-11-10,3.69,3.88,3.69,3.72,630144.0,3338024.0,44060159.0,0.0143019002723072
2003-11-11,3.64,3.7,3.53,3.62,306242.0,1514796.0,44060159.0,0.0069505423255508
2003-11-12,3.64,3.64,3.44,3.44,246200.0,1181349.0,44060159.0,0.0055878146059345
2003-11-13,3.41,3.43,3.27,3.31,425852.0,1942385.0,44060159.0,0.0096652397464112
2003-11-14,3.28,3.38,3.28,3.34,143675.0,661883.0,44060159.0,0.0032608824675371
2003-11-17,3.34,3.4,3.28,3.33,170800.0,786144.0,44060159.0,0.0038765180125655
2003-11-18,3.32,3.35,3.19,3.28,158052.0,713947.0,44060159.0,0.0035871863285831
2003-11-19,3.3,3.37,3.25,3.37,269050.0,1237525.0,44060159.0,0.0061064237194423
2003-11-20,3.35,3.54,3.35,3.47,727327.0,3514633.0,44060159.0,0.0165075890897261
2003-11-21,3.46,3.63,3.44,3.6,740502.0,3628268.0,44060159.0,0.0168066120687399
2003-11-24,3.6,3.77,3.52,3.76,576684.0,2948504.0,44060159.0,0.0130885592128707
2003-11-25,3.78,3.95,3.63,3.74,921970.0,4937965.0,44060159.0,0.0209252535834017
2003-11-26,3.73,3.74,3.67,3.72,129720.0,661095.0,44060159.0,0.0029441564203161
2003-11-27,3.7,3.73,3.56,3.59,173700.0,870556.0,44060159.0,0.0039423371123104
2003-11-28,3.57,3.66,3.57,3.62,68270.0,340337.0,44060159.0,0.0015494723929616
2003-12-01,3.62,3.74,3.57,3.71,120980.0,608156.0,44060159.0,0.0027457912714295
2003-12-02,3.71,3.75,3.64,3.74,198864.0,1012144.0,44060159.0,0.0045134653281664
2003-12-03,3.75,3.75,3.68,3.68,110900.0,567092.0,44060159.0,0.0025170131592126
2003-12-04,3.7,3.71,3.64,3.68,113170.0,574847.0,44060159.0,0.002568533626944
2003-12-05,3.69,3.7,3.64,3.67,128900.0,652610.0,44060159.0,0.0029255455024572
2003-12-08,3.69,3.71,3.65,3.7,107900.0,548064.0,44060159.0,0.0024489244353385
2003-12-09,3.7,3.7,3.62,3.64,115350.0,582172.0,44060159.0,0.0026180114329591
2003-12-10,3.62,3.67,3.6,3.64,156700.0,784095.0,44060159.0,0.0035565010103572
2003-12-11,3.64,3.64,3.51,3.51,503869.0,2468645.0,44060159.0,0.0114359324032398
2003-12-12,3.52,3.55,3.44,3.55,843489.0,4069320.0,44060159.0,0.0191440298706139
2003-12-15,3.55,3.58,3.48,3.53,651104.0,3150442.0,44060159.0,0.0147776134897742
2003-12-16,3.54,3.6,3.45,3.5,748172.0,3609936.0,44060159.0,0.0169806922394447
2003-12-17,3.51,3.58,3.46,3.54,593588.0,2893646.0,44060159.0,0.01347221647566
2003-12-18,3.53,3.53,3.37,3.41,835810.0,3914865.0,44060159.0,0.0189697454337375
2003-12-19,3.35,3.35,3.24,3.24,341000.0,1524903.0,44060159.0,0.0077394182803561
2003-12-22,3.09,3.15,3.08,3.12,681776.0,2911859.0,44060159.0,0.0154737526026631
2003-12-23,3.12,3.17,3.01,3.07,551212.0,2342413.0,44060159.0,0.012510440554697
2003-12-24,3.11,3.15,3.01,3.14,917375.0,3899000.0,44060159.0,0.0208209643546679
2003-12-25,3.14,3.15,3.04,3.13,641430.0,2743656.0,44060159.0,0.0145580500515216
2003-12-26,3.13,3.19,3.09,3.12,505251.0,2181180.0,44060159.0,0.0114672986087045
2003-12-29,3.17,3.17,3.04,3.06,292733.0,1246393.0,44060159.0,0.0066439388019457
2003-12-30,3.09,3.09,2.91,2.91,796834.0,3218171.0,44060159.0,0.0180851367331652
2003-12-31,2.77,2.96,2.77,2.93,617015.0,2443569.0,44060159.0,0.0140039213203928
2004-01-02,2.91,2.94,2.87,2.89,382633.0,1528574.0,44060159.0,0.0086843308940396
2004-01-05,2.92,2.97,2.88,2.91,447009.0,1799570.0,44060159.0,0.0101454241234127
2004-01-06,2.89,3.04,2.83,3.03,663657.0,2675047.0,44060159.0,0.0150625194067048
2004-01-07,3.04,3.18,3.04,3.17,1586719.0,6867145.0,44060159.0,0.0360125572855967
2004-01-08,3.22,3.24,3.06,3.11,570786.0,2450028.0,44060159.0,0.0129546967817342
2004-01-09,3.14,3.19,3.08,3.12,429641.0,1863529.0,44060159.0,0.0097512358046642
2004-01-12,3.14,3.14,3.06,3.09,257753.0,1102216.0,44060159.0,0.0058500242815737
2004-01-13,3.07,3.23,3.07,3.23,457055.0,1998116.0,44060159.0,0.0103734305634257
2004-01-14,3.19,3.25,3.17,3.21,343214.0,1517859.0,44060159.0,0.0077896677585752
2004-01-15,3.21,3.21,3.09,3.12,414906.0,1797481.0,44060159.0,0.0094168066892359
2004-01-16,3.04,3.14,3.04,3.14,372730.0,1593980.0,44060159.0,0.0084595700165312
2004-01-29,3.14,3.25,3.14,3.24,287229.0,1271393.0,44060159.0,0.006519018689878
2004-01-30,3.25,3.38,3.22,3.34,638245.0,2910807.0,44060159.0,0.0144857625230085
2004-02-02,3.44,3.46,3.33,3.43,1149756.0,5403525.0,44060159.0,0.026095139602197
2004-02-03,3.44,3.51,3.43,3.5,550125.0,2644414.0,44060159.0,0.0124857697404133
2004-02-04,3.5,3.64,3.48,3.62,864906.0,4270746.0,44060159.0,0.0196301152703511
2004-02-05,3.62,3.8,3.61,3.8,913806.0,4703468.0,44060159.0,0.020739961469499
2004-02-06,3.8,3.8,3.61,3.62,1273796.0,6466206.0,44060159.0,0.0289103813719782
2004-02-09,3.63,3.68,3.56,3.64,661562.0,3308856.0,44060159.0,0.0150149707811994
2004-02-10,3.64,3.75,3.62,3.69,672910.0,3406683.0,44060159.0,0.0152725277273738
2004-02-11,3.7,3.73,3.64,3.72,585286.0,2984871.0,44060159.0,0.013283792280459
2004-02-12,3.72,3.91,3.67,3.75,2509090.0,13131516.0,44060159.0,0.0569469120617562
2004-02-13,3.75,3.8,3.64,3.72,1526338.0,7812317.0,44060159.0,0.0346421355401826
2004-02-16,3.72,3.87,3.7,3.86,687198.0,3589630.0,44060159.0,0.0155968116229448
2004-02-17,3.9,3.97,3.82,3.91,1043885.0,5613318.0,44060159.0,0.0236922658404387
2004-02-18,3.89,3.99,3.84,3.94,686570.0,3709759.0,44060159.0,0.0155825583834139
2004-02-19,3.95,4.01,3.94,3.99,671253.0,3680019.0,44060159.0,0.015234920055554
2004-02-20,3.99,4.19,3.99,4.06,945916.0,5332087.0,44060159.0,0.0214687377773648
2004-02-23,4.13,4.13,4.0,4.01,773833.0,4338327.0,44060159.0,0.0175631004872224
2004-02-24,3.99,4.0,3.81,3.86,895050.0,4769954.0,44060159.0,0.0203142707678381
2004-02-25,3.86,3.93,3.8,3.8,566685.0,3034346.0,44060159.0,0.0128616194961983
2004-02-26,3.77,3.77,3.62,3.67,808517.0,4090422.0,44060159.0,0.0183502969201722
2004-02-27,3.69,3.74,3.66,3.74,389045.0,1988088.0,44060159.0,0.0088298591931999
2004-03-01,3.74,3.8,3.73,3.78,279200.0,1450989.0,44060159.0,0.0063367905685496
2004-03-02,3.73,3.84,3.73,3.81,329875.0,1727408.0,44060159.0,0.0074869225959897
2004-03-03,3.8,3.8,3.63,3.69,357878.0,1838798.0,44060159.0,0.0081224854408718
2004-03-04,3.67,3.73,3.62,3.72,507740.0,2563515.0,44060159.0,0.0115237895532787
2004-03-05,3.7,3.73,3.67,3.67,181683.0,927733.0,44060159.0,0.0041235212065394
2004-03-08,3.68,3.68,3.51,3.55,366800.0,1831502.0,44060159.0,0.0083249813056734
2004-03-09,3.54,3.61,3.51,3.59,358069.0,1758597.0,44060159.0,0.0081268204229585
2004-03-10,3.56,3.67,3.55,3.66,193920.0,970698.0,44060159.0,0.0044012551112219
2004-03-11,3.64,3.75,3.64,3.75,329910.0,1681452.0,44060159.0,0.0074877169644349
2004-03-12,3.75,3.78,3.67,3.69,225262.0,1150826.0,44060159.0,0.0051126007057759
2004-03-15,3.69,3.77,3.69,3.75,255940.0,1321317.0,44060159.0,0.0058088759961124
2004-03-16,3.8,3.91,3.74,3.9,633299.0,3326941.0,44060159.0,0.0143735069135814
2004-03-17,3.93,4.02,3.93,3.99,1353032.0,7438432.0,44060159.0,0.030708740746941
2004-03-18,4.03,4.04,3.79,3.81,837499.0,4536711.0,44060159.0,0.0190080793852786
2004-03-19,3.8,4.0,3.77,3.98,972349.0,5301078.0,44060159.0,0.0220686675234195
2004-03-22,3.99,4.12,3.93,4.08,1102644.0,6160445.0,44060159.0,0.0250258742824781
2004-03-23,4.06,4.06,3.93,3.96,850584.0,4668604.0,44060159.0,0.0193050597025761
2004-03-24,3.96,4.0,3.9,3.91,642600.0,3503402.0,44060159.0,0.0145846046538325
2004-03-25,3.88,3.94,3.8,3.84,574501.0,3054702.0,44060159.0,0.0130390133181316
2004-03-26,3.86,3.89,3.82,3.84,300596.0,1592168.0,44060159.0,0.0068223993472197
2004-03-29,3.86,3.89,3.83,3.83,327958.0,1741861.0,44060159.0,0.0074434139014341
2004-03-31,3.95,4.02,3.92,3.94,1424000.0,7830424.0,44060159.0,0.0323194475989067
2004-04-01,3.93,4.0,3.91,3.98,741983.0,4057118.0,44060159.0,0.0168402252020924
2004-04-02,3.98,4.17,3.95,4.17,1741577.0,9828878.0,44060159.0,0.0395272518194952
2004-04-05,4.17,4.18,4.03,4.09,1202590.0,6786877.0,44060159.0,0.0272942728145851
2004-04-06,4.1,4.22,4.07,4.21,1119602.0,6386540.0,44060159.0,0.0254107571422971
2004-04-07,4.2,4.29,4.16,4.17,1012005.0,5904484.0,44060159.0,0.0229687096680699
2004-04-08,4.17,4.2,4.06,4.08,980144.0,5556950.0,44060159.0,0.0222455847242857
2004-04-09,4.08,4.13,3.96,3.99,782579.0,4346995.0,44060159.0,0.0177616018135567
2004-04-12,3.97,4.06,3.94,4.02,320386.0,1776438.0,44060159.0,0.0072715579623759
2004-04-13,3.99,4.12,3.99,4.04,521088.0,2922540.0,44060159.0,0.0118267389820359
2004-04-14,4.01,4.06,3.9,3.93,474473.0,2596719.0,44060159.0,0.0107687536942388
2004-04-15,3.95,3.95,3.74,3.75,589790.0,3112330.0,44060159.0,0.0133860161512354
2004-04-16,3.75,3.8,3.57,3.74,789640.0,4000604.0,44060159.0,0.0179218599733151
2004-04-19,3.72,3.74,3.62,3.64,304248.0,1539551.0,44060159.0,0.0069052860204158
2004-04-20,3.62,3.72,3.62,3.71,211651.0,1075146.0,44060159.0,0.0048036821655591
2004-04-21,3.67,3.75,3.62,3.66,275111.0,1394445.0,44060159.0,0.0062439856379092
2004-04-22,3.66,3.69,3.62,3.69,205920.0,1038872.0,44060159.0,0.0046736100067183
2004-04-23,3.66,3.68,3.57,3.63,493512.0,2459877.0,44060159.0,0.0112008674321851
2004-04-27,3.59,3.61,3.45,3.45,370500.0,1782545.0,44060159.0,0.0084089573984515
2004-04-28,3.38,3.49,3.3,3.45,348080.0,1629723.0,44060159.0,0.007900107668699
2004-04-29,3.45,3.51,3.41,3.48,293101.0,1397141.0,44060159.0,0.0066522910187409
2004-04-30,3.47,3.54,3.43,3.49,303799.0,1457347.0,44060159.0,0.006895095408076
2004-05-10,3.48,3.52,3.41,3.43,99400.0,473828.0,44060159.0,0.0022560063843618
2004-05-11,3.42,3.47,3.41,3.43,95169.0,449802.0,44060159.0,0.0021599785874581
2004-05-12,3.46,3.53,3.41,3.52,199785.0,962547.0,44060159.0,0.0045343685663957
2004-05-13,3.51,3.53,3.5,3.52,175250.0,849520.0,44060159.0,0.003977516286312
2004-05-14,3.48,3.51,3.4,3.43,216180.0,1024921.0,44060159.0,0.0049064734423677
2004-05-17,3.35,3.44,3.35,3.42,50520.0,237663.0,44060159.0,0.0011466141100398
2004-05-18,3.42,3.49,3.41,3.48,150293.0,713758.0,44060159.0,0.0034110861924034
2004-05-19,3.49,3.57,3.46,3.51,226868.0,1100853.0,44060159.0,0.0051490508692898
2004-05-20,3.5,3.51,3.45,3.49,168068.0,805471.0,44060159.0,0.0038145118813574
2004-05-21,3.46,3.53,3.46,3.51,78980.0,380490.0,44060159.0,0.0017925491371921
2004-05-24,3.52,3.56,3.49,3.53,113075.0,549352.0,44060159.0,0.0025663774840213
2004-05-25,3.54,3.54,3.36,3.36,193700.0,910024.0,44060159.0,0.0043962619381378
2004-05-26,3.36,3.36,3.24,3.31,156181.0,710306.0,44060159.0,0.003544721661127
2004-05-27,3.27,3.41,3.26,3.38,115939.0,536331.0,44060159.0,0.0026313795190798
2004-05-28,3.38,3.39,3.3,3.34,97001.0,448736.0,44060159.0,0.0022015581015039
2004-05-31,3.3,3.33,3.28,3.33,91801.0,418507.0,44060159.0,0.0020835376467887
2004-06-01,3.3,3.41,3.3,3.41,88909.0,413933.0,44060159.0,0.0020179001169741
2004-06-02,3.39,3.44,3.38,3.41,157943.0,741591.0,44060159.0,0.0035847124382823
2004-06-03,3.41,3.51,3.34,3.49,376976.0,1781244.0,44060159.0,0.0085559382570544
2004-06-04,3.47,3.54,3.44,3.49,429975.0,2068565.0,44060159.0,0.0097588163492555
2004-06-07,3.43,3.48,3.36,3.36,120800.0,565556.0,44060159.0,0.0027417059479971
2004-06-08,3.37,3.38,3.28,3.32,113200.0,518084.0,44060159.0,0.0025692145141827
2004-06-09,3.3,3.33,3.15,3.17,179871.0,807912.0,44060159.0,0.0040823956173194
2004-06-10,3.19,3.19,3.04,3.09,213170.0,914203.0,44060159.0,0.0048381577560807
2004-06-11,3.04,3.17,3.02,3.13,188341.0,810530.0,44060159.0,0.0042746327810573
2004-06-14,3.09,3.09,2.97,3.0,186037.0,769577.0,44060159.0,0.004222340641122
2004-06-15,2.96,3.04,2.91,3.02,114503.0,470233.0,44060159.0,0.0025987877165854
2004-06-16,3.02,3.09,3.01,3.06,99290.0,416536.0,44060159.0,0.0022535097978198
2004-06-17,3.06,3.06,2.92,2.96,167493.0,685922.0,44060159.0,0.0038014615426149
2004-06-18,2.86,2.96,2.86,2.95,114716.0,461928.0,44060159.0,0.0026036220159804
2004-06-21,2.95,2.97,2.89,2.96,96879.0,393409.0,44060159.0,0.0021987891600663
2004-06-22,2.97,3.03,2.92,3.01,113102.0,466521.0,44060159.0,0.0025669902825362
2004-06-23,2.99,3.0,2.91,2.96,72125.0,294494.0,44060159.0,0.0016369664031398
2004-06-24,2.97,3.0,2.94,2.96,92901.0,380725.0,44060159.0,0.0021085035122092
2004-06-25,2.95,2.96,2.88,2.91,126103.0,507416.0,44060159.0,0.0028620641155652
2004-06-28,2.79,2.88,2.79,2.86,70283.0,273616.0,44060159.0,0.0015951599266811
2004-06-29,2.76,2.89,2.76,2.86,253352.0,995342.0,44060159.0,0.0057501381236504
2004-06-30,2.85,2.92,2.85,2.9,842342.0,3369113.0,44060159.0,0.0191179972818527
2004-07-01,2.91,2.98,2.88,2.97,787553.0,3200711.0,44060159.0,0.01787449291774
2004-07-02,2.96,2.97,2.91,2.94,402390.0,1635287.0,44060159.0,0.0091327405332332
2004-07-05,2.93,2.98,2.93,2.98,143741.0,586576.0,44060159.0,0.0032623804194623
2004-07-06,2.97,3.03,2.94,3.01,209108.0,861627.0,44060159.0,0.0047459656239551
2004-07-07,2.95,3.01,2.95,2.97,140383.0,574330.0,44060159.0,0.0031861664412059
2004-07-08,2.97,2.99,2.93,2.97,133101.0,544244.0,44060159.0,0.0030208924121222
2004-07-09,2.97,2.99,2.92,2.95,67379.0,273706.0,44060159.0,0.001529250041971
2004-07-12,2.9,2.99,2.83,2.86,124201.0,493937.0,44060159.0,0.002818895864629
2004-07-13,2.9,2.9,2.81,2.88,31601.0,124208.0,44060159.0,0.0007172239210484
2004-07-14,2.84,2.86,2.73,2.78,220086.0,840875.0,44060159.0,0.0049951249608518
2004-07-15,2.81,2.81,2.69,2.74,191777.0,721604.0,44060159.0,0.0043526170661345
2004-07-16,2.75,2.83,2.72,2.83,239813.0,924038.0,44060159.0,0.0054428537128066
2004-07-19,2.83,2.83,2.78,2.8,128779.0,498034.0,44060159.0,0.0029227992572609
2004-07-20,2.79,2.81,2.72,2.77,202337.0,768713.0,44060159.0,0.0045922893741713
2004-07-21,2.72,2.79,2.72,2.75,84201.0,320401.0,44060159.0,0.0019110462129744
2004-07-22,2.74,2.75,2.64,2.72,250373.0,925654.0,44060159.0,0.0056825260208434
2004-07-23,2.62,2.69,2.59,2.66,107873.0,391240.0,44060159.0,0.0024483116368236
2004-07-26,2.55,2.66,2.55,2.6,122501.0,439038.0,44060159.0,0.0027803122544337
2004-07-27,2.5,2.58,2.47,2.48,251537.0,871413.0,44060159.0,0.0057089444457066
2004-07-28,2.41,2.6,2.41,2.6,343410.0,1210760.0,44060159.0,0.0077941162218683
2004-07-29,2.59,2.59,2.47,2.54,317371.0,1100800.0,44060159.0,0.0072031287948824
2004-07-30,2.54,2.56,2.46,2.48,182700.0,631235.0,44060159.0,0.0041466032839327
2004-08-02,2.46,2.46,2.36,2.41,250750.0,824480.0,44060159.0,0.0056910825038103
2004-08-03,2.4,2.49,2.36,2.49,243308.0,814425.0,44060159.0,0.0055221770761199
2004-08-04,2.43,2.54,2.43,2.49,232539.0,801231.0,44060159.0,0.0052777612536532
2004-08-05,2.53,2.53,2.46,2.48,175000.0,599595.0,44060159.0,0.0039718422259892
2004-08-06,2.43,2.52,2.43,2.5,113641.0,390062.0,44060159.0,0.0025792235565922
2004-08-09,2.48,2.5,2.44,2.46,46540.0,158579.0,44060159.0,0.0010562830697002
2004-08-10,2.45,2.49,2.45,2.49,139640.0,474019.0,44060159.0,0.0031693031339265
2004-08-11,2.46,2.47,2.41,2.41,137800.0,464168.0,44060159.0,0.0031275420499503
2004-08-12,2.33,2.43,2.31,2.33,145801.0,470466.0,44060159.0,0.0033091346765226
2004-08-13,2.32,2.38,2.32,2.37,61840.0,200310.0,44060159.0,0.0014035355614581
2004-08-16,2.36,2.36,2.28,2.29,134300.0,427479.0,44060159.0,0.0030481052054306
2004-08-17,2.28,2.29,2.23,2.25,94308.0,294312.0,44060159.0,0.0021404371237062
2004-08-18,2.25,2.32,2.25,2.28,131400.0,412903.0,44060159.0,0.0029822861056856
2004-08-19,2.28,2.28,2.19,2.24,171550.0,525636.0,44060159.0,0.003893540193534
2004-08-20,2.21,2.29,2.13,2.25,194104.0,590798.0,44060159.0,0.0044054312196195
2004-08-23,2.25,2.28,2.2,2.27,67760.0,210307.0,44060159.0,0.001537897309903
2004-08-24,2.25,2.35,2.25,2.34,202135.0,644245.0,44060159.0,0.0045877047334304
2004-08-25,2.26,2.3,2.25,2.28,81309.0,255623.0,44060159.0,0.0018454086831597
2004-08-26,2.28,2.28,2.24,2.28,64150.0,200209.0,44060159.0,0.0014559638788412
2004-08-27,2.25,2.25,2.21,2.22,91100.0,280158.0,44060159.0,0.0020676275816435
2004-08-30,2.27,2.28,2.22,2.27,50709.0,157491.0,44060159.0,0.0011509036996439
2004-08-31,2.33,2.35,2.29,2.31,184370.0,587939.0,44060159.0,0.0041845060068893
2004-09-01,2.31,2.32,2.22,2.27,58701.0,185461.0,44060159.0,0.0013322920600445
2004-09-02,2.25,2.3,2.25,2.3,76601.0,239296.0,44060159.0,0.00173855477916
2004-09-03,2.31,2.42,2.28,2.42,367232.0,1214710.0,44060159.0,0.0083347860819113
2004-09-06,2.44,2.45,2.37,2.42,453023.0,1510065.0,44060159.0,0.010281919318539
2004-09-07,2.41,2.41,2.36,2.39,98250.0,322139.0,44060159.0,0.0022299057068768
2004-09-08,2.41,2.41,2.36,2.38,56990.0,186960.0,44060159.0,0.001293458791195
2004-09-09,2.36,2.38,2.3,2.33,121540.0,389320.0,44060159.0,0.0027585011665527
2004-09-10,2.29,2.38,2.28,2.33,106440.0,342905.0,44060159.0,0.0024157879230531
2004-09-13,2.33,2.33,2.22,2.25,76062.0,239424.0,44060159.0,0.0017263215051039
2004-09-14,2.25,2.36,2.25,2.36,181540.0,582307.0,44060159.0,0.0041202756440347
2004-09-15,2.36,2.47,2.34,2.46,624928.0,2116610.0,44060159.0,0.0141835166777314
2004-09-16,2.46,2.51,2.42,2.49,265556.0,900345.0,44060159.0,0.0060271230523702
2004-09-17,2.5,2.55,2.45,2.54,470369.0,1627026.0,44060159.0,0.010675608319979
2004-09-20,2.57,2.67,2.52,2.67,816672.0,2922147.0,44060159.0,0.0185353847679033
2004-09-21,2.67,2.68,2.61,2.62,583448.0,2125392.0,44060159.0,0.0132420765889655
2004-09-22,2.59,2.62,2.49,2.51,471910.0,1649625.0,44060159.0,0.010710583227809
2004-09-23,2.52,2.57,2.47,2.57,279559.0,977100.0,44060159.0,0.0063449385191732
2004-09-24,2.58,2.61,2.46,2.47,429375.0,1508931.0,44060159.0,0.0097451986044807
2004-09-27,2.47,2.54,2.38,2.42,241799.0,810024.0,44060159.0,0.0054879284480112
2004-09-28,2.43,2.51,2.38,2.49,278100.0,930392.0,44060159.0,0.0063118247031291
2004-09-29,2.51,2.61,2.49,2.57,1141880.0,4024233.0,44060159.0,0.0259163840057862
2004-09-30,2.54,2.56,2.44,2.44,483790.0,1657544.0,44060159.0,0.0109802145743504
2004-10-08,2.43,2.53,2.4,2.47,201611.0,689105.0,44060159.0,0.0045758119029938
2004-10-11,2.49,2.51,2.43,2.49,322610.0,1096112.0,44060159.0,0.0073220344030079
2004-10-12,2.47,2.52,2.43,2.44,165370.0,563475.0,44060159.0,0.0037532774223533
2004-10-13,2.41,2.46,2.32,2.38,508683.0,1666412.0,44060159.0,0.0115451921088164
2004-10-14,2.34,2.34,2.27,2.27,234500.0,737322.0,44060159.0,0.0053222685828255
2004-10-15,2.26,2.28,2.16,2.17,273100.0,826097.0,44060159.0,0.0061983434966723
2004-10-18,2.28,2.28,2.16,2.21,287238.0,884418.0,44060159.0,0.0065192229560497
2004-10-19,2.2,2.23,2.15,2.17,356200.0,1076547.0,44060159.0,0.0080844011479849
2004-10-20,2.2,2.26,2.12,2.14,503380.0,1504739.0,44060159.0,0.0114248339412483
2004-10-21,2.11,2.14,2.03,2.03,387200.0,1099835.0,44060159.0,0.0087879846280173
2004-10-22,1.93,2.02,1.93,1.93,959808.0,2558207.0,44060159.0,0.0217840339613844
2004-10-25,1.92,1.95,1.83,1.94,647881.0,1661535.0,44060159.0,0.0147044635040922
2004-10-26,1.9,1.96,1.85,1.96,303164.0,796564.0,44060159.0,0.006880683294856
2004-10-27,1.93,2.02,1.9,2.0,336815.0,918885.0,44060159.0,0.0076444345105518
2004-10-28,1.97,2.04,1.97,2.04,558900.0,1550321.0,44060159.0,0.012684929257745
2004-10-29,1.97,2.02,1.93,1.94,292300.0,799364.0,44060159.0,0.0066341113294666
2004-11-01,2.0,2.0,1.92,1.97,149965.0,403632.0,44060159.0,0.0034036418252598
2004-11-02,1.96,1.99,1.93,1.95,184699.0,499672.0,44060159.0,0.0041919730702742
2004-11-03,1.96,2.01,1.96,2.01,175681.0,481727.0,44060159.0,0.0039872983663086
2004-11-04,1.98,2.04,1.93,1.97,227052.0,627056.0,44060159.0,0.0051532269776874
2004-11-05,1.97,1.99,1.93,1.96,161000.0,434211.0,44060159.0,0.0036540948479101
2004-11-08,1.93,1.96,1.93,1.96,133567.0,358731.0,44060159.0,0.003031468860564
2004-11-09,1.93,1.96,1.92,1.94,205500.0,549375.0,44060159.0,0.0046640775853759
2004-11-10,1.96,2.01,1.92,2.01,240413.0,657268.0,44060159.0,0.0054564714575814
2004-11-11,2.0,2.07,1.96,2.02,922224.0,2566235.0,44060159.0,0.0209310184286897
2004-11-12,2.03,2.03,1.98,2.0,222245.0,613522.0,44060159.0,0.0050441261457998
2004-11-15,2.01,2.05,1.99,2.03,319484.0,889965.0,44060159.0,0.0072510859527311
2004-11-16,2.03,2.07,2.01,2.06,244404.0,688548.0,44060159.0,0.0055470521565752
2004-11-17,2.04,2.09,2.04,2.08,305067.0,866484.0,44060159.0,0.0069238742420334
2004-11-18,2.09,2.12,2.04,2.11,427896.0,1236176.0,44060159.0,0.0097116308636108
2004-11-19,2.1,2.12,2.08,2.12,267818.0,777809.0,44060159.0,0.0060784619501713
2004-11-22,2.12,2.21,2.1,2.17,575611.0,1724685.0,44060159.0,0.0130642061459651
2004-11-23,2.17,2.25,2.16,2.22,622180.0,1897186.0,44060159.0,0.0141211474066627
2004-11-24,2.22,2.22,2.11,2.11,589000.0,1728335.0,44060159.0,0.0133680861206152
2004-11-25,2.07,2.09,2.01,2.07,386650.0,1089761.0,44060159.0,0.008775501695307
2004-11-26,2.07,2.15,2.03,2.14,366671.0,1069569.0,44060159.0,0.0083220534905468
2004-11-29,2.14,2.15,2.09,2.09,161399.0,472825.0,44060159.0,0.0036631506481853
2004-11-30,2.08,2.12,2.08,2.11,120000.0,348010.0,44060159.0,0.002723548954964
2004-12-01,2.07,2.17,2.07,2.16,173895.0,513646.0,44060159.0,0.0039467628793622
2004-12-02,2.17,2.2,2.15,2.17,303073.0,910673.0,44060159.0,0.0068786179368985
2004-12-03,2.17,2.21,2.16,2.2,287545.0,871785.0,44060159.0,0.0065261907021261
2004-12-06,2.2,2.23,2.17,2.21,367735.0,1118967.0,44060159.0,0.0083462022912808
2004-12-07,2.22,2.25,2.17,2.17,376800.0,1141549.0,44060159.0,0.0085519437185871
2004-12-08,2.2,2.28,2.17,2.28,1720409.0,5404221.0,44060159.0,0.0390468177838395
2004-12-09,2.3,2.3,2.17,2.21,1163084.0,3533809.0,44060159.0,0.0263976351061284
2004-12-10,2.17,2.2,2.11,2.12,359217.0,1061770.0,44060159.0,0.008152875707961
2004-12-13,2.12,2.14,2.07,2.13,160160.0,463470.0,44060159.0,0.0036350300052253
2004-12-14,2.12,2.14,2.1,2.12,147309.0,430956.0,44060159.0,0.0033433606083899
2004-12-15,2.13,2.13,2.01,2.03,303969.0,852720.0,44060159.0,0.0068989537690955
2004-12-16,2.03,2.03,1.96,1.99,224400.0,618478.0,44060159.0,0.0050930365457827
2004-12-17,1.99,2.04,1.98,1.99,118703.0,327467.0,44060159.0,0.0026941119300091
2004-12-20,1.89,2.01,1.89,1.99,49800.0,135413.0,44060159.0,0.00113027281631
2004-12-21,2.02,2.04,1.98,2.03,96987.0,269470.0,44060159.0,0.0022012403541258
2004-12-22,2.05,2.07,2.02,2.07,233843.0,660757.0,44060159.0,0.0053073571522971
2004-12-23,2.07,2.07,1.98,2.04,124138.0,349415.0,44060159.0,0.0028174660014277
2004-12-24,2.05,2.06,2.0,2.01,138400.0,387848.0,44060159.0,0.0031411597947252
2004-12-27,2.03,2.04,1.99,2.04,80500.0,224292.0,44060159.0,0.001827047423955
2004-12-28,1.99,2.03,1.99,2.03,40100.0,111262.0,44060159.0,0.0009101192757838
2004-12-29,2.03,2.03,1.97,2.01,53400.0,146685.0,44060159.0,0.001211979284959
2004-12-30,2.01,2.01,1.94,1.94,108100.0,292683.0,44060159.0,0.0024534636835967
2004-12-31,1.96,1.98,1.9,1.91,101500.0,270966.0,44060159.0,0.0023036684910737
2005-01-04,1.9,1.94,1.9,1.91,101738.0,268258.0,44060159.0,0.0023090701965011
2005-01-05,1.96,1.97,1.89,1.96,87600.0,235984.0,44060159.0,0.0019881907371237
2005-01-06,1.96,1.99,1.96,1.99,118323.0,321381.0,44060159.0,0.0026854873583184
2005-01-07,1.96,2.03,1.96,2.0,85200.0,233987.0,44060159.0,0.0019337197580244
2005-01-10,2.0,2.05,2.0,2.04,123500.0,346195.0,44060159.0,0.0028029857994838
2005-01-11,2.04,2.06,2.01,2.04,138600.0,389947.0,44060159.0,0.0031456990429834
2005-01-12,2.03,2.06,2.03,2.05,98257.0,277265.0,44060159.0,0.0022300645805658
2005-01-13,2.05,2.07,2.03,2.03,157101.0,443327.0,44060159.0,0.003565602203115
2005-01-14,2.03,2.05,2.0,2.01,98300.0,273939.0,44060159.0,0.0022310405189413
2005-01-17,2.02,2.02,1.91,1.93,176099.0,471496.0,44060159.0,0.0039967853951684
2005-01-18,1.93,2.0,1.92,1.98,155100.0,419705.0,44060159.0,0.003520187024291
2005-01-19,1.97,2.08,1.97,2.08,356647.0,1016267.0,44060159.0,0.0080945463678422
2005-01-20,2.17,2.17,2.08,2.1,1099220.0,3210300.0,44060159.0,0.0249481623522965
2005-01-21,2.08,2.12,2.05,2.1,469480.0,1358683.0,44060159.0,0.010655431361471
2005-01-24,2.14,2.18,2.07,2.14,548817.0,1620956.0,44060159.0,0.0124560830568042
2005-01-25,2.14,2.18,2.12,2.17,185708.0,551039.0,44060159.0,0.0042148735777372
2005-01-26,2.14,2.15,2.07,2.1,552300.0,1610944.0,44060159.0,0.012535134065222
2005-01-27,2.1,2.11,2.06,2.07,832990.0,2389429.0,44060159.0,0.0189057420332958
2005-01-28,2.09,2.09,1.97,1.97,245600.0,679894.0,44060159.0,0.0055741968611597
2005-01-31,1.92,1.92,1.87,1.87,284100.0,736497.0,44060159.0,0.0064480021508773
2005-02-01,1.81,1.83,1.78,1.78,824200.0,2033805.0,44060159.0,0.0187062420723447
2005-02-02,1.86,1.86,1.78,1.85,385750.0,963337.0,44060159.0,0.0087550750781448
2005-02-03,1.87,1.87,1.78,1.78,453050.0,1130841.0,44060159.0,0.0102825321170538
2005-02-04,1.78,1.79,1.7,1.76,423151.0,1015971.0,44060159.0,0.0096039371986832
2005-02-16,1.75,1.85,1.72,1.83,291370.0,730628.0,44060159.0,0.0066130038250656
2005-02-17,1.8,1.86,1.8,1.85,238699.0,606547.0,44060159.0,0.005417570100008
2005-02-18,1.83,1.87,1.83,1.86,162800.0,416154.0,44060159.0,0.0036949480822345
2005-02-21,1.87,1.9,1.85,1.9,226429.0,584624.0,44060159.0,0.0051390872193629
2005-02-22,1.88,1.94,1.86,1.94,332489.0,872589.0,44060159.0,0.0075462505707253
2005-02-23,1.94,1.96,1.91,1.94,307239.0,819447.0,44060159.0,0.0069731704781183
2005-02-24,1.95,2.01,1.94,1.99,266669.0,726098.0,44060159.0,0.0060523839689275
2005-02-25,1.99,2.02,1.99,2.01,500795.0,1386521.0,44060159.0,0.0113661641575101
2005-02-28,1.99,2.01,1.95,1.98,407000.0,1107515.0,44060159.0,0.0092373702055864
2005-03-01,1.96,1.99,1.95,1.96,215720.0,584677.0,44060159.0,0.0048960331713737
2005-03-02,1.96,1.99,1.91,1.93,424900.0,1145444.0,44060159.0,0.0096436329247018
2005-03-03,1.93,1.95,1.88,1.93,305809.0,806643.0,44060159.0,0.0069407148530716
2005-03-04,1.95,1.98,1.93,1.98,229081.0,616916.0,44060159.0,0.0051992776512676
2005-03-07,1.98,2.07,1.98,2.05,750825.0,2105655.0,44060159.0,0.0170409053675907
2005-03-08,2.05,2.06,2.0,2.04,582931.0,1624140.0,44060159.0,0.0132303426322179
2005-03-09,2.05,2.05,2.01,2.04,356123.0,995719.0,44060159.0,0.0080826535374055
2005-03-10,2.03,2.03,1.96,1.98,345200.0,949547.0,44060159.0,0.0078347424937799
2005-03-11,1.97,2.02,1.96,2.01,364710.0,1003911.0,44060159.0,0.0082775461613744
2005-03-14,1.99,2.06,1.98,2.04,478220.0,1335243.0,44060159.0,0.0108537965103575
2005-03-15,2.03,2.07,1.99,2.0,520655.0,1467506.0,44060159.0,0.0118169115095567
2005-03-16,1.98,2.01,1.97,1.99,161135.0,442499.0,44060159.0,0.0036571588404844
2005-03-17,2.01,2.02,1.98,1.99,311580.0,860475.0,44060159.0,0.0070716948615641
2005-03-18,2.01,2.01,1.89,1.89,362100.0,954486.0,44060159.0,0.008218308971604
2005-03-21,1.86,1.88,1.81,1.84,122675.0,313036.0,44060159.0,0.0027842614004184
2005-03-22,1.87,1.9,1.82,1.85,352900.0,895708.0,44060159.0,0.0080095035517234
2005-03-23,1.82,1.87,1.77,1.81,223522.0,556097.0,44060159.0,0.0050731092459289
2005-03-24,1.79,1.84,1.78,1.83,89750.0,223346.0,44060159.0,0.0020369876559001
2005-03-25,1.81,1.92,1.81,1.9,188871.0,486773.0,44060159.0,0.0042866617889417
2005-03-28,1.91,1.91,1.83,1.88,127820.0,329686.0,44060159.0,0.0029010335618625
2005-03-29,1.84,1.88,1.84,1.87,79601.0,205382.0,44060159.0,0.0018066435030341
2005-03-30,1.82,1.85,1.78,1.79,152130.0,376081.0,44060159.0,0.0034527791876556
2005-03-31,1.77,1.81,1.72,1.78,158124.0,384374.0,44060159.0,0.0035888204579561
2005-04-01,1.75,1.85,1.75,1.84,288156.0,714580.0,44060159.0,0.0065400581055551
2005-04-04,1.8,1.84,1.78,1.83,186248.0,466888.0,44060159.0,0.0042271295480345
2005-04-05,1.79,1.83,1.78,1.81,56600.0,141654.0,44060159.0,0.0012846072570913
2005-04-06,1.8,1.84,1.77,1.82,148158.0,369523.0,44060159.0,0.0033626297172463
2005-04-07,1.81,1.87,1.8,1.84,260203.0,662802.0,44060159.0,0.0059056300727375
2005-04-08,1.88,1.89,1.81,1.85,204100.0,517572.0,44060159.0,0.004632302847568
2005-04-11,1.83,1.93,1.83,1.88,832489.0,2171683.0,44060159.0,0.0188943712164089
2005-04-12,1.88,1.88,1.81,1.81,178900.0,457351.0,44060159.0,0.0040603575670255
2005-04-13,1.78,1.86,1.78,1.83,289416.0,735710.0,44060159.0,0.0065686553695823
2005-04-14,1.85,1.87,1.81,1.82,237895.0,603816.0,44060159.0,0.0053993223220097
2005-04-15,1.81,1.86,1.75,1.77,167100.0,413896.0,44060159.0,0.0037925419197874
2005-04-19,1.72,1.77,1.68,1.72,268300.0,632005.0,44060159.0,0.0060894015384737
2005-04-20,1.7,1.7,1.68,1.7,194200.0,451925.0,44060159.0,0.0044076100587834
2005-04-21,1.67,1.7,1.61,1.63,211800.0,476289.0,44060159.0,0.0048070639055115
2005-04-22,1.59,1.63,1.55,1.55,268300.0,578634.0,44060159.0,0.0060894015384737
2005-04-25,1.51,1.54,1.47,1.49,267807.0,547096.0,44060159.0,0.0060782122915171
2005-04-26,1.49,1.53,1.47,1.51,124700.0,257722.0,44060159.0,0.0028302212890334
2005-04-27,1.5,1.54,1.49,1.51,171214.0,355420.0,44060159.0,0.0038859142564601
2005-04-28,1.51,1.58,1.46,1.58,270325.0,573306.0,44060159.0,0.0061353614270888
2005-04-29,1.57,1.58,1.53,1.57,108021.0,231107.0,44060159.0,0.0024516706805347
2005-05-09,1.54,1.54,1.49,1.49,235300.0,485603.0,44060159.0,0.0053404255758586
2005-05-10,1.44,1.45,1.42,1.43,231216.0,455077.0,44060159.0,0.0052477341264247
2005-05-11,1.43,1.46,1.41,1.42,103400.0,203682.0,44060159.0,0.0023467913495273
2005-05-12,1.41,1.43,1.38,1.41,111350.0,216730.0,44060159.0,0.0025272264677937
2005-05-13,1.42,1.45,1.41,1.45,193987.0,382536.0,44060159.0,0.0044027757593884
2005-05-16,1.43,1.46,1.41,1.46,293899.0,586384.0,44060159.0,0.0066704026192915
2005-05-17,1.44,1.49,1.44,1.49,181000.0,368546.0,44060159.0,0.0041080196737374
2005-05-18,1.47,1.49,1.44,1.49,233010.0,469906.0,44060159.0,0.0052884511833014
2005-05-19,1.49,1.49,1.46,1.49,120249.0,245699.0,44060159.0,0.0027292003190456
2005-05-20,1.49,1.51,1.45,1.46,339300.0,692149.0,44060159.0,0.0077008346701608
2005-05-23,1.45,1.45,1.39,1.39,187080.0,361276.0,44060159.0,0.0042460128207889
2005-05-24,1.33,1.43,1.33,1.43,173795.0,338006.0,44060159.0,0.0039444932552331
2005-05-25,1.43,1.46,1.41,1.45,118895.0,236812.0,44060159.0,0.002698469608337
2005-05-26,1.46,1.47,1.43,1.46,223200.0,448068.0,44060159.0,0.0050658010562331
2005-05-27,1.45,1.53,1.44,1.53,756496.0,1567269.0,44060159.0,0.017169615751954
2005-05-30,1.52,1.53,1.46,1.52,300206.0,622444.0,44060159.0,0.0068135478131161
2005-05-31,1.51,1.51,1.49,1.49,211300.0,438101.0,44060159.0,0.0047957157848658
2005-06-01,1.47,1.56,1.43,1.54,800907.0,1687681.0,44060159.0,0.0181775785239449
2005-06-02,1.5,1.54,1.48,1.48,289100.0,599467.0,44060159.0,0.0065614833573342
2005-06-03,1.48,1.49,1.44,1.46,279596.0,562110.0,44060159.0,0.006345778280101
2005-06-06,1.46,1.49,1.44,1.47,141940.0,287833.0,44060159.0,0.0032215044888966
2005-06-07,1.49,1.49,1.46,1.48,246816.0,502715.0,44060159.0,0.00560179549057
2005-06-08,1.49,1.55,1.49,1.55,710078.0,1499972.0,44060159.0,0.0161161016236913
2005-06-09,1.56,1.58,1.53,1.56,604535.0,1296956.0,44060159.0,0.0137206722290766
2005-06-10,1.55,1.58,1.52,1.57,499972.0,1073848.0,44060159.0,0.0113474851509273
2005-06-13,1.57,1.58,1.53,1.55,338880.0,726630.0,44060159.0,0.0076913022488184
2005-06-14,1.55,1.59,1.54,1.57,415645.0,900002.0,44060159.0,0.0094335792115502
2005-06-15,1.56,1.56,1.49,1.49,276690.0,576971.0,44060159.0,0.0062798230029083
2005-06-16,1.49,1.49,1.46,1.49,184980.0,376694.0,44060159.0,0.004198350714077
2005-06-17,1.49,1.49,1.43,1.43,290562.0,582810.0,44060159.0,0.0065946652621022
2005-06-20,1.43,1.48,1.41,1.47,160361.0,319788.0,44060159.0,0.0036395919497249
2005-06-21,1.45,1.49,1.45,1.47,205810.0,417772.0,44060159.0,0.0046711134201762
2005-06-22,1.47,1.51,1.47,1.51,267850.0,550911.0,44060159.0,0.0060791882298926
2005-06-23,1.52,1.53,1.47,1.48,212200.0,435722.0,44060159.0,0.0048161424020281
2005-06-24,1.47,1.49,1.46,1.49,179219.0,364562.0,44060159.0,0.0040675976679975
2005-06-27,1.49,1.56,1.47,1.54,557492.0,1170847.0,44060159.0,0.0126529729500068
2005-06-28,1.58,1.62,1.57,1.59,2163354.0,4807755.0,44060159.0,0.0491000043826442
2005-06-29,1.56,1.67,1.52,1.64,1205612.0,2648916.0,44060159.0,0.0273628608557676
2005-06-30,1.59,1.62,1.56,1.57,806010.0,1755875.0,44060159.0,0.0182933974432548
2005-07-01,1.57,1.57,1.49,1.49,727700.0,1518691.0,44060159.0,0.0165160547877278
2005-07-04,1.45,1.55,1.42,1.46,408034.0,831621.0,44060159.0,0.0092608381190816
2005-07-05,1.42,1.45,1.39,1.43,190500.0,373932.0,44060159.0,0.0043236339660054
2005-07-06,1.41,1.46,1.36,1.43,306300.0,595312.0,44060159.0,0.0069518587075457
2005-07-07,1.43,1.49,1.38,1.44,467658.0,935314.0,44060159.0,0.0106140788098381
2005-07-08,1.41,1.43,1.37,1.37,419900.0,801548.0,44060159.0,0.009530151718245
2005-07-11,1.34,1.39,1.3,1.3,453364.0,831156.0,44060159.0,0.0102896587368193
2005-07-12,1.27,1.29,1.24,1.29,742430.0,1283224.0,44060159.0,0.0168503704219496
2005-07-13,1.29,1.29,1.25,1.25,410780.0,715364.0,44060159.0,0.0093231619976677
2005-07-14,1.24,1.31,1.24,1.31,467919.0,832593.0,44060159.0,0.0106200025288152
2005-07-15,1.28,1.3,1.25,1.25,449700.0,787061.0,44060159.0,0.0102064997087277
2005-07-18,1.27,1.3,1.19,1.2,310987.0,532500.0,44060159.0,0.0070582359904783
2005-07-19,1.18,1.22,1.16,1.2,201464.0,327962.0,44060159.0,0.0045724755555239
2005-07-20,1.19,1.22,1.17,1.17,215751.0,353971.0,44060159.0,0.0048967367548537
2005-07-21,1.17,1.2,1.17,1.2,102000.0,167486.0,44060159.0,0.0023150166117194
2005-07-22,1.2,1.25,1.19,1.22,179920.0,303643.0,44060159.0,0.0040835077331427
2005-07-25,1.21,1.23,1.2,1.22,74733.0,124955.0,44060159.0,0.0016961582004277
2005-07-26,1.22,1.26,1.2,1.25,251041.0,429670.0,44060159.0,0.005697687110026
2005-07-27,1.24,1.26,1.23,1.26,330040.0,569827.0,44060159.0,0.0074906674758027
2005-07-28,1.27,1.28,1.25,1.28,426790.0,748233.0,44060159.0,0.0096865288207425
2005-07-29,1.28,1.28,1.23,1.25,335470.0,576959.0,44060159.0,0.0076139080660149
2005-08-01,1.25,1.31,1.24,1.28,525409.0,926460.0,44060159.0,0.0119248094406559
2005-08-02,1.28,1.3,1.25,1.28,329911.0,580421.0,44060159.0,0.0074877396606762
2005-08-03,1.3,1.33,1.29,1.3,783640.0,1412623.0,44060159.0,0.0177856825255669
2005-08-04,1.3,1.32,1.29,1.29,507450.0,909919.0,44060159.0,0.0115172076433042
2005-08-05,1.29,1.33,1.28,1.32,454611.0,818857.0,44060159.0,0.0103179609497096
2005-08-08,1.32,1.38,1.32,1.37,971258.0,1812845.0,44060159.0,0.0220439059241706
2005-08-09,1.38,1.38,1.36,1.38,496276.0,937899.0,44060159.0,0.0112635998431145
2005-08-10,1.38,1.41,1.37,1.41,798775.0,1540833.0,44060159.0,0.0181291901375117
2005-08-11,1.46,1.48,1.43,1.46,1292948.0,2588428.0,44060159.0,0.0293450597851905
2005-08-12,1.46,1.46,1.38,1.38,1194167.0,2348937.0,44060159.0,0.0271031023741879
2005-08-15,1.36,1.46,1.36,1.46,964729.0,1903207.0,44060159.0,0.0218957221647792
2005-08-16,1.46,1.53,1.46,1.49,1401885.0,2921302.0,44060159.0,0.0318175202227481
2005-08-17,1.49,1.51,1.45,1.5,876249.0,1799600.0,44060159.0,0.0198875587353191
2005-08-18,1.51,1.57,1.49,1.49,1315711.0,2799284.0,44060159.0,0.0298616943257059
2005-08-19,1.46,1.52,1.42,1.45,767100.0,1547706.0,44060159.0,0.0174102866946077
2005-08-22,1.46,1.49,1.46,1.49,553167.0,1128518.0,44060159.0,0.0125548117064216
2005-08-23,1.49,1.54,1.48,1.54,766277.0,1600403.0,44060159.0,0.0173916076880249
2005-08-24,1.54,1.62,1.5,1.62,2259227.0,5029851.0,44060159.0,0.0512759611239714
2005-08-25,1.65,1.7,1.57,1.65,1697062.0,3855686.0,44060159.0,0.03851692863841
2005-08-26,1.65,1.73,1.62,1.73,2971440.0,7048733.0,44060159.0,0.0674405192228198
2005-08-29,1.75,1.82,1.64,1.67,2260383.0,5406361.0,44060159.0,0.0513021979789042
2005-08-30,1.63,1.63,1.59,1.59,840948.0,1845301.0,44060159.0,0.0190863587214925
2005-08-31,1.51,1.55,1.51,1.53,1466015.0,3066223.0,44060159.0,0.0332730301767635
2005-09-01,1.53,1.61,1.53,1.61,913155.0,2004210.0,44060159.0,0.0207251862164183
2005-09-02,1.61,1.64,1.59,1.62,739150.0,1649328.0,44060159.0,0.0167759267505139
2005-09-05,1.62,1.7,1.62,1.7,1219689.0,2830980.0,44060159.0,0.0276823558444262
2005-09-06,1.7,1.77,1.62,1.62,1398291.0,3267967.0,44060159.0,0.031735949931547
2005-09-07,1.59,1.7,1.58,1.7,736101.0,1676311.0,44060159.0,0.0167067259108166
2005-09-08,1.7,1.7,1.62,1.65,911097.0,2071900.0,44060159.0,0.0206784773518406
2005-09-09,1.66,1.7,1.64,1.68,1008146.0,2330414.0,44060159.0,0.0228811248729265
2005-09-12,1.66,1.77,1.66,1.77,1468541.0,3514447.0,44060159.0,0.0333303608822655
2005-09-13,1.8,1.86,1.75,1.84,3082239.0,7767598.0,44060159.0,0.069955240061662
2005-09-14,1.83,1.83,1.75,1.78,2388356.0,5861189.0,44060159.0,0.0542067040656843
2005-09-15,1.77,1.83,1.77,1.82,999355.0,2496114.0,44060159.0,0.0226816022157341
2005-09-16,1.81,1.89,1.78,1.88,1575501.0,4050056.0,44060159.0,0.0357579508507901
2005-09-19,1.89,1.98,1.88,1.97,1839392.0,4958599.0,44060159.0,0.0417472846614103
2005-09-20,1.97,2.05,1.95,2.04,2490653.0,6887037.0,44060159.0,0.0565284614610673
2005-09-21,2.04,2.13,1.94,1.96,2637379.0,7475055.0,44060159.0,0.0598585901607844
2005-09-22,1.92,2.06,1.86,2.06,2113769.0,5791983.0,44060159.0,0.0479746112582117
2005-09-23,2.16,2.16,2.16,2.16,484640.0,1444227.0,44060159.0,0.0109995063794481
2005-09-26,2.27,2.27,2.27,2.27,556863.0,1742981.0,44060159.0,0.0126386970142345
2005-09-27,2.38,2.38,2.2,2.38,11498001.0,37446802.0,44060159.0,0.2609614050643802
2005-09-28,2.34,2.5,2.27,2.5,7323656.0,24351992.0,44060159.0,0.1662194637109684
2005-09-29,2.51,2.6,2.38,2.38,6030763.0,20433928.0,44060159.0,0.1368756522190489
2005-09-30,2.26,2.35,2.26,2.26,1967200.0,6161603.0,44060159.0,0.0446480458683773
2005-10-10,2.15,2.16,2.14,2.14,356700.0,1056904.0,44060159.0,0.0080957492686306
2005-10-11,2.04,2.24,2.04,2.09,3863043.0,11036536.0,44060159.0,0.0876765560469266
2005-10-12,2.03,2.09,2.01,2.04,2035926.0,5734560.0,44060159.0,0.0462078677473678
2005-10-13,2.04,2.04,1.93,1.93,2436083.0,6599002.0,44060159.0,0.0552899275737974
2005-10-14,1.89,1.97,1.87,1.9,1353601.0,3588375.0,44060159.0,0.0307216549082358
2005-10-17,1.9,1.95,1.88,1.91,1286489.0,3392279.0,44060159.0,0.0291984647626895
2005-10-18,1.91,1.96,1.91,1.96,962399.0,2571430.0,44060159.0,0.0218428399225704
2005-10-19,1.94,2.05,1.94,2.03,1789423.0,4930058.0,44060159.0,0.040613176180322
2005-10-20,2.01,2.01,1.93,1.93,1558307.0,4183260.0,44060159.0,0.0353677116780264
2005-10-21,1.94,1.96,1.87,1.88,1084789.0,2838492.0,44060159.0,0.0246206328942208
2005-10-24,1.88,1.91,1.8,1.88,1080090.0,2764485.0,44060159.0,0.0245139832563927
2005-10-25,1.87,1.88,1.83,1.84,598856.0,1524555.0,44060159.0,0.0135917802747829
2005-10-26,1.83,1.9,1.79,1.83,1007138.0,2558593.0,44060159.0,0.0228582470617048
2005-10-27,1.83,1.86,1.77,1.77,574419.0,1429371.0,44060159.0,0.0130371522263458
2005-10-28,1.75,1.86,1.68,1.86,2323664.0,5744294.0,44060159.0,0.0527384388240632
2005-10-31,1.87,1.95,1.87,1.95,3038091.0,8054199.0,44060159.0,0.0689532464011307
2005-11-01,1.96,1.96,1.86,1.88,1394440.0,3651413.0,44060159.0,0.0316485467063339
2005-11-02,1.88,1.91,1.87,1.91,912920.0,2384069.0,44060159.0,0.0207198525997148
2005-11-03,1.91,1.91,1.81,1.84,758300.0,1935525.0,44060159.0,0.0172105597712436
2005-11-04,1.82,1.86,1.81,1.83,530320.0,1348602.0,44060159.0,0.0120362706816378
2005-11-07,1.82,1.86,1.81,1.85,416305.0,1052271.0,44060159.0,0.0094485587308025
2005-11-08,1.83,1.94,1.83,1.91,1391369.0,3677776.0,44060159.0,0.0315788465493281
2005-11-09,1.89,1.91,1.85,1.89,727715.0,1893905.0,44060159.0,0.0165163952313472
2005-11-10,1.88,1.88,1.8,1.8,1043883.0,2610866.0,44060159.0,0.0236922204479561
2005-11-11,1.76,1.85,1.75,1.83,533100.0,1328447.0,44060159.0,0.0120993662324278
2005-11-14,1.83,1.87,1.8,1.86,443266.0,1125112.0,44060159.0,0.0100604720922591
2005-11-15,1.86,1.91,1.83,1.83,398910.0,1019731.0,44060159.0,0.0090537576135392
2005-11-16,1.82,1.83,1.79,1.83,357186.0,891613.0,44060159.0,0.0081067796418982
2005-11-17,1.83,1.83,1.8,1.83,347556.0,871242.0,44060159.0,0.0078882148382623
2005-11-18,1.83,1.88,1.82,1.86,892013.0,2282746.0,44060159.0,0.0202453422830362
2005-11-21,1.86,1.91,1.86,1.9,829718.0,2158826.0,44060159.0,0.0188314799317905
2005-11-22,1.91,1.91,1.85,1.85,387463.0,1000093.0,44060159.0,0.0087939537394769
2005-11-23,1.81,1.85,1.81,1.83,440700.0,1112796.0,44060159.0,0.0100022335371054
2005-11-24,1.81,1.85,1.81,1.83,283410.0,717983.0,44060159.0,0.0064323417443863
2005-11-25,1.83,1.9,1.83,1.87,522300.0,1345558.0,44060159.0,0.011854246826481
2005-11-28,1.88,1.95,1.88,1.93,1643005.0,4349726.0,44060159.0,0.0372900379229226
2005-11-29,1.93,1.93,1.84,1.84,909650.0,2341906.0,44060159.0,0.020645635890692
2005-11-30,1.81,1.86,1.8,1.85,500404.0,1262579.0,44060159.0,0.0113572899271652
2005-12-01,1.82,1.86,1.82,1.83,176500.0,447311.0,44060159.0,0.0040058865879262
2005-12-02,1.83,1.83,1.74,1.75,767020.0,1875342.0,44060159.0,0.0174084709953043
2005-12-05,1.72,1.74,1.66,1.66,424200.0,977811.0,44060159.0,0.0096277455557979
2005-12-06,1.6,1.64,1.58,1.63,510939.0,1126734.0,44060159.0,0.0115963948291698
2005-12-07,1.63,1.67,1.63,1.65,192636.0,438515.0,44060159.0,0.0043721131374037
2005-12-08,1.67,1.67,1.57,1.59,440137.0,980957.0,44060159.0,0.0099894555532584
2005-12-09,1.59,1.64,1.59,1.64,236940.0,531212.0,44060159.0,0.0053776474115765
2005-12-12,1.64,1.65,1.63,1.65,225900.0,512626.0,44060159.0,0.0051270809077198
2005-12-13,1.65,1.67,1.62,1.67,197285.0,447128.0,44060159.0,0.0044776279631673
2005-12-14,1.67,1.67,1.64,1.66,252739.0,575751.0,44060159.0,0.0057362253277388
2005-12-15,1.65,1.68,1.64,1.64,291764.0,670204.0,44060159.0,0.0066219461441344
2005-12-16,1.64,1.65,1.63,1.63,180500.0,408070.0,44060159.0,0.0040966715530917
2005-12-19,1.63,1.71,1.63,1.69,504672.0,1166779.0,44060159.0,0.0114541574849968
2005-12-20,1.69,1.72,1.67,1.69,405518.0,951543.0,44060159.0,0.0092037343759926
2005-12-21,1.69,1.72,1.67,1.68,472000.0,1102145.0,44060159.0,0.0107126258895252
2005-12-22,1.67,1.7,1.67,1.68,477305.0,1114049.0,44060159.0,0.0108330294495759
2005-12-23,1.67,1.7,1.67,1.7,374295.0,873832.0,44060159.0,0.0084950896341522
2005-12-26,1.7,1.76,1.7,1.73,546815.0,1304898.0,44060159.0,0.0124106451817389
2005-12-27,1.73,1.79,1.72,1.75,405238.0,984095.0,44060159.0,0.009197379428431
2005-12-28,1.75,1.78,1.72,1.74,371153.0,888564.0,44060159.0,0.0084237780440147
2005-12-29,1.72,1.74,1.7,1.73,329283.0,784202.0,44060159.0,0.0074734864211452
2005-12-30,1.74,1.75,1.7,1.7,334231.0,794395.0,44060159.0,0.0075857874230549
2006-01-04,1.7,1.73,1.69,1.72,312594.0,739193.0,44060159.0,0.0070947088502336
2006-01-05,1.72,1.74,1.7,1.74,444423.0,1053582.0,44060159.0,0.0100867316434332
2006-01-06,1.74,1.76,1.72,1.76,618688.0,1489500.0,44060159.0,0.0140418921320733
2006-01-09,1.75,1.8,1.75,1.8,736403.0,1810723.0,44060159.0,0.0167135801756866
2006-01-10,1.8,1.86,1.79,1.86,1101051.0,2763576.0,44060159.0,0.024989719170101
2006-01-11,1.86,1.86,1.78,1.8,998582.0,2501931.0,44060159.0,0.0226640580212159
2006-01-12,1.79,1.83,1.78,1.81,717770.0,1782234.0,44060159.0,0.0162906811117045
2006-01-13,1.82,1.83,1.78,1.83,673267.0,1677249.0,44060159.0,0.0152806302855148
2006-01-16,1.82,1.84,1.79,1.8,515189.0,1291056.0,44060159.0,0.0116928538546581
2006-01-17,1.8,1.88,1.78,1.86,1360559.0,3435120.0,44060159.0,0.0308795753551411
2006-01-18,1.86,1.87,1.82,1.86,1014883.0,2575588.0,44060159.0,0.0230340294505065
2006-01-19,1.83,1.88,1.83,1.86,1623133.0,4163309.0,44060159.0,0.0368390182159805
2006-01-20,1.86,1.87,1.83,1.83,584840.0,1491007.0,44060159.0,0.0132736697568431
2006-01-23,1.82,1.83,1.74,1.75,1033100.0,2506379.0,44060159.0,0.0234474868781113
2006-01-24,1.67,1.7,1.67,1.67,461999.0,1064049.0,44060159.0,0.0104856407803703
2006-01-25,1.59,1.61,1.59,1.59,1474377.0,3230763.0,44060159.0,0.0334628161464419
2006-02-06,1.56,1.62,1.53,1.59,768740.0,1683035.0,44060159.0,0.0174475085303255
2006-02-07,1.59,1.63,1.57,1.62,745405.0,1649078.0,44060159.0,0.0169178917397914
2006-02-08,1.62,1.64,1.59,1.64,571621.0,1273529.0,44060159.0,0.0129736481432125
2006-02-09,1.64,1.68,1.62,1.64,823110.0,1881327.0,44060159.0,0.0186815031693371
2006-02-10,1.62,1.64,1.61,1.63,444315.0,991960.0,44060159.0,0.0100842804493737
2006-02-13,1.62,1.64,1.59,1.63,371100.0,823749.0,44060159.0,0.0084225751432263
2006-02-14,1.61,1.7,1.6,1.69,1003674.0,2311516.0,44060159.0,0.0227796272818715
2006-02-15,1.7,1.76,1.66,1.7,852627.0,2007098.0,44060159.0,0.0193514281235344
2006-02-16,1.7,1.71,1.64,1.66,747410.0,1719423.0,44060159.0,0.0169633977035806
2006-02-17,1.67,1.72,1.66,1.67,837464.0,1960156.0,44060159.0,0.0190072850168334
2006-02-20,1.66,1.7,1.64,1.64,201900.0,464315.0,44060159.0,0.004582371116727
2006-02-21,1.64,1.67,1.62,1.66,316799.0,715787.0,44060159.0,0.0071901465448638
2006-02-22,1.67,1.7,1.65,1.67,259000.0,597263.0,44060159.0,0.005878326494464
2006-02-23,1.68,1.72,1.67,1.7,975243.0,2275319.0,44060159.0,0.0221343504457167
2006-02-24,1.69,1.69,1.65,1.67,444189.0,1022096.0,44060159.0,0.010081420722971
2006-02-27,1.67,1.69,1.66,1.67,477567.0,1105778.0,44060159.0,0.0108389758647943
2006-02-28,1.67,1.72,1.67,1.7,716476.0,1680782.0,44060159.0,0.0162613121754735
2006-03-01,1.69,1.73,1.68,1.72,625600.0,1487125.0,44060159.0,0.0141987685518792
2006-03-02,1.72,1.76,1.68,1.7,790600.0,1899032.0,44060159.0,0.0179436483649548
2006-03-03,1.7,1.79,1.69,1.79,1779097.0,4346481.0,44060159.0,0.0403788147927473
2006-03-06,1.83,1.84,1.74,1.76,1166118.0,2863946.0,44060159.0,0.0264664955022064
2006-03-07,1.73,1.75,1.67,1.67,618611.0,1453847.0,44060159.0,0.0140401445214938
2006-03-08,1.64,1.64,1.59,1.63,873811.0,1931541.0,44060159.0,0.0198322252990507
2006-03-09,1.62,1.63,1.6,1.62,282580.0,630717.0,44060159.0,0.0064135038641145
2006-03-10,1.61,1.64,1.61,1.64,215700.0,484205.0,44060159.0,0.0048955792465478
2006-03-13,1.62,1.65,1.62,1.64,212800.0,481565.0,44060159.0,0.0048297601468029
2006-03-14,1.65,1.65,1.62,1.64,201760.0,454649.0,44060159.0,0.0045791936429462
2006-03-15,1.64,1.67,1.64,1.66,343500.0,789128.0,44060159.0,0.0077961588835846
2006-03-16,1.65,1.66,1.62,1.64,183477.0,414931.0,44060159.0,0.0041642382634161
2006-03-17,1.64,1.64,1.59,1.64,349600.0,777126.0,44060159.0,0.0079346059554619
2006-03-20,1.66,1.72,1.64,1.64,470423.0,1094171.0,44060159.0,0.0106768339170087
2006-03-21,1.64,1.68,1.64,1.66,247133.0,566008.0,44060159.0,0.0056089901990594
2006-03-22,1.66,1.72,1.66,1.7,476340.0,1118724.0,44060159.0,0.0108111275767298
2006-03-23,1.72,1.72,1.68,1.7,147977.0,345822.0,44060159.0,0.0033585216975726
2006-03-24,1.7,1.71,1.68,1.71,333500.0,779622.0,44060159.0,0.0075691964706709
2006-03-27,1.72,1.76,1.7,1.72,440750.0,1052914.0,44060159.0,0.01000336834917
2006-03-28,1.7,1.73,1.68,1.72,259100.0,610199.0,44060159.0,0.0058805961185932
2006-03-29,1.73,1.73,1.69,1.7,372480.0,874787.0,44060159.0,0.0084538959562084
2006-03-30,1.7,1.7,1.63,1.67,303593.0,694586.0,44060159.0,0.00689041998237
2006-03-31,1.67,1.68,1.63,1.66,241448.0,549164.0,44060159.0,0.005479962067318
2006-04-03,1.66,1.67,1.64,1.65,364827.0,833884.0,44060159.0,0.0082802016216055
2006-04-04,1.67,1.7,1.66,1.68,293535.0,678985.0,44060159.0,0.0066621411874614
2006-04-05,1.68,1.68,1.65,1.67,451290.0,1035734.0,44060159.0,0.010242586732381
2006-04-06,1.67,1.7,1.65,1.7,609432.0,1414491.0,44060159.0,0.0138318157226804
2006-04-07,1.68,1.68,1.66,1.67,441809.0,1017058.0,44060159.0,0.0100274036686976
2006-04-10,1.67,1.72,1.67,1.72,649717.0,1525673.0,44060159.0,0.0147461338031031
2006-04-11,1.72,1.73,1.7,1.72,756333.0,1789122.0,44060159.0,0.0171659162646235
2006-04-12,1.72,1.77,1.71,1.76,1043033.0,2489387.0,44060159.0,0.0236729286428585
2006-04-13,1.76,1.79,1.71,1.72,959380.0,2314005.0,44060159.0,0.0217743199701117
2006-04-14,1.71,1.75,1.7,1.72,494770.0,1176270.0,44060159.0,0.0112294193037297
2006-04-17,1.75,1.81,1.72,1.79,1406478.0,3464138.0,44060159.0,0.0319217640589994
2006-04-18,1.79,1.88,1.74,1.88,4175210.0,10779570.0,44060159.0,0.0947615736021288
2006-04-19,1.9,1.97,1.89,1.97,883355.0,2383289.0,44060159.0,0.0200488382259355
2006-04-20,2.07,2.07,1.9,1.92,4473900.0,12590539.0,44060159.0,0.1015407139134473
2006-04-21,1.92,2.01,1.91,2.01,763917.0,2117329.0,44060159.0,0.0173380445585772
2006-04-24,2.11,2.12,1.96,1.99,2151824.0,6044026.0,44060159.0,0.0488383167205547
2006-04-25,1.99,2.03,1.89,1.89,1181100.0,3152846.0,44060159.0,0.0268065305892336
2006-04-26,1.85,1.96,1.83,1.89,821241.0,2116416.0,44060159.0,0.0186390838943636
2006-04-27,1.89,1.93,1.86,1.91,620820.0,1617389.0,44060159.0,0.0140902805185065
2006-04-28,1.91,1.91,1.82,1.86,675020.0,1718942.0,44060159.0,0.0153204167964986
2006-05-08,1.86,1.96,1.86,1.96,672498.0,1796056.0,44060159.0,0.0152631768759617
2006-05-09,1.99,2.04,1.91,2.0,627524.0,1724753.0,44060159.0,0.0142424361201238
2006-05-10,1.96,2.03,1.93,2.01,1111897.0,3040815.0,44060159.0,0.0252358826031472
2006-05-11,1.98,2.08,1.94,1.99,1382503.0,3867076.0,44060159.0,0.0313776216740388
2006-05-12,1.96,2.04,1.96,2.04,873221.0,2431190.0,44060159.0,0.0198188345166888
2006-05-15,2.04,2.14,2.01,2.14,1872128.0,5427800.0,44060159.0,0.0424902688163245
2006-05-16,2.14,2.25,2.1,2.14,1579584.0,4836522.0,44060159.0,0.0358506196039828
2006-05-17,2.14,2.25,2.12,2.2,1233733.0,3759903.0,44060159.0,0.0280011018571222
2006-05-18,2.2,2.3,2.17,2.28,712910.0,2216966.0,44060159.0,0.0161803773790285
2006-05-19,2.32,2.37,2.26,2.28,968860.0,3081388.0,44060159.0,0.0219894803375539
2006-05-22,2.29,2.38,2.26,2.34,822372.0,2625734.0,44060159.0,0.0186647533432641
2006-05-23,2.35,2.35,2.22,2.22,1009700.0,3136332.0,44060159.0,0.0229163948318933
2006-05-24,2.22,2.23,2.12,2.12,1180293.0,3502528.0,44060159.0,0.0267882147225115
2006-05-25,2.12,2.22,2.09,2.22,675638.0,2012681.0,44060159.0,0.0153344430736166
2006-05-26,2.23,2.3,2.22,2.27,625500.0,1952667.0,44060159.0,0.0141964989277501
2006-05-29,2.3,2.38,2.3,2.38,364535.0,1198473.0,44060159.0,0.0082735743191485
2006-05-30,2.5,2.5,2.5,2.5,149129.0,514495.0,44060159.0,0.0033846677675402
2006-05-31,2.62,2.62,2.57,2.62,1067903.0,3862782.0,44060159.0,0.0242373841637748
2006-06-01,2.75,2.75,2.75,2.75,290705.0,1104679.0,44060159.0,0.0065979108246068
2006-06-02,2.89,2.89,2.79,2.87,4072277.0,16169146.0,44060159.0,0.0924253813972845
2006-06-05,2.79,3.01,2.77,2.99,1591435.0,6363885.0,44060159.0,0.0361195927595268
2006-06-06,3.04,3.14,2.97,3.14,972008.0,4147363.0,44060159.0,0.0220609281051391
2006-06-07,3.14,3.3,2.98,2.98,2257530.0,9695117.0,44060159.0,0.0512374456024999
2006-06-08,2.88,2.9,2.83,2.83,527400.0,2063316.0,44060159.0,0.011969997657067
2006-06-09,2.69,2.9,2.69,2.78,1484001.0,5712888.0,44060159.0,0.03368124477263
2006-06-12,2.7,2.83,2.7,2.77,440400.0,1689254.0,44060159.0,0.009995424664718
2006-06-13,2.75,2.79,2.63,2.63,1017200.0,3757514.0,44060159.0,0.0230866166415786
2006-06-14,2.61,2.61,2.5,2.5,828000.0,2861064.0,44060159.0,0.0187924877892519
2006-06-15,2.54,2.62,2.54,2.62,741017.0,2677668.0,44060159.0,0.0168183006330049
2006-06-16,2.64,2.75,2.64,2.75,312607.0,1183227.0,44060159.0,0.0070950039013703
2006-06-19,2.88,2.89,2.88,2.89,477810.0,1904859.0,44060159.0,0.0108444910514281
2006-06-20,3.04,3.04,2.79,2.96,2374161.0,9763353.0,44060159.0,0.0538845309205534
2006-06-21,2.97,3.01,2.82,2.88,1270660.0,5015464.0,44060159.0,0.0288392059592885
2006-06-22,2.83,2.99,2.77,2.93,736996.0,2949803.0,44060159.0,0.0167270390467723
2006-06-23,2.88,2.96,2.82,2.91,364255.0,1456939.0,44060159.0,0.0082672193715869
2006-06-26,2.9,2.93,2.86,2.91,462689.0,1848547.0,44060159.0,0.0105013011868613
2006-06-27,2.9,2.9,2.76,2.79,1002990.0,3890904.0,44060159.0,0.0227641030528282
2006-06-29,2.72,2.89,2.67,2.8,1535250.0,5942247.0,44060159.0,0.0348444044425713
2006-06-30,2.79,2.94,2.79,2.94,972446.0,3848796.0,44060159.0,0.0220708690588247
2006-07-03,2.97,3.09,2.97,3.09,1967587.0,8345490.0,44060159.0,0.0446568293137571
2006-07-04,3.11,3.23,3.01,3.23,1825667.0,7827084.0,44060159.0,0.0414357787496863
2006-07-05,3.27,3.39,3.17,3.25,1754381.0,7962984.0,44060159.0,0.0398178544929899
2006-07-06,3.25,3.37,3.22,3.28,1135535.0,5141809.0,44060159.0,0.0257723763547925
2006-07-07,3.26,3.41,3.26,3.41,1152592.0,5293786.0,44060159.0,0.0261595061424993
2006-07-10,3.43,3.58,3.42,3.51,1482703.0,7155839.0,44060159.0,0.0336517850514338
2006-07-11,3.54,3.58,3.33,3.44,1314155.0,6203051.0,44060159.0,0.0298263789742565
2006-07-12,3.43,3.62,3.41,3.62,3079801.0,15243017.0,44060159.0,0.0698999066253937
2006-07-13,3.64,3.8,3.64,3.8,7230019.0,37833378.0,44060159.0,0.1640942557651687
2006-07-27,3.97,3.97,3.61,3.62,4153747.0,21595166.0,44060159.0,0.0942744441752922
2006-07-28,3.55,3.66,3.43,3.43,1742026.0,8384429.0,44060159.0,0.039537442431835
2006-07-31,3.4,3.4,3.26,3.26,1604684.0,7243699.0,44060159.0,0.0364202952603961
2006-08-01,3.1,3.23,3.1,3.11,2808065.0,12098185.0,44060159.0,0.0637325208018427
2006-08-02,3.12,3.17,2.97,3.17,1454539.0,6173035.0,44060159.0,0.0330125681117038
2006-08-03,3.14,3.15,3.01,3.04,2803701.0,11825954.0,44060159.0,0.0636334744048472
2006-09-01,3.33,3.55,3.23,3.49,7859304.0,26987769.0,60831744.0,0.1291974137713362
2006-09-04,3.46,3.55,3.32,3.43,5217704.0,17778067.0,60831744.0,0.085772717612699
2006-09-05,3.38,3.4,3.26,3.3,3905516.0,12970586.0,60831744.0,0.0642019403553513
2006-09-06,3.3,3.47,3.3,3.47,5963830.0,20537781.0,60831744.0,0.0980381229905228
2006-09-07,3.55,3.64,3.44,3.64,7147527.0,25771606.0,60831744.0,0.117496664241617
2006-09-08,3.56,3.7,3.52,3.57,3574373.0,12858830.0,60831744.0,0.0587583515606588
2006-09-11,3.56,3.7,3.52,3.6,2077124.0,7482498.0,60831744.0,0.0341453961931454
2006-09-12,3.63,3.63,3.5,3.54,1477712.0,5253508.0,60831744.0,0.0242917908123758
2006-09-13,3.53,3.58,3.46,3.5,1511607.0,5321855.0,60831744.0,0.0248489834517978
2006-09-14,3.43,3.48,3.33,3.46,1439017.0,4899416.0,60831744.0,0.02365569200186
2006-09-15,3.44,3.48,3.39,3.42,986200.0,3388998.0,60831744.0,0.0162119304026529
2006-09-18,3.45,3.49,3.39,3.47,951723.0,3270657.0,60831744.0,0.0156451703899858
2006-09-19,3.45,3.5,3.4,3.4,1305202.0,4496865.0,60831744.0,0.0214559359008349
2006-09-20,3.45,3.57,3.43,3.57,3358135.0,11950235.0,60831744.0,0.0552036614304531
2006-09-21,3.59,3.64,3.47,3.51,1627806.0,5733702.0,60831744.0,0.0267591539049085
2006-09-22,3.48,3.56,3.44,3.52,1505740.0,5272937.0,60831744.0,0.0247525370964212
2006-09-25,3.53,3.61,3.49,3.56,1943558.0,6878325.0,60831744.0,0.0319497333497458
2006-09-26,3.58,3.58,3.43,3.5,1063338.0,3704438.0,60831744.0,0.017479985449702
2006-09-27,3.46,3.51,3.46,3.51,633591.0,2207380.0,60831744.0,0.0104154666353146
2006-09-28,3.52,3.56,3.46,3.52,1048181.0,3670520.0,60831744.0,0.0172308227756876
2006-09-29,3.53,3.53,3.47,3.52,807708.0,2821744.0,60831744.0,0.0132777386753863
2006-10-09,3.52,3.53,3.47,3.49,785055.0,2740630.0,60831744.0,0.0129053508641803
2006-10-10,3.5,3.5,3.35,3.43,1730236.0,5925343.0,60831744.0,0.0284429787184796
2006-10-11,3.43,3.6,3.42,3.6,2524875.0,8950098.0,60831744.0,0.0415058789042773
2006-10-12,3.66,3.78,3.65,3.78,4082122.0,15348113.0,60831744.0,0.0671051285328923
2006-10-13,3.82,3.95,3.71,3.73,3036150.0,11616697.0,60831744.0,0.0499106190346934
2006-10-16,3.7,3.82,3.65,3.74,1640087.0,6137706.0,60831744.0,0.0269610386314092
2006-10-17,3.75,3.83,3.69,3.75,1272095.0,4754399.0,60831744.0,0.0209116970245008
2006-10-18,3.75,3.79,3.72,3.77,1204058.0,4529005.0,60831744.0,0.0197932513656028
2006-10-19,3.74,3.76,3.63,3.67,1349991.0,4983240.0,60831744.0,0.0221922126710685
2006-10-20,3.63,3.7,3.55,3.66,1301250.0,4694194.0,60831744.0,0.0213909698199676
2006-10-23,3.6,3.84,3.6,3.84,1376852.0,5226385.0,60831744.0,0.0226337748922667
2006-10-24,4.02,4.03,3.7,3.83,3415648.0,13456032.0,60831744.0,0.056149105309228
2006-10-25,3.73,3.76,3.64,3.64,3485754.0,12732671.0,60831744.0,0.0573015628156246
2006-10-26,3.6,3.76,3.5,3.67,1599631.0,5785989.0,60831744.0,0.0262959911193734
2006-10-27,3.65,3.65,3.5,3.5,1132224.0,4041615.0,60831744.0,0.0186123876376123
2006-10-30,3.5,3.56,3.39,3.47,1046917.0,3609781.0,60831744.0,0.0172100441506329
2006-10-31,3.47,3.52,3.43,3.48,471226.0,1639774.0,60831744.0,0.0077463832041376
2006-11-01,3.48,3.49,3.4,3.46,872160.0,3005908.0,60831744.0,0.0143372512877487
2006-11-02,3.51,3.54,3.39,3.44,868496.0,2983072.0,60831744.0,0.014277019577147
2006-11-03,3.43,3.49,3.33,3.39,1218675.0,4148371.0,60831744.0,0.0200335370953691
2006-11-06,3.35,3.44,3.34,3.35,862611.0,2914842.0,60831744.0,0.0141802773236289
2006-11-07,3.35,3.4,3.29,3.3,1093534.0,3639420.0,60831744.0,0.0179763710210248
2006-11-08,3.28,3.35,3.15,3.26,1337592.0,4339116.0,60831744.0,0.0219883881678618
2006-11-09,3.21,3.34,3.21,3.31,667906.0,2197753.0,60831744.0,0.0109795635647072
2006-11-10,3.3,3.3,3.16,3.18,745856.0,2403112.0,60831744.0,0.0122609669056997
2006-11-13,3.16,3.19,3.02,3.02,1212127.0,3690905.0,60831744.0,0.0199258959269686
2006-11-14,3.0,3.01,2.87,2.93,1431763.0,4139874.0,60831744.0,0.0235364450507945
2006-11-15,2.9,3.08,2.89,3.08,972331.0,2982376.0,60831744.0,0.0159839408845487
2006-11-16,3.23,3.23,3.06,3.06,1597800.0,5030742.0,60831744.0,0.0262658917028582
2006-11-17,3.06,3.06,2.92,3.02,516114.0,1541890.0,60831744.0,0.00848428741415
2006-11-20,3.02,3.15,3.01,3.03,569760.0,1750594.0,60831744.0,0.0093661625088374
2006-11-21,3.03,3.03,2.88,2.96,914419.0,2679419.0,60831744.0,0.0150319379303016
2006-11-22,2.96,3.1,2.88,3.05,1117256.0,3318461.0,60831744.0,0.0183663318940847
2006-11-23,2.98,3.2,2.98,3.11,1230624.0,3815577.0,60831744.0,0.0202299641450358
2006-11-24,3.09,3.2,3.01,3.16,599365.0,1861326.0,60831744.0,0.0098528327578443
2006-11-27,3.14,3.17,3.1,3.15,625301.0,1958828.0,60831744.0,0.0102791891023213
2006-11-28,3.15,3.25,3.12,3.24,822918.0,2626415.0,60831744.0,0.0135277726050398
2006-11-29,3.24,3.36,3.17,3.24,819462.0,2667028.0,60831744.0,0.0134709601618523
2006-11-30,3.19,3.4,3.18,3.4,2950105.0,9922072.0,60831744.0,0.0484961437239083
2006-12-01,3.42,3.46,3.31,3.44,1483217.0,5022916.0,60831744.0,0.024382286327349
2006-12-04,3.44,3.58,3.34,3.52,2625036.0,9158267.0,60831744.0,0.0431524041132208
2006-12-05,3.52,3.53,3.4,3.53,1331924.0,4627635.0,60831744.0,0.0218952131308285
2006-12-06,3.52,3.63,3.4,3.4,4681919.0,16457270.0,60831744.0,0.076965062846135
2006-12-07,3.42,3.57,3.23,3.57,7815456.0,27278981.0,60831744.0,0.1284766058983941
2006-12-08,3.54,3.71,3.39,3.57,5633171.0,19950840.0,60831744.0,0.0926024905680823
2006-12-11,3.5,3.62,3.39,3.42,2147983.0,7437455.0,60831744.0,0.0353102321051324
2006-12-12,3.42,3.42,3.25,3.35,2436498.0,8064471.0,60831744.0,0.0400530683453691
2006-12-13,3.34,3.35,3.18,3.19,1934931.0,6241269.0,60831744.0,0.0318079159459903
2006-12-14,3.19,3.31,3.19,3.23,1410847.0,4586410.0,60831744.0,0.0231926114102531
2006-12-15,3.25,3.25,3.13,3.15,1814092.0,5751426.0,60831744.0,0.0298214695274888
2006-12-18,3.12,3.2,3.05,3.15,1588895.0,4958761.0,60831744.0,0.0261195043166936
2006-12-19,3.12,3.24,3.12,3.2,1377452.0,4384758.0,60831744.0,0.0226436381636535
2006-12-20,3.2,3.29,3.15,3.26,1347710.0,4340113.0,60831744.0,0.0221547158010133
2006-12-21,3.24,3.27,3.19,3.21,1139953.0,3681019.0,60831744.0,0.018739443011859
2006-12-22,3.2,3.23,3.15,3.21,737335.0,2343746.0,60831744.0,0.0121208920132225
2006-12-25,3.18,3.26,3.16,3.17,1185759.0,3795901.0,60831744.0,0.0194924380270932
2006-12-26,3.18,3.2,3.1,3.1,1069388.0,3352873.0,60831744.0,0.0175794401028515
2006-12-27,3.1,3.26,3.09,3.1,1378872.0,4325628.0,60831744.0,0.0226669812392687
2006-12-28,3.12,3.13,2.95,2.99,1851555.0,5561768.0,60831744.0,0.0304373157540904
2006-12-29,3.0,3.0,2.9,2.94,1364751.0,4004386.0,60831744.0,0.0224348491471821
2007-01-04,2.94,2.98,2.85,2.86,1200106.0,3480952.0,60831744.0,0.0197282852847355
2007-01-05,2.86,2.95,2.82,2.93,1269029.0,3622078.0,60831744.0,0.0208612957077147
2007-01-08,2.92,3.02,2.9,3.02,1276650.0,3803401.0,60831744.0,0.0209865756931118
2007-01-09,3.01,3.17,3.01,3.14,1285371.0,3984080.0,60831744.0,0.0211299383427179
2007-01-10,3.14,3.16,3.06,3.13,1718912.0,5344736.0,60831744.0,0.0282568259098407
2007-01-11,3.12,3.29,3.04,3.28,5129143.0,16460282.0,60831744.0,0.0843168823172322
2007-01-12,3.22,3.31,3.12,3.12,2464386.0,7894267.0,60831744.0,0.0405115131994243
2007-01-15,3.08,3.19,3.0,3.18,1952067.0,6104483.0,60831744.0,0.0320896109767952
2007-01-16,3.17,3.32,3.14,3.32,3334951.0,10755644.0,60831744.0,0.0548225446240699
2007-01-17,3.35,3.44,3.28,3.33,6037165.0,20313283.0,60831744.0,0.0992436613357657
2007-01-18,3.33,3.36,3.24,3.34,3124512.0,10316797.0,60831744.0,0.0513631830118169
2007-01-19,3.35,3.42,3.34,3.4,3577625.0,12088916.0,60831744.0,0.0588118104915749
2007-01-22,3.42,3.57,3.42,3.57,8214450.0,29038744.0,60831744.0,0.1350355827378547
2007-01-23,3.59,3.75,3.56,3.75,6729358.0,24711000.0,60831744.0,0.1106224736874221
2007-01-24,3.91,3.94,3.68,3.7,6971209.0,26865076.0,60831744.0,0.1145982104343416
2007-01-25,3.75,3.89,3.72,3.89,5666885.0,21809491.0,60831744.0,0.0931567077873026
2007-01-26,3.9,3.92,3.7,3.8,4317238.0,16284908.0,60831744.0,0.0709701500584957
2007-01-29,3.95,3.95,3.7,3.82,3712920.0,14043066.0,60831744.0,0.061035895995354
2007-01-30,3.84,3.84,3.69,3.74,2791514.0,10475625.0,60831744.0,0.0458891002697538
2007-01-31,3.74,3.93,3.67,3.93,8046161.0,31355664.0,60831744.0,0.1322691159405195
2007-02-01,3.89,3.94,3.73,3.83,4029127.0,15452890.0,60831744.0,0.0662339550876595
2007-02-02,3.83,4.02,3.81,4.02,7380767.0,29540050.0,60831744.0,0.1213308466053513
2007-02-05,4.12,4.22,4.12,4.22,1486356.0,6249049.0,60831744.0,0.0244338876754873
2007-02-06,4.43,4.43,4.02,4.11,7420839.0,31055090.0,60831744.0,0.1219895816236996
2007-02-07,4.08,4.32,3.93,4.32,5616233.0,22948362.0,60831744.0,0.092324050416835
2007-02-08,4.3,4.49,4.2,4.36,3574770.0,15592286.0,60831744.0,0.0587648777585597
2007-02-09,4.35,4.51,4.27,4.35,3085798.0,13574845.0,60831744.0,0.0507267718643739
2007-02-12,4.26,4.4,4.17,4.31,2471954.0,10602878.0,60831744.0,0.0406359219291822
2007-02-13,4.33,4.53,4.25,4.46,3281992.0,14511416.0,60831744.0,0.0539519629751203
2007-02-14,4.45,4.68,4.43,4.68,4070918.0,18904231.0,60831744.0,0.0669209483785307
2007-02-15,4.66,4.83,4.48,4.73,3869626.0,17941284.0,60831744.0,0.0636119523385684
2007-02-16,4.79,4.79,4.61,4.65,2771804.0,13005496.0,60831744.0,0.0455650918046998
2007-02-26,4.58,4.88,4.58,4.88,2562892.0,12271764.0,60831744.0,0.0421308322181261
2007-02-27,5.03,5.12,4.64,4.64,6949397.0,34856968.0,60831744.0,0.1142396476418627
2007-02-28,4.67,4.87,4.66,4.87,3311809.0,15946088.0,60831744.0,0.0544421182466838
2007-03-01,4.97,5.11,4.92,5.11,4782248.0,24251988.0,60831744.0,0.0786143497710668
2007-03-02,5.11,5.36,5.06,5.14,3413587.0,17769379.0,60831744.0,0.0561152249720146
2007-03-05,5.1,5.28,4.93,5.2,3866111.0,19679891.0,60831744.0,0.0635541700070279
2007-03-06,5.2,5.33,5.1,5.22,2947582.0,15463391.0,60831744.0,0.0484546686677271
2007-03-07,5.18,5.28,5.04,5.18,3007275.0,15411032.0,60831744.0,0.0494359490992071
2007-03-08,5.19,5.29,5.15,5.18,2246125.0,11688255.0,60831744.0,0.0369235674058596
2007-03-09,5.18,5.44,5.16,5.44,4464284.0,23861644.0,60831744.0,0.0733874077323839
2007-03-12,5.44,5.59,5.3,5.54,3402332.0,18608122.0,60831744.0,0.0559302064395852
2007-03-13,5.58,5.68,5.4,5.67,3448386.0,19074479.0,60831744.0,0.0566872782736592
2007-03-14,5.75,5.95,5.55,5.95,5293948.0,30844950.0,60831744.0,0.0870260763853819
2007-03-15,6.2,6.25,5.98,6.25,3576737.0,22198086.0,60831744.0,0.0587972128499225
2007-03-16,6.55,6.56,6.18,6.4,7264092.0,46893146.0,60831744.0,0.1194128512902737
2007-03-19,6.08,6.26,6.08,6.08,4982113.0,30474673.0,60831744.0,0.0818998876639144
2007-03-20,5.88,6.38,5.78,6.16,7064544.0,42084816.0,60831744.0,0.1161325244924755
2007-03-21,6.03,6.45,5.95,6.37,5425041.0,33588036.0,60831744.0,0.0891810861118826
2007-03-22,6.37,6.65,6.3,6.45,4748111.0,30957730.0,60831744.0,0.0780531789455189
2007-03-23,6.44,6.54,6.14,6.37,4576689.0,29047635.0,60831744.0,0.0752352094327593
2007-03-26,6.37,6.4,6.05,6.08,8038258.0,49088719.0,60831744.0,0.1321392002175706
2007-03-27,6.08,6.22,5.9,6.16,4702174.0,28665825.0,60831744.0,0.0772980304493653
2007-03-28,6.19,6.2,5.9,6.01,3991414.0,24223911.0,60831744.0,0.0656139991646466
2007-03-29,6.0,6.18,5.71,5.76,4215529.0,25106459.0,60831744.0,0.0692981776093744
2007-03-30,5.68,6.05,5.48,6.05,3559850.0,20749710.0,60831744.0,0.058519611076743
2007-04-02,6.35,6.35,6.3,6.35,4922178.0,31243657.0,60831744.0,0.0809146290463084
2007-04-03,6.67,6.67,6.38,6.4,10906095.0,71558147.0,60831744.0,0.1792829579240733
2007-04-04,6.3,6.4,6.09,6.29,5149445.0,32151988.0,60831744.0,0.0846506225433878
2007-04-05,6.3,6.39,6.18,6.36,3024798.0,19058751.0,60831744.0,0.0497240059400565
2007-04-06,6.3,6.63,6.25,6.47,4100293.0,26726808.0,60831744.0,0.0674038377068393
2007-04-09,6.46,6.58,6.35,6.53,5347806.0,34711056.0,60831744.0,0.0879114365026259
2007-04-10,6.51,6.58,6.3,6.48,3666089.0,23566348.0,60831744.0,0.0602660512248341
2007-04-12,7.13,7.13,7.13,7.13,1270899.0,9061510.0,60831744.0,0.02089203623687
2007-04-13,7.84,7.84,7.84,7.84,2707557.0,21227247.0,60831744.0,0.0445089491433946
2007-04-16,8.29,8.62,7.86,8.43,13806803.0,113308911.0,60831744.0,0.2269670749534979
2007-04-17,8.65,9.0,8.28,8.62,8158593.0,70327337.0,60831744.0,0.1341173614881072
2007-04-18,8.63,8.74,8.31,8.64,6737919.0,57724009.0,60831744.0,0.1107632061313251
2007-04-19,8.59,8.59,7.78,7.78,6945594.0,56548706.0,60831744.0,0.1141771309400565
2007-04-20,7.88,8.23,7.88,8.15,4447170.0,36019140.0,60831744.0,0.0731060743548631
2007-04-23,8.29,8.97,8.17,8.97,4467738.0,38652032.0,60831744.0,0.0734441872980002
2007-04-24,9.79,9.87,9.3,9.87,14435177.0,141584450.0,60831744.0,0.2372967804441049
2007-04-25,9.85,9.85,9.05,9.51,9759950.0,92947073.0,60831744.0,0.1604417259515032
2007-04-26,9.56,9.9,9.5,9.9,6297856.0,61354738.0,60831744.0,0.1035291048042285
2007-04-27,10.02,10.89,9.9,10.6,7496799.0,79383653.0,60831744.0,0.1232382717812594
2007-04-30,10.35,10.49,9.9,10.12,6825734.0,69104752.0,60831744.0,0.112206778092701
2007-05-08,10.02,10.69,9.65,10.23,6621765.0,67010203.0,60831744.0,0.1088537754235683
2007-05-09,10.3,10.4,9.48,9.99,5019206.0,49631449.0,60831744.0,0.0825096515398276
2007-05-10,9.99,10.26,9.9,10.26,4714397.0,47532700.0,60831744.0,0.0774989617262986
2007-05-11,10.26,11.2,10.0,10.98,6888866.0,72653705.0,60831744.0,0.1132445915080126
2007-05-14,10.71,11.18,10.5,10.69,5108543.0,55191835.0,60831744.0,0.0839782433329545
2007-05-15,10.69,10.69,9.7,9.82,5139808.0,52330609.0,60831744.0,0.0844922019661313
2007-05-16,9.78,10.1,9.75,10.05,2846817.0,28347577.0,60831744.0,0.0467982144322543
2007-05-17,10.1,10.5,10.1,10.31,3433496.0,35496506.0,60831744.0,0.0564425047554119
2007-05-18,10.36,10.67,10.2,10.21,3607430.0,37479890.0,60831744.0,0.0593017684977106
2007-05-21,9.71,10.49,9.55,10.45,4648641.0,47548443.0,60831744.0,0.0764180129374558
2007-05-22,10.45,11.27,10.45,10.9,7478101.0,81939723.0,60831744.0,0.1229308993672777
2007-05-23,10.8,11.49,10.8,11.26,6118639.0,68522979.0,60831744.0,0.1005829949573696
2007-05-24,11.26,11.39,10.5,10.85,5544248.0,60128626.0,60831744.0,0.0911407044322122
2007-05-25,10.84,11.2,10.7,10.82,3990089.0,43734659.0,60831744.0,0.0655922177736676
2007-05-28,10.99,11.24,10.9,11.14,5931878.0,65800875.0,60831744.0,0.0975128709116082
2007-05-29,11.2,12.25,11.05,12.25,10976423.0,129860151.0,60831744.0,0.180439064840883
2007-05-30,11.04,12.1,11.03,11.03,7390002.0,84613603.0,60831744.0,0.1214826587907787
2007-05-31,10.5,10.88,9.93,9.93,5816196.0,58713950.0,60831744.0,0.0956111993106756
2007-06-01,9.75,10.2,8.94,8.94,4203716.0,39145172.0,60831744.0,0.0691039862345554
2007-06-04,8.18,8.85,8.05,8.05,2075300.0,16902120.0,60831744.0,0.0341154118481298
2007-06-05,7.25,7.62,7.25,7.55,6332133.0,46254006.0,60831744.0,0.1040925770597667
2007-06-06,7.55,7.88,7.28,7.61,4486695.0,34293903.0,60831744.0,0.0737558173574639
2007-06-07,7.65,8.37,7.42,8.25,5376126.0,42826303.0,60831744.0,0.0883769829120795
2007-06-08,8.2,8.97,8.03,8.5,4760079.0,40479466.0,60831744.0,0.0782499183321129
2007-06-11,8.75,8.92,8.5,8.62,4512509.0,39136979.0,60831744.0,0.0741801681700922
2007-06-12,9.1,9.48,8.38,9.48,8374786.0,76238446.0,60831744.0,0.1376713118729589
2007-06-13,9.6,10.34,9.2,9.73,6947160.0,68595787.0,60831744.0,0.1142028740783759
2007-06-14,9.7,10.0,9.11,9.65,4361103.0,42346247.0,60831744.0,0.0716912373907938
2007-06-15,9.5,9.88,9.36,9.46,2883157.0,27466388.0,60831744.0,0.0473955999025771
2007-06-18,9.61,10.0,9.53,9.76,3417561.0,33377625.0,60831744.0,0.056180552706166
2007-06-19,9.76,10.53,9.55,10.49,5702555.0,57759919.0,60831744.0,0.0937430792712436
2007-06-20,10.5,10.75,9.8,9.93,4257902.0,43984639.0,60831744.0,0.0699947382734909
2007-06-21,9.7,10.05,9.05,9.3,4256989.0,40289801.0,60831744.0,0.0699797296621974
2007-06-22,9.42,9.45,8.37,8.37,4008383.0,35184419.0,60831744.0,0.065892948918249
2007-06-25,8.2,8.56,7.53,7.6,3037604.0,24296724.0,60831744.0,0.0499345210290206
2007-06-26,7.55,8.03,7.21,8.03,2729465.0,20746635.0,60831744.0,0.0448690900592953
2007-06-27,8.12,8.3,7.74,8.17,2325685.0,18707643.0,60831744.0,0.0382314371917398
2007-06-28,8.17,8.17,7.35,7.47,2369685.0,18355995.0,60831744.0,0.0389547437600999
2007-07-02,6.95,7.3,6.72,7.16,2712947.0,18877877.0,60831744.0,0.0445975541980187
2007-07-03,7.25,7.44,6.66,7.31,2343211.0,16716152.0,60831744.0,0.0385195433489462
2007-07-04,7.24,7.24,6.81,6.94,1242634.0,8732503.0,60831744.0,0.0204273939606268
2007-07-05,6.71,6.9,6.25,6.25,2057326.0,13328337.0,60831744.0,0.0338199411149547
2007-07-06,6.03,6.66,5.71,6.59,3114013.0,19515053.0,60831744.0,0.0511905922013348
2007-07-09,6.6,6.78,6.4,6.68,2289346.0,15140187.0,60831744.0,0.0376340681602026
2007-07-10,6.68,6.72,6.29,6.3,1201282.0,7764621.0,60831744.0,0.0197476172966535
2007-07-11,6.2,6.52,6.15,6.48,1288380.0,8202521.0,60831744.0,0.0211794026487223
2007-07-12,6.63,7.0,6.4,6.9,2658494.0,17838840.0,60831744.0,0.0437024130033161
2007-07-13,6.88,6.95,6.62,6.95,1568720.0,10667391.0,60831744.0,0.0257878518163148
2007-07-16,7.0,7.47,6.99,7.13,4560152.0,33154988.0,60831744.0,0.0749633612345554
2007-07-17,7.13,7.37,6.81,7.2,2238815.0,15942157.0,60831744.0,0.036803399882798
2007-07-18,7.18,7.2,6.92,7.07,1270795.0,8973214.0,60831744.0,0.0208903266031629
2007-07-19,7.09,7.11,6.95,7.0,892180.0,6256919.0,60831744.0,0.0146663557763525
2007-07-20,6.99,7.29,6.99,7.15,1707399.0,12225024.0,60831744.0,0.028067566170715
2007-07-23,7.1,7.6,7.1,7.55,2210125.0,16421369.0,60831744.0,0.0363317711226559
2007-07-24,7.5,8.08,7.5,7.68,2809029.0,21954983.0,60831744.0,0.0461770256003181
2007-07-25,7.68,7.95,7.61,7.88,1611255.0,12620058.0,60831744.0,0.0264870755637056
2007-07-26,7.9,8.34,7.9,8.2,2198709.0,17983100.0,60831744.0,0.0361441059457378
2007-07-27,8.14,8.36,8.01,8.32,2000107.0,16459365.0,60831744.0,0.0328793302391593
2007-07-30,8.33,8.68,8.28,8.36,2536006.0,21398337.0,60831744.0,0.0416888590272868
2007-07-31,8.3,8.6,8.1,8.48,2838139.0,23669437.0,60831744.0,0.0466555586504309
2007-08-01,8.5,8.76,7.7,7.89,2418545.0,20143520.0,60831744.0,0.0397579428266925
2007-08-02,7.91,8.18,7.75,8.03,2104196.0,16806422.0,60831744.0,0.0345904269981146
2007-08-03,8.05,8.16,7.79,8.0,1831357.0,14589905.0,60831744.0,0.0301052851616419
2007-08-06,8.0,8.45,7.9,8.2,2569675.0,21140415.0,60831744.0,0.042242336501153
2007-08-07,8.2,9.02,8.03,8.8,5022578.0,43111419.0,60831744.0,0.082565083125021
2007-08-08,8.69,9.35,8.5,9.27,6452735.0,58658609.0,60831744.0,0.1060751274860704
2007-08-09,9.28,9.42,9.0,9.07,2769611.0,25343877.0,60831744.0,0.0455290415477813
2007-08-10,9.06,9.16,8.33,8.54,2585886.0,22420870.0,60831744.0,0.0425088256552368
2007-08-13,8.63,8.77,8.33,8.55,1737918.0,14784514.0,60831744.0,0.028569261469801
2007-08-14,8.54,8.75,8.4,8.7,2011117.0,17386903.0,60831744.0,0.0330603212691058
2007-08-15,8.9,8.96,8.5,8.71,1659747.0,14478282.0,60831744.0,0.027284225157181
2007-08-16,8.55,8.75,8.4,8.66,1401941.0,11990241.0,60831744.0,0.0230462075853028
2007-08-17,8.66,8.91,8.56,8.68,1187539.0,10352324.0,60831744.0,0.0195216990655405
2007-08-20,8.78,9.14,8.78,9.01,1969303.0,17779668.0,60831744.0,0.0323729498861646
2007-08-21,9.1,9.3,9.02,9.19,2562727.0,23507947.0,60831744.0,0.0421281198184947
2007-08-22,9.06,10.11,9.0,9.72,5256842.0,51240144.0,60831744.0,0.0864160988052553
2007-08-23,9.67,10.0,9.5,9.65,3009529.0,29028132.0,60831744.0,0.0494730021220499
2007-08-24,9.75,9.97,9.48,9.79,2848081.0,27708161.0,60831744.0,0.046818993057309
2007-08-27,9.7,10.77,9.67,10.35,6705864.0,70399396.0,60831744.0,0.1102362608574891
2007-08-28,10.1,10.98,9.99,10.44,4952214.0,52349693.0,60831744.0,0.081408384411928
2007-08-29,10.2,10.75,9.7,9.8,4544912.0,46123796.0,60831744.0,0.0747128341413325
2007-08-30,9.81,10.3,9.81,10.07,2706763.0,27373963.0,60831744.0,0.0444958967475928
2007-09-03,10.8,10.8,10.02,10.13,3817751.0,38952159.0,60831744.0,0.0627591903332575
2007-09-04,10.0,10.16,9.4,9.71,5334444.0,51674532.0,60831744.0,0.0876917814488435
2007-09-05,9.56,10.19,9.56,10.14,3927924.0,38703669.0,68399786.0,0.057425969139728
2007-09-06,10.14,10.75,10.0,10.43,6387075.0,67487024.0,68399786.0,0.0933785816230477
2007-09-07,10.43,10.69,10.2,10.31,4969264.0,51867242.0,68399786.0,0.0726502857772098
2007-09-10,10.2,11.14,9.7,11.1,5367226.0,57152951.0,68399786.0,0.0784684618750123
2007-09-11,11.0,12.21,10.81,10.98,9615460.0,112924102.0,68399786.0,0.1405773404027901
2007-09-12,10.88,12.0,10.35,11.96,8007611.0,91126337.0,68399786.0,0.1170707025311453
2007-09-13,11.75,12.55,11.65,11.96,5989301.0,72422622.0,68399786.0,0.0875631540718563
2007-09-14,12.0,12.25,11.6,12.0,3802431.0,45439841.0,68399786.0,0.0555912704171325
2007-09-17,12.08,13.2,12.0,13.2,6750416.0,87200787.0,68399786.0,0.0986906011665007
2007-09-18,13.58,14.26,13.15,13.37,6895795.0,93969914.0,68399786.0,0.100816031792848
2007-09-19,13.1,13.8,12.83,12.98,3550229.0,47069875.0,68399786.0,0.0519040951385432
2007-09-20,12.9,13.88,12.88,13.42,3810011.0,50818583.0,68399786.0,0.0557020894772974
2007-09-21,13.46,13.58,12.7,13.2,3436934.0,45078962.0,68399786.0,0.0502477303072264
2007-09-24,13.45,14.25,12.9,13.8,5129799.0,70072078.0,68399786.0,0.0749972960441718
2007-09-25,13.95,15.14,13.6,15.14,6820003.0,99380724.0,68399786.0,0.0997079581506293
2007-09-26,14.94,15.52,13.98,14.2,4602426.0,67960930.0,68399786.0,0.0672871403428075
2007-09-27,14.0,14.49,13.8,14.21,2307801.0,32305409.0,68399786.0,0.0337398862622172
2007-09-28,14.4,15.0,14.29,14.57,3396049.0,50095925.0,68399786.0,0.0496499945189887
2007-10-08,14.58,15.98,14.58,15.03,3732702.0,57245725.0,68399786.0,0.054571837403117
2007-10-09,15.05,15.3,14.17,15.0,3224702.0,47273993.0,68399786.0,0.0471449135820395
2007-10-10,14.3,14.68,13.5,13.75,6964510.0,96986857.0,68399786.0,0.1018206401990789
2007-10-11,13.74,13.74,12.38,12.42,6721412.0,86098084.0,68399786.0,0.0982665647521177
2007-10-12,12.19,12.9,11.2,11.9,5897695.0,70654234.0,68399786.0,0.0862238808758846
2007-10-15,11.9,12.96,11.38,12.3,3475798.0,43318020.0,68399786.0,0.0508159192193963
2007-10-16,12.3,13.53,12.25,13.29,5609542.0,73743304.0,68399786.0,0.0820111045376662
2007-10-17,13.0,14.58,12.65,13.36,6536585.0,89224638.0,68399786.0,0.095564407175192
2007-10-18,13.1,13.48,12.65,13.12,2438781.0,31911442.0,68399786.0,0.0356548045340375
2007-10-19,13.12,13.5,12.88,13.3,1928135.0,25428308.0,68399786.0,0.0281891963814038
2007-10-22,13.1,13.28,11.97,11.97,2099040.0,26377482.0,68399786.0,0.0306878153098315
2007-10-23,11.51,11.9,10.8,10.86,2763499.0,30594162.0,68399786.0,0.0404021585681569
2007-10-24,11.1,11.75,11.0,11.41,2361189.0,27135370.0,68399786.0,0.0345204150200119
2007-10-25,11.45,11.45,10.27,10.27,2345320.0,24452078.0,68399786.0,0.0342884113701759
2007-10-26,9.9,10.2,9.52,9.84,1636398.0,16025632.0,68399786.0,0.023924022218432
2007-10-29,10.1,10.1,9.04,9.2,1583826.0,14858044.0,68399786.0,0.0231554233225232
2007-10-30,9.08,10.0,9.08,9.95,1486915.0,14375075.0,68399786.0,0.0217385914043649
2007-10-31,10.0,10.78,10.0,10.7,2013273.0,21108165.0,68399786.0,0.0294339078780158
2007-11-01,10.69,10.88,10.0,10.24,1315042.0,13583083.0,68399786.0,0.0192258203848766
2007-11-02,10.0,10.85,9.51,10.69,1719409.0,18110150.0,68399786.0,0.0251376371265255
2007-11-05,10.5,11.6,10.4,11.35,3070180.0,34633767.0,68399786.0,0.0448858129468416
2007-11-06,11.41,12.0,11.1,11.38,2277236.0,26414206.0,68399786.0,0.0332930281390061
2007-11-07,11.36,11.65,11.03,11.39,1175279.0,13197651.0,68399786.0,0.0171824952785671
2007-11-08,11.39,11.65,10.8,11.38,1483931.0,16724431.0,68399786.0,0.0216949655368804
2007-11-09,11.23,11.23,10.6,10.65,1180479.0,12791497.0,68399786.0,0.0172585189082316
2007-11-12,10.4,10.4,9.59,9.98,1316160.0,13075139.0,68399786.0,0.0192421654652545
2007-11-13,9.98,10.39,9.95,10.08,802437.0,8137428.0,68399786.0,0.0117315717917597
2007-11-14,10.2,10.9,10.0,10.9,800075.0,8332225.0,68399786.0,0.0116970395199774
2007-11-15,10.78,11.16,10.48,10.55,1586166.0,17277723.0,68399786.0,0.0231896339558723
2007-11-16,10.79,11.0,10.43,10.9,1161900.0,12501743.0,68399786.0,0.0169868952513974
2007-11-19,11.01,11.3,10.9,11.15,851090.0,9417587.0,68399786.0,0.0124428751867732
2007-11-20,11.18,11.25,10.81,11.19,987690.0,10954511.0,68399786.0,0.0144399574583464
2007-11-21,11.18,11.55,10.8,11.39,1766070.0,19812768.0,68399786.0,0.025819817623406
2007-11-22,11.19,11.37,10.49,10.79,950259.0,10453821.0,68399786.0,0.0138927189041205
2007-11-23,10.81,11.0,10.5,10.8,694147.0,7458915.0,68399786.0,0.0101483797039949
2007-11-26,10.9,11.19,10.8,10.85,718567.0,7878488.0,68399786.0,0.0105053983648428
2007-11-27,10.58,10.88,10.47,10.58,598234.0,6394823.0,68399786.0,0.0087461384747607
2007-11-28,10.8,10.88,10.36,10.6,588605.0,6266287.0,68399786.0,0.0086053631805222
2007-11-29,10.79,10.85,10.43,10.8,692293.0,7370921.0,68399786.0,0.0101212743560338
2007-11-30,10.8,11.18,10.69,11.09,933684.0,10256195.0,68399786.0,0.0136503935845647
2007-12-03,11.1,11.32,11.0,11.17,645974.0,7197236.0,68399786.0,0.0094440938747966
2007-12-04,11.34,11.34,10.86,11.0,603840.0,6645420.0,68399786.0,0.0088280977955106
2007-12-05,11.0,11.1,10.81,11.0,838138.0,9168256.0,68399786.0,0.0122535178691933
2007-12-06,11.0,11.0,10.71,10.98,667818.0,7240201.0,68399786.0,0.0097634515991029
2007-12-07,10.82,11.08,10.73,10.94,795378.0,8650408.0,68399786.0,0.01162836971449
2007-12-10,10.94,11.5,10.69,11.39,1866101.0,20690904.0,68399786.0,0.027282263719363
2007-12-11,11.18,12.51,11.18,12.26,3439119.0,40546720.0,68399786.0,0.0502796748516143
2007-12-12,12.15,12.5,11.89,12.26,1941179.0,23744639.0,68399786.0,0.0283798987324317
2007-12-13,12.27,12.65,11.92,12.12,1860876.0,22955518.0,68399786.0,0.0272058745914789
2007-12-14,11.8,13.28,11.8,12.99,2768945.0,35618042.0,68399786.0,0.0404817787003017
2007-12-17,13.0,13.24,12.73,12.89,1604556.0,20783523.0,68399786.0,0.0234584944461668
2007-12-18,12.89,13.08,12.3,12.6,864002.0,10963717.0,68399786.0,0.0126316477072018
2007-12-19,12.65,12.97,12.5,12.8,984753.0,12478813.0,68399786.0,0.0143970187275147
2007-12-20,12.88,13.1,12.83,13.01,1021739.0,13263782.0,68399786.0,0.0149377514134327
2007-12-21,12.9,13.0,12.7,12.8,949915.0,12170644.0,68399786.0,0.0138876896486196
2007-12-24,12.8,13.5,12.8,13.15,1645287.0,21900757.0,68399786.0,0.0240539787653721
2007-12-25,13.09,13.29,12.26,12.3,4911802.0,61517289.0,68399786.0,0.0718101954295588
2007-12-26,12.21,13.53,12.01,13.53,8622149.0,108989258.0,68399786.0,0.126055204324762
2007-12-27,13.35,13.79,13.1,13.33,5525729.0,74645850.0,68399786.0,0.0807857644466899
2007-12-28,13.3,14.49,13.2,14.17,5291658.0,73614783.0,68399786.0,0.0773636630968406
2008-01-02,14.17,14.75,13.85,14.4,3244980.0,46252789.0,68399786.0,0.0474413764978738
2008-01-03,14.4,14.5,14.0,14.22,2117592.0,30076068.0,68399786.0,0.0309590442285886
2008-01-04,14.15,14.27,13.71,14.13,2358489.0,32873058.0,68399786.0,0.0344809412123014
2008-01-07,14.02,14.35,13.71,14.1,2168773.0,30401526.0,68399786.0,0.0317073068035622
2008-01-08,14.15,14.26,13.2,13.53,2304308.0,31659861.0,68399786.0,0.0336888188509829
2008-01-09,13.53,14.2,13.34,14.1,2760976.0,38037812.0,68399786.0,0.0403652724878408
2008-01-10,14.1,14.2,13.51,13.6,3205476.0,44423211.0,68399786.0,0.0468638308312835
2008-01-11,13.75,13.75,12.7,12.9,4290397.0,56010352.0,68399786.0,0.0627252985849984
2008-01-14,13.1,13.35,12.78,13.02,3188692.0,41678092.0,68399786.0,0.0466184499466124
2008-01-15,13.02,13.38,13.0,13.35,3607791.0,47417891.0,68399786.0,0.0527456474790725
2008-01-16,13.35,13.35,12.82,12.88,2485188.0,32275891.0,68399786.0,0.0363332715690075
2008-01-17,12.73,12.98,11.8,12.08,3735674.0,46008499.0,68399786.0,0.054615287831456
2008-01-18,12.08,12.39,11.8,12.23,2050241.0,24824198.0,68399786.0,0.0299743774052158
2008-01-21,12.24,12.4,11.01,11.01,2171541.0,25600288.0,68399786.0,0.0317477747664298
2008-01-22,11.01,11.05,9.91,9.91,2531934.0,25764930.0,68399786.0,0.0370166947598344
2008-01-23,9.7,10.4,9.48,10.27,2724067.0,27392377.0,68399786.0,0.0398256655364389
2008-01-24,10.27,10.85,9.99,10.55,3270070.0,33912165.0,68399786.0,0.0478081905110054
2008-01-25,10.49,10.75,10.31,10.36,1956135.0,20519460.0,68399786.0,0.02859855438729
2008-01-28,10.4,10.44,9.32,9.32,2210610.0,21423370.0,68399786.0,0.032318960764
2008-01-29,9.32,9.55,8.85,9.08,1746436.0,16162268.0,68399786.0,0.0255327699417071
2008-01-30,9.16,9.54,9.13,9.51,2205272.0,20664892.0,68399786.0,0.0322409195841636
2008-01-31,9.5,9.55,9.02,9.13,1179058.0,10994447.0,68399786.0,0.0172377439894329
2008-02-01,9.26,9.37,8.22,8.53,1402943.0,12033621.0,68399786.0,0.0205109267447123
2008-02-04,8.85,9.3,8.65,9.27,1226428.0,11079494.0,68399786.0,0.0179302900158196
2008-02-05,9.26,9.39,9.0,9.3,1164570.0,10769671.0,68399786.0,0.0170259304612444
2008-02-13,9.38,10.23,9.21,10.23,3517719.0,35216585.0,68399786.0,0.0514288012538518
2008-02-14,10.42,11.18,10.2,10.6,4848420.0,51878249.0,68399786.0,0.0708835551035203
2008-02-15,10.5,10.5,10.02,10.26,1863051.0,18984820.0,68399786.0,0.027237672936579
2008-02-18,10.32,10.84,10.1,10.72,1988566.0,20812086.0,68399786.0,0.0290726932976076
2008-02-19,10.5,10.8,10.4,10.7,1850549.0,19734651.0,68399786.0,0.0270548945869509
2008-02-20,10.71,11.15,10.58,10.6,2007854.0,21759130.0,68399786.0,0.0293546824839481
2008-02-21,10.5,10.8,10.11,10.6,1790349.0,18758970.0,68399786.0,0.0261747748742956
2008-02-22,10.4,10.87,10.17,10.36,1505100.0,15809190.0,68399786.0,0.0220044548092591
2008-02-25,10.4,10.5,9.85,9.85,1555274.0,15573166.0,68399786.0,0.0227379951159496
2008-02-26,9.97,10.3,9.68,10.1,1244887.0,12415468.0,68399786.0,0.0182001592812
2008-02-27,10.1,10.33,10.06,10.27,870537.0,8899200.0,68399786.0,0.0127271889417899
2008-02-28,10.43,10.43,10.1,10.25,835751.0,8560207.0,68399786.0,0.0122186200991915
2008-02-29,10.35,10.41,10.15,10.38,991671.0,10226620.0,68399786.0,0.0144981593948261
2008-03-03,10.4,10.88,10.31,10.7,2069152.0,22150144.0,68399786.0,0.0302508548784056
2008-03-04,10.7,11.12,10.6,10.89,2439948.0,26621693.0,68399786.0,0.0356718659909257
2008-03-05,10.78,11.29,10.78,11.29,2609882.0,28834038.0,68399786.0,0.0381562889685064
2008-03-06,11.39,11.8,11.2,11.57,3482353.0,40141345.0,68399786.0,0.05091175285256
2008-03-07,11.59,12.0,11.36,11.37,3350400.0,39244947.0,68399786.0,0.0489826093900352
2008-03-10,11.45,11.45,10.4,10.49,2292099.0,24664636.0,68399786.0,0.0335103241404878
2008-03-11,10.45,10.92,10.03,10.77,1663216.0,17384273.0,68399786.0,0.0243160994684983
2008-03-12,11.1,11.11,10.7,10.73,1550335.0,16890880.0,68399786.0,0.022665787287697
2008-03-13,10.68,11.0,10.4,10.73,1595121.0,17131611.0,68399786.0,0.0233205554181119
2008-03-14,10.6,10.92,10.6,10.74,949308.0,10247763.0,68399786.0,0.0138788153518492
2008-03-17,10.76,10.76,9.67,9.67,1479088.0,15000772.0,68399786.0,0.0216241612217909
2008-03-18,9.27,9.89,8.7,8.7,1393550.0,12623194.0,68399786.0,0.0203736017536663
2008-03-19,8.78,9.26,8.67,8.9,1723918.0,15394285.0,68399786.0,0.0252035583854019
2008-03-20,8.5,9.32,8.3,9.17,1580765.0,13916994.0,68399786.0,0.0231106717205226
2008-03-21,9.16,9.45,9.1,9.32,1298359.0,12059064.0,68399786.0,0.0189819161130124
2008-03-24,9.25,10.25,9.2,10.1,4033568.0,40577575.0,68399786.0,0.0589704768959364
2008-03-25,9.8,10.38,9.68,10.2,2077495.0,20918090.0,68399786.0,0.0303728289442309
2008-03-26,10.29,10.49,9.83,10.0,1003621.0,10182778.0,68399786.0,0.0146728675437668
2008-03-27,9.53,9.95,9.15,9.16,955530.0,9077110.0,68399786.0,0.0139697805487286
2008-03-28,9.1,9.43,8.8,9.25,1028443.0,9471178.0,68399786.0,0.0150357634159849
2008-03-31,9.2,9.5,8.5,8.7,1381481.0,12504124.0,68399786.0,0.0201971538332005
2008-04-01,8.7,8.98,7.86,7.88,1550858.0,12737450.0,68399786.0,0.0226734335104498
2008-04-02,7.88,8.22,7.18,7.26,1016046.0,7680772.0,68399786.0,0.0148545201588788
2008-04-03,7.3,7.68,7.13,7.48,599265.0,4425781.0,68399786.0,0.0087612116213346
2008-04-07,7.3,8.23,7.3,8.18,895772.0,7068923.0,68399786.0,0.0130961228445948
2008-04-08,8.4,8.45,7.96,8.32,1142961.0,9405024.0,68399786.0,0.0167100084202017
2008-04-09,8.3,8.3,7.52,7.6,1027214.0,8152483.0,68399786.0,0.0150177955235123
2008-04-10,7.32,7.8,7.32,7.7,751857.0,5669281.0,68399786.0,0.0109920957939839
2008-04-11,7.7,7.85,7.6,7.83,608213.0,4718927.0,68399786.0,0.0088920307440727
2008-04-14,7.71,7.71,7.13,7.18,715800.0,5291638.0,68399786.0,0.010464945021904
2008-04-15,7.0,7.32,6.72,7.23,767608.0,5402731.0,68399786.0,0.0112223742922236
2008-04-16,7.22,7.22,6.9,6.9,468720.0,3280526.0,68399786.0,0.0068526530185342
2008-04-17,6.8,7.0,6.32,6.5,535920.0,3591546.0,68399786.0,0.007835112232661
2008-04-18,6.51,6.52,6.05,6.06,761109.0,4735067.0,68399786.0,0.0111273593750717
2008-04-21,6.67,6.67,6.02,6.12,946435.0,6044345.0,68399786.0,0.0138368122964595
2008-04-22,5.95,6.24,5.75,6.2,701538.0,4221183.0,68399786.0,0.0102564355976201
2008-04-23,6.16,6.5,6.12,6.42,594489.0,3789660.0,68399786.0,0.0086913868414734
2008-04-24,7.06,7.06,6.8,7.06,1627114.0,11383728.0,68399786.0,0.0237882907996232
2008-04-25,7.08,7.46,6.88,7.1,1649718.0,11945700.0,68399786.0,0.0241187596698036
2008-04-28,7.0,7.25,6.98,7.07,793395.0,5644569.0,68399786.0,0.011599378395716
2008-04-29,7.05,7.25,7.0,7.17,677723.0,4851990.0,68399786.0,0.0099082619936851
2008-04-30,7.17,7.43,7.07,7.39,1270612.0,9295316.0,68399786.0,0.018576256949108
2008-05-05,7.42,8.13,7.42,8.13,1182450.0,9478498.0,68399786.0,0.0172873347878603
2008-05-08,8.69,8.94,8.0,8.94,920583.0,8094662.0,68399786.0,0.0134588578975963
2008-06-17,8.05,8.05,8.05,8.05,124100.0,999005.0,68399786.0,0.0018143331618025
2008-06-18,7.25,8.15,7.25,7.5,5942246.0,44278815.0,68399786.0,0.0868752133230358
2008-06-19,6.85,7.0,6.75,6.75,2538200.0,17215911.0,68399786.0,0.0371083032335802
2008-06-20,6.08,6.8,6.08,6.12,2928675.0,18482704.0,68399786.0,0.0428170199245945
2008-06-23,5.76,5.95,5.51,5.51,1943640.0,10972485.0,68399786.0,0.0284158783771633
2008-06-24,5.5,5.79,5.35,5.66,1334965.0,7541485.0,68399786.0,0.0195170932259934
2008-06-25,5.66,6.23,5.64,6.23,1730770.0,10262890.0,68399786.0,0.0253037341374138
2008-06-26,6.13,6.75,6.01,6.34,2069092.0,13011867.0,68399786.0,0.0302499776826787
2008-06-30,5.72,6.1,5.71,5.81,1093065.0,6418277.0,68399786.0,0.0159805324537126
2008-07-01,5.97,6.01,5.23,5.5,757404.0,4246490.0,68399786.0,0.0110731925389357
2008-07-02,5.69,5.71,5.33,5.63,891993.0,4938244.0,68399786.0,0.013040874133729
2008-07-03,5.6,5.92,5.21,5.79,1256044.0,7199982.0,68399786.0,0.0183632738266169
2008-07-04,5.9,5.9,5.5,5.6,1060198.0,5973928.0,68399786.0,0.0155000192544462
2008-07-07,5.74,6.0,5.56,5.95,1469133.0,8566833.0,68399786.0,0.0214786198307696
2008-07-08,5.97,6.48,5.9,6.35,2131524.0,13229697.0,68399786.0,0.0311627290763745
2008-07-09,6.3,6.54,6.15,6.44,1823219.0,11550547.0,68399786.0,0.0266553319333484
2008-07-10,6.38,6.59,6.2,6.22,1625815.0,10363235.0,68399786.0,0.0237692995121359
2008-07-11,6.05,6.35,5.98,6.09,1055371.0,6441072.0,68399786.0,0.0154294488582171
2008-07-14,6.05,6.23,6.03,6.2,875952.0,5373312.0,68399786.0,0.0128063558561425
2008-07-15,6.2,6.42,5.99,6.03,993872.0,6112270.0,68399786.0,0.0145303378580745
2008-07-16,6.05,6.1,5.44,5.6,942127.0,5427856.0,68399786.0,0.0137738296432681
2008-07-17,5.65,5.75,5.31,5.41,735518.0,4098824.0,68399786.0,0.0107532207776205
2008-07-18,5.49,5.69,5.35,5.63,519206.0,2850281.0,68399786.0,0.0075907547430046
2008-07-21,5.63,5.89,5.52,5.89,757416.0,4358770.0,68399786.0,0.0110733679780811
2008-07-22,5.81,6.23,5.81,6.02,778396.0,4709133.0,68399786.0,0.01138009408392
2008-07-23,6.1,6.38,5.98,6.08,1291758.0,7969112.0,68399786.0,0.0188854099631247
2008-07-24,6.11,6.35,6.07,6.2,1349823.0,8350545.0,68399786.0,0.0197343161278311
2008-07-25,6.18,6.29,6.03,6.12,850133.0,5196762.0,68399786.0,0.0124288839149292
2008-07-28,6.16,6.45,6.13,6.4,1536756.0,9714789.0,68399786.0,0.022467263274771
2008-07-29,6.31,6.31,6.06,6.08,1029269.0,6336018.0,68399786.0,0.0150478394771585
2008-07-30,6.15,6.27,6.07,6.13,534190.0,3288949.0,68399786.0,0.0078098197558688
2008-07-31,6.15,6.25,5.8,5.8,681981.0,4064331.0,68399786.0,0.0099705136504374
2008-08-01,5.8,5.95,5.64,5.85,606515.0,3510158.0,68399786.0,0.0088672061050015
2008-08-04,5.83,6.09,5.67,5.75,570301.0,3376784.0,68399786.0,0.0083377600041029
2008-08-05,5.75,6.33,5.72,6.33,2955193.0,18373457.0,68399786.0,0.0432047111960262
2008-08-06,6.28,6.35,6.1,6.25,2501851.0,15545605.0,68399786.0,0.0365768834422961
2008-08-07,6.11,6.5,6.11,6.18,1832046.0,11539876.0,68399786.0,0.026784382044704
2008-08-08,6.12,6.22,5.56,5.56,1763656.0,10258349.0,68399786.0,0.0257845251153271
2008-08-11,5.56,5.56,5.0,5.0,767270.0,3928547.0,68399786.0,0.0112174327562954
2008-08-12,4.89,5.2,4.7,4.76,685946.0,3339565.0,68399786.0,0.0100284816680566
2008-08-13,4.71,4.93,4.5,4.79,487293.0,2287508.0,68399786.0,0.0071241889557958
2008-08-14,4.72,4.83,4.63,4.76,502505.0,2370671.0,68399786.0,0.0073465873124222
2008-08-15,4.74,5.22,4.74,5.0,1507521.0,7507213.0,68399786.0,0.0220398496568395
2008-08-18,4.84,5.0,4.5,4.51,1068479.0,4968333.0,68399786.0,0.015621086884687
2008-08-19,4.45,4.69,4.31,4.58,842729.0,3837650.0,68399786.0,0.0123206379622298
2008-08-20,4.54,5.02,4.48,4.95,876635.0,4272618.0,68399786.0,0.0128163412675004
2008-08-21,4.81,4.98,4.62,4.69,836586.0,4015285.0,68399786.0,0.0122308277397242
2008-08-22,4.69,4.71,4.46,4.5,512944.0,2335453.0,68399786.0,0.0074992047489739
2008-08-25,4.5,4.64,4.46,4.51,305438.0,1386066.0,68399786.0,0.0044654818072091
2008-08-26,4.41,4.57,4.07,4.09,559746.0,2386748.0,68399786.0,0.0081834466558126
2008-08-27,3.91,4.17,3.91,4.05,547164.0,2221813.0,68399786.0,0.0079994987118819
2008-08-28,4.08,4.14,4.0,4.05,323956.0,1316678.0,68399786.0,0.0047362136483877
2008-08-29,4.09,4.23,4.05,4.18,598207.0,2491286.0,68399786.0,0.0087457437366836
2008-09-01,4.15,4.24,4.11,4.15,545420.0,2273088.0,68399786.0,0.0079740015560867
2008-09-02,4.18,4.41,4.1,4.31,616281.0,2639379.0,68399786.0,0.0090099843294831
2008-09-03,4.31,4.46,4.11,4.3,606173.0,2606381.0,68399786.0,0.0088622060893582
2008-09-04,4.39,4.4,4.18,4.36,474487.0,2046124.0,68399786.0,0.006936966147818
2008-09-05,4.15,4.28,4.01,4.05,508624.0,2100471.0,68399786.0,0.0074360466566372
2008-09-08,4.05,4.08,3.7,3.72,541545.0,2112542.0,68399786.0,0.0079173493320578
2008-09-09,3.72,3.86,3.7,3.75,407071.0,1533393.0,68399786.0,0.0059513490290744
2008-09-10,3.72,3.87,3.65,3.8,381477.0,1445649.0,68399786.0,0.0055771665718369
2008-09-11,3.77,3.88,3.66,3.79,574306.0,2167455.0,68399786.0,0.0083963128188734
2008-09-12,3.83,3.86,3.75,3.78,172400.0,655597.0,68399786.0,0.0025204757219562
2008-09-16,3.82,3.89,3.71,3.71,273791.0,1035151.0,68399786.0,0.0040028049210563
2008-09-17,3.76,3.76,3.5,3.55,266450.0,957607.0,68399786.0,0.0038954800238702
2008-09-18,3.5,3.6,3.2,3.33,657599.0,2177513.0,68399786.0,0.0096140505468832
2008-09-19,3.66,3.66,3.46,3.66,533558.0,1939942.0,68399786.0,0.0078005799608788
2008-09-22,4.03,4.03,3.71,3.86,1336080.0,5177849.0,68399786.0,0.0195333944465849
2008-09-23,3.79,3.79,3.47,3.5,699401.0,2509825.0,68399786.0,0.0102251928098137
2008-09-24,3.61,3.65,3.45,3.65,533239.0,1900020.0,68399786.0,0.0077959162035974
2008-09-25,3.65,3.75,3.6,3.73,922528.0,3415327.0,68399786.0,0.0134872936590766
2008-09-26,3.7,3.75,3.55,3.66,728830.0,2659025.0,68399786.0,0.0106554426939288
2008-10-06,3.65,3.71,3.43,3.71,639956.0,2289119.0,68399786.0,0.0093561111433886
2008-10-07,3.5,3.81,3.5,3.76,571874.0,2120729.0,68399786.0,0.0083607571520764
2008-10-08,3.89,3.99,3.74,3.85,1166745.0,4477536.0,68399786.0,0.0170577288063445
2008-10-09,3.94,4.07,3.75,3.98,2076370.0,8164172.0,68399786.0,0.0303563815243515
2008-10-10,3.85,4.05,3.6,3.69,1812576.0,6916727.0,68399786.0,0.0264997320313253
2008-10-13,3.56,3.68,3.32,3.49,2040172.0,6845703.0,68399786.0,0.0298271693423134
2008-10-14,3.56,3.59,3.3,3.39,1147416.0,3988188.0,68399786.0,0.016775140202924
2008-10-15,3.39,3.39,3.13,3.2,722393.0,2321872.0,68399786.0,0.0105613342123614
2008-10-16,3.08,3.17,3.01,3.06,571887.0,1765424.0,68399786.0,0.0083609472111506
2008-10-17,3.09,3.13,3.05,3.1,244939.0,757170.0,68399786.0,0.0035809907358482
2008-10-20,3.1,3.22,3.0,3.22,569493.0,1779339.0,68399786.0,0.0083259471016473
2008-10-21,3.26,3.29,3.14,3.2,753772.0,2423205.0,68399786.0,0.0110200929576007
2008-10-22,3.35,3.35,3.16,3.2,701774.0,2277069.0,68399786.0,0.0102598859008126
2008-10-23,3.06,3.3,3.06,3.27,526136.0,1695513.0,68399786.0,0.0076920708494614
2008-10-24,3.25,3.39,3.2,3.32,992183.0,3289019.0,68399786.0,0.0145056447983623
2008-10-27,3.2,3.4,3.08,3.2,809891.0,2640823.0,68399786.0,0.0118405487408981
2008-10-28,3.29,3.48,3.12,3.4,1276968.0,4302054.0,68399786.0,0.0186691812164441
2008-10-29,3.38,3.74,3.29,3.73,4662547.0,16759241.0,68399786.0,0.068166105081089
2008-10-30,3.7,3.83,3.58,3.77,4773583.0,17700770.0,68399786.0,0.0697894434932881
2008-10-31,3.78,3.78,3.39,3.42,2068579.0,7339351.0,68399786.0,0.0302424776592137
2008-11-03,3.31,3.52,3.17,3.18,1888477.0,6270358.0,68399786.0,0.0276093992457812
2008-11-04,3.13,3.15,2.96,3.02,1435933.0,4344189.0,68399786.0,0.0209932381952189
2008-11-05,3.0,3.15,2.97,3.11,1234890.0,3816515.0,68399786.0,0.0180540038531699
2008-11-06,3.21,3.26,3.1,3.21,1341362.0,4255075.0,68399786.0,0.0196106169104096
2008-11-07,3.15,3.23,3.11,3.2,736374.0,2342905.0,68399786.0,0.0107657354366576
2008-11-10,3.23,3.45,3.21,3.44,1586428.0,5295235.0,68399786.0,0.0231934643772131
2008-11-11,3.4,3.54,3.32,3.32,1354098.0,4639963.0,68399786.0,0.0197968163233727
2008-11-12,3.31,3.43,3.27,3.4,1164738.0,3912577.0,68399786.0,0.0170283866092797
2008-11-13,3.4,3.59,3.38,3.54,2052797.0,7236326.0,68399786.0,0.0300117459431817
2008-11-14,3.58,3.78,3.46,3.72,2451801.0,8902139.0,68399786.0,0.0358451560067746
2008-11-17,3.68,4.09,3.63,4.09,3149433.0,12518686.0,68399786.0,0.0460444861625736
2008-11-18,4.24,4.28,3.68,3.68,4923972.0,19765912.0,68399786.0,0.0719881199628314
2008-11-19,3.58,3.96,3.58,3.92,2817378.0,10758965.0,68399786.0,0.0411898657109833
2008-11-20,3.75,4.15,3.69,4.15,3511553.0,13999623.0,68399786.0,0.0513386547729842
2008-11-21,4.0,4.4,3.74,4.18,4290905.0,17493562.0,68399786.0,0.0627327255088195
2008-11-24,4.1,4.17,3.8,3.87,1846170.0,7335601.0,68399786.0,0.026990873918816
2008-11-25,3.91,3.96,3.61,3.8,1224189.0,4631733.0,68399786.0,0.0178975559952775
2008-11-26,3.92,3.92,3.7,3.78,835099.0,3183282.0,68399786.0,0.0122090879056259
2008-11-27,4.02,4.08,3.79,3.8,1553056.0,6120971.0,68399786.0,0.0227055681139119
2008-11-28,3.78,4.02,3.75,3.95,2403679.0,9496909.0,68399786.0,0.0351416157939441
2008-12-01,3.95,4.35,3.9,4.18,3616630.0,15142184.0,68399786.0,0.0528748730295735
2008-12-02,4.1,4.33,4.01,4.25,2639835.0,11108485.0,68399786.0,0.0385941996953031
2008-12-03,4.3,4.4,4.2,4.37,2732773.0,11756718.0,68399786.0,0.0399529466364119
2008-12-04,4.37,4.58,4.21,4.31,4126350.0,18055160.0,68399786.0,0.0603269431281554
2008-12-05,4.24,4.42,4.2,4.4,2136401.0,9195028.0,68399786.0,0.0312340304690426
2008-12-08,4.42,4.63,4.38,4.55,2986648.0,13436132.0,68399786.0,0.043664581055853
2008-12-09,4.7,4.7,4.3,4.33,2164415.0,9672556.0,68399786.0,0.0316435931539317
2008-12-10,4.3,4.7,4.28,4.65,3251628.0,14622640.0,68399786.0,0.0475385697844142
2008-12-11,4.58,4.88,4.56,4.7,4179314.0,19845726.0,68399786.0,0.0611012730361466
2008-12-12,4.7,4.8,4.38,4.48,1592741.0,7267350.0,68399786.0,0.0232857599876116
2008-12-15,4.6,4.93,4.5,4.93,5274118.0,25565504.0,68399786.0,0.0771072295460105
2008-12-18,5.1,5.15,4.67,4.83,4834047.0,23534406.0,68399786.0,0.0706734228671417
2008-12-19,4.76,5.31,4.76,5.31,5147124.0,26466454.0,68399786.0,0.0752505863103139
2008-12-22,5.35,5.75,5.12,5.5,6328859.0,34769800.0,68399786.0,0.0925274678490953
2008-12-23,5.44,6.05,5.29,6.0,6490177.0,37565124.0,68399786.0,0.0948859255202932
2008-12-24,5.89,6.22,5.46,5.95,4806878.0,28188214.0,68399786.0,0.0702762140220731
2008-12-25,5.86,5.9,5.36,5.36,4528831.0,25295410.0,68399786.0,0.066211186684122
2008-12-26,5.36,5.39,4.95,5.12,4939376.0,25229484.0,68399786.0,0.0722133253457839
2008-12-29,5.02,5.3,5.0,5.21,3051265.0,15790551.0,68399786.0,0.0446092769939368
2008-12-30,5.12,5.29,4.9,5.0,2698885.0,13723352.0,68399786.0,0.0394575064898594
2008-12-31,4.98,5.28,4.95,5.04,2338975.0,12029019.0,68418000.0,0.0341865444765997
2009-01-05,5.16,5.35,5.06,5.3,2671779.0,13944405.0,68418000.0,0.0390508199596597
2009-01-06,5.31,5.5,5.21,5.45,3455387.0,18583106.0,68418000.0,0.0505040632582069
2009-01-07,5.47,5.64,5.28,5.52,3540934.0,19313416.0,68418000.0,0.0517544213511064
2009-01-08,5.34,5.45,5.15,5.18,2495251.0,13151018.0,68418000.0,0.0364706802303487
2009-01-09,5.16,5.36,5.15,5.33,1644775.0,8681736.0,68418000.0,0.0240400917887105
2009-01-12,5.32,5.47,5.26,5.35,1989347.0,10708663.0,68418000.0,0.0290763687918384
2009-01-13,5.3,5.81,5.26,5.62,5206830.0,28906808.0,68418000.0,0.0761032184512847
2009-01-14,5.59,5.87,5.47,5.71,4568734.0,26010060.0,68418000.0,0.0667767838872811
2009-01-15,5.65,5.8,5.55,5.64,3131760.0,17666458.0,68418000.0,0.0457739191440848
2009-01-16,5.63,5.8,5.46,5.54,2995437.0,16922458.0,68418000.0,0.0437814171709199
2009-01-19,5.55,5.64,5.4,5.46,1445211.0,7943891.0,68418000.0,0.0211232570376216
2009-01-20,5.45,5.53,5.28,5.51,1531574.0,8270810.0,68418000.0,0.022385541816481
2009-01-21,5.38,5.48,5.28,5.37,1308494.0,7052289.0,68418000.0,0.0191249963459908
2009-01-22,5.37,5.59,5.32,5.55,1724289.0,9433212.0,68418000.0,0.0252022713321055
2009-01-23,5.51,5.58,5.38,5.39,1234360.0,6740779.0,68418000.0,0.0180414510801251
2009-02-02,5.43,5.85,5.43,5.75,2868589.0,16334502.0,68418000.0,0.0419274021456341
2009-02-03,5.7,5.87,5.58,5.75,2861113.0,16439950.0,68418000.0,0.0418181326551492
2009-02-04,5.78,6.2,5.78,5.94,4402581.0,26374100.0,68418000.0,0.0643482855388932
2009-02-05,5.9,5.96,5.68,5.71,3173876.0,18511190.0,68418000.0,0.0463894881463942
2009-02-06,5.75,6.28,5.75,6.27,5877379.0,35896668.0,68418000.0,0.0859039872548159
2009-02-09,6.4,6.45,6.17,6.37,5980391.0,37674552.0,68418000.0,0.0874096144289514
2009-02-10,6.31,6.4,6.14,6.39,3541736.0,22226988.0,68418000.0,0.0517661434125522
2009-02-11,6.34,6.52,6.15,6.25,4548002.0,28872112.0,68418000.0,0.0664737642140957
2009-02-12,6.25,6.72,6.15,6.6,4437027.0,28456622.0,68418000.0,0.0648517495395948
2009-02-13,6.62,6.93,6.48,6.72,4183789.0,27759304.0,68418000.0,0.061150413633839
2009-02-16,6.76,6.84,6.56,6.73,3578200.0,23859824.0,68418000.0,0.0522991025753456
2009-02-17,6.71,7.2,6.31,7.05,6615006.0,44970556.0,68418000.0,0.0966851705691484
2009-02-18,6.95,7.76,6.88,7.76,11952217.0,88637168.0,68418000.0,0.1746940425034347
2009-02-19,7.76,7.83,7.23,7.26,7311650.0,54667728.0,68418000.0,0.1068673448507702
2009-02-20,7.26,7.45,6.88,7.26,4773263.0,34005224.0,68418000.0,0.0697661872606624
2009-02-23,7.18,7.42,6.97,7.39,4693523.0,34095136.0,68418000.0,0.0686007044929696
2009-02-24,7.37,7.37,6.68,6.68,5351689.0,37781852.0,68418000.0,0.078220482913853
2009-02-25,6.7,7.0,6.61,6.92,3728658.0,25458494.0,68418000.0,0.0544982022274839
2009-02-26,6.82,7.09,6.24,6.66,3495696.0,23874402.0,68418000.0,0.0510932210821713
2009-02-27,6.65,6.66,6.1,6.5,3423523.0,21593266.0,68418000.0,0.0500383378643047
2009-03-02,6.86,6.86,6.55,6.74,4472135.0,29796106.0,68418000.0,0.065364889356602
2009-03-03,6.5,6.66,6.29,6.51,2776639.0,17961268.0,68418000.0,0.0405834575696454
2009-03-04,6.53,6.91,6.43,6.88,3989697.0,26922080.0,68418000.0,0.0583135578356572
2009-03-05,6.81,7.16,6.8,7.08,4358526.0,30517308.0,68418000.0,0.0637043760413926
2009-03-06,6.88,7.06,6.8,6.87,2137542.0,14751745.0,68418000.0,0.0312423923528895
2009-03-09,6.95,7.04,6.38,6.4,2560799.0,17133986.0,68418000.0,0.0374287322049753
2009-03-10,6.25,6.49,6.18,6.45,1643700.0,10395473.0,68418000.0,0.0240243795492414
2009-03-11,6.51,6.74,6.45,6.61,2809742.0,18483022.0,68418000.0,0.041067292233038
2009-03-12,6.53,6.7,6.36,6.63,1722850.0,11282801.0,68418000.0,0.025181238855272
2009-03-13,6.67,7.29,6.6,7.29,9734066.0,69403048.0,68418000.0,0.1422734660469467
2009-03-16,7.29,7.45,7.08,7.27,8339989.0,60647608.0,68418000.0,0.1218975854307346
2009-03-17,7.27,7.58,7.18,7.35,6849411.0,50386028.0,68418000.0,0.1001112426554415
2009-03-18,7.27,7.58,7.22,7.37,5997604.0,44438380.0,68418000.0,0.087661200268935
2009-03-19,7.29,7.58,7.08,7.54,6603900.0,48555148.0,68418000.0,0.0965228448653863
2009-03-20,7.46,7.46,7.11,7.17,4591025.0,33280922.0,68418000.0,0.0671025899617059
2009-03-23,7.17,7.39,7.15,7.33,4014816.0,29070534.0,68418000.0,0.0586806980619135
2009-03-24,7.36,7.68,7.19,7.53,5513254.0,40837080.0,68418000.0,0.0805819228857902
2009-03-25,7.43,7.47,7.03,7.05,3999883.0,29184586.0,68418000.0,0.0584624367856412
2009-03-26,7.03,7.14,6.66,7.12,4093031.0,28434612.0,68418000.0,0.0598238913736151
2009-03-27,7.15,7.18,7.05,7.1,2799468.0,19895488.0,68418000.0,0.0409171270718232
2009-03-30,7.15,7.42,7.01,7.33,3554968.0,25707346.0,68418000.0,0.0519595428103715
2009-03-31,7.24,7.33,7.13,7.25,2736040.0,19759486.0,68418000.0,0.0399900610950334
2009-04-01,7.25,7.53,7.25,7.36,4090019.0,30180152.0,68418000.0,0.059779867871028
2009-04-02,7.38,7.41,7.12,7.19,3345726.0,24209984.0,68418000.0,0.0489012540559501
2009-04-03,7.21,7.67,7.17,7.49,7225380.0,53723660.0,68418000.0,0.1056064193633254
2009-04-07,7.47,7.6,7.19,7.38,3982090.0,29375718.0,68418000.0,0.0582023736443625
2009-04-08,7.34,7.65,7.25,7.4,5433043.0,40648988.0,68418000.0,0.0794095559648045
2009-04-09,7.41,8.1,7.3,7.89,8822076.0,68393280.0,68418000.0,0.1289437867227922
2009-04-10,7.88,8.22,7.73,8.03,7783141.0,62163900.0,68418000.0,0.1137586746177906
2009-04-13,7.91,8.1,7.8,7.89,5089709.0,40221576.0,68418000.0,0.0743913736151305
2009-04-14,7.71,8.2,7.71,8.01,4934355.0,39244744.0,68418000.0,0.0721207138472331
2009-04-15,7.95,8.48,7.81,8.45,6975570.0,57047084.0,68418000.0,0.1019551872314303
2009-04-16,8.48,8.78,8.2,8.25,8579667.0,72900128.0,68418000.0,0.1254007278786284
2009-04-17,8.17,8.17,7.62,7.8,5050156.0,39562320.0,68418000.0,0.0738132655149229
2009-04-20,7.8,7.96,7.67,7.95,2721037.0,21428802.0,68418000.0,0.039770776696191
2009-04-21,7.86,8.05,7.76,7.91,2727288.0,21470698.0,68418000.0,0.0398621415416995
2009-04-22,7.91,7.97,7.12,7.23,4288340.0,32404118.0,68418000.0,0.0626785348884796
2009-04-23,7.24,7.45,7.17,7.4,2456093.0,17915742.0,68418000.0,0.0358983454646438
2009-04-24,7.45,7.55,7.3,7.46,2550884.0,18893692.0,68418000.0,0.0372838142009412
2009-04-27,7.46,7.58,7.32,7.55,2677071.0,19988608.0,68418000.0,0.039128168025958
2009-04-28,7.5,7.8,7.18,7.72,2959779.0,22305120.0,68418000.0,0.0432602385337191
2009-04-29,7.61,7.95,7.61,7.83,3986045.0,31133044.0,68418000.0,0.0582601800695723
2009-04-30,7.89,7.95,7.72,7.74,3023679.0,23579572.0,68418000.0,0.0441942032798386
2009-05-04,7.74,8.15,7.67,8.01,3843847.0,30566570.0,68418000.0,0.0561818088807039
2009-05-05,8.06,8.1,7.88,7.95,3236318.0,25753346.0,68418000.0,0.0473021427109824
2009-05-06,7.93,8.46,7.93,8.38,6751062.0,55413208.0,68418000.0,0.0986737700605104
2009-05-07,8.45,8.72,8.08,8.23,8518323.0,71421952.0,68418000.0,0.1245041217223537
2009-05-08,8.12,8.12,7.83,8.03,4025122.0,32141244.0,68418000.0,0.0588313309363033
2009-05-11,8.0,8.0,7.59,7.6,3166474.0,24673344.0,68418000.0,0.0462813002426262
2009-05-12,7.58,7.78,7.51,7.78,1814421.0,13871344.0,68418000.0,0.0265196439533456
2009-05-13,7.78,8.04,7.76,7.88,2351039.0,18630890.0,68418000.0,0.0343628723435353
2009-05-14,7.89,8.06,7.85,7.94,2133599.0,16996866.0,68418000.0,0.0311847613201204
2009-05-15,7.94,8.06,7.87,7.9,1997207.0,15895360.0,68418000.0,0.0291912508404221
2009-05-18,7.91,7.95,7.7,7.82,1865521.0,14509696.0,68418000.0,0.0272665234295068
2009-05-19,7.9,8.58,7.84,8.38,8024881.0,66198840.0,68418000.0,0.1172919553333918
2009-05-20,8.47,8.47,8.08,8.13,7024705.0,57997804.0,68418000.0,0.1026733461954456
2009-05-21,8.07,8.38,7.8,8.23,5820160.0,47184984.0,68418000.0,0.0850676722499926
2009-05-22,8.19,8.19,7.98,7.99,4099514.0,33046736.0,68418000.0,0.0599186471396416
2009-05-25,7.79,7.96,7.59,7.9,2100040.0,16269463.0,68418000.0,0.0306942617439855
2009-05-26,7.82,8.28,7.8,8.1,3425825.0,27863646.0,68418000.0,0.0500719839808237
2009-05-27,8.06,8.15,7.9,7.97,2022053.0,16206232.0,68418000.0,0.029554400888655
2009-06-01,8.02,8.25,7.91,8.19,3403502.0,27648872.0,68418000.0,0.049745710193224
2009-06-02,8.2,8.58,8.06,8.54,5744791.0,47724516.0,68418000.0,0.0839660761787833
2009-06-03,8.4,8.93,8.35,8.46,10649377.0,92199872.0,68418000.0,0.1556516852290333
2009-06-04,8.35,8.6,8.0,8.21,5484395.0,45453936.0,68418000.0,0.0801601186822181
2009-06-05,8.22,9.03,8.21,9.03,12669372.0,111697944.0,68418000.0,0.1851760063141278
2009-06-08,8.85,9.44,8.72,9.3,11116365.0,100177728.0,68418000.0,0.1624771989827238
2009-06-09,9.15,9.18,8.81,8.93,5369334.0,48259904.0,68418000.0,0.0784783828816978
2009-06-10,8.78,9.06,8.76,8.81,4041232.0,35824592.0,68418000.0,0.0590667952877897
2009-06-11,8.81,9.65,8.71,9.22,8400919.0,77782608.0,68418000.0,0.122788140547809
2009-06-12,9.16,9.36,8.51,8.63,6037426.0,53911816.0,68418000.0,0.088243240083019
2009-06-15,8.52,9.1,8.52,8.9,3644430.0,32135796.0,68418000.0,0.0532671226870121
2009-06-16,8.89,9.01,8.68,8.74,2851167.0,25152026.0,68418000.0,0.041672761553977
2009-06-17,8.71,8.84,8.52,8.77,2822763.0,24520038.0,68418000.0,0.0412576076471104
2009-06-18,8.78,9.1,8.71,8.87,4243616.0,37927848.0,68418000.0,0.0620248472624163
2009-06-19,8.8,8.98,8.69,8.73,3384111.0,29806486.0,68418000.0,0.049462290625274
2009-06-22,8.8,8.87,8.61,8.76,2389464.0,20760718.0,68418000.0,0.0349244935543278
2009-06-23,8.62,8.8,8.6,8.69,1980659.0,17217928.0,68418000.0,0.0289493846648542
2009-06-24,8.8,9.34,8.8,9.08,8180401.0,74877888.0,68418000.0,0.1195650413633839
2009-06-26,9.07,9.08,8.76,8.86,3852457.0,34072036.0,68418000.0,0.0563076529568242
2009-06-29,8.85,9.13,8.65,9.1,4363802.0,38702384.0,68418000.0,0.0637814902511035
2009-06-30,9.12,9.45,9.01,9.08,5649765.0,51944872.0,68418000.0,0.0825771726738577
2009-07-01,8.98,9.34,8.9,9.16,3935725.0,35928552.0,68418000.0,0.0575247011020491
2009-07-02,9.1,9.63,9.06,9.42,7471091.0,70404400.0,68418000.0,0.1091977403607237
2009-07-03,9.3,9.62,9.23,9.33,4527609.0,42407304.0,68418000.0,0.0661756993773568
2009-07-06,9.38,9.43,9.08,9.12,4008979.0,36720748.0,68418000.0,0.0585953842556052
2009-07-07,9.12,9.27,9.0,9.15,2454660.0,22401168.0,68418000.0,0.0358774006840305
2009-07-08,9.1,9.27,9.03,9.13,2663135.0,24351132.0,68418000.0,0.038924478938291
2009-07-09,9.2,9.47,9.13,9.34,4063067.0,37934568.0,68418000.0,0.0593859364494723
2009-07-10,9.36,9.76,9.36,9.45,4292078.0,40921572.0,68418000.0,0.0627331696337221
2009-07-13,9.88,10.4,9.86,9.96,11803532.0,119036624.0,68418000.0,0.172520857084393
2009-07-14,9.71,10.09,9.71,9.91,5568874.0,55149680.0,68418000.0,0.0813948668479055
2009-07-15,9.9,10.24,9.8,10.05,5273847.0,53098756.0,68418000.0,0.0770827413838463
2009-07-16,10.08,11.06,10.06,11.06,13532303.0,146039872.0,68418000.0,0.1977886374930574
2009-07-17,11.19,11.38,10.65,10.93,10087701.0,111105912.0,68418000.0,0.1474422081908269
2009-07-20,10.84,11.16,10.61,10.96,7374379.0,79839000.0,68418000.0,0.1077841942178958
2009-07-21,10.9,11.09,10.24,10.32,5761595.0,61531632.0,68418000.0,0.0842116840597503
2009-07-22,10.19,10.49,10.19,10.43,4137208.0,42869248.0,68418000.0,0.060469584027595
2009-07-23,10.54,10.58,10.3,10.43,2851566.0,29676064.0,68418000.0,0.0416785933526265
2009-07-24,10.58,10.58,10.03,10.15,3628366.0,37329132.0,68418000.0,0.0530323306732146
2009-07-27,10.11,10.77,10.11,10.69,4448940.0,46693704.0,68418000.0,0.0650258703849864
2009-07-28,10.66,10.68,10.34,10.5,3223189.0,33828096.0,68418000.0,0.0471102487649449
2009-07-29,10.48,10.65,9.45,9.76,4355973.0,43847017.0,68418000.0,0.0636670612996579
2009-07-30,9.7,9.97,9.15,9.6,4057084.0,38665648.0,68418000.0,0.0592984887018036
2009-07-31,9.62,10.15,9.61,10.08,4167480.0,41565656.0,68418000.0,0.0609120406910462
2009-08-03,10.08,10.28,10.0,10.24,3390739.0,34411864.0,68418000.0,0.0495591657166242
2009-08-04,10.24,10.26,9.95,10.15,2865555.0,28897020.0,68418000.0,0.0418830570902394
2009-08-05,10.16,10.6,10.1,10.55,4563379.0,47249796.0,68418000.0,0.0666985150106697
2009-08-06,10.45,10.48,10.02,10.15,3065692.0,31337670.0,68418000.0,0.0448082668303662
2009-08-07,10.1,10.28,9.9,9.93,2198366.0,22253092.0,68418000.0,0.0321313981700722
2009-08-10,10.0,10.2,9.95,10.08,2141000.0,21586252.0,68418000.0,0.0312929346078517
2009-08-11,10.18,10.35,10.06,10.29,1664274.0,17024070.0,68418000.0,0.0243250898886258
2009-08-12,10.29,10.29,9.5,9.52,1934409.0,19164404.0,68418000.0,0.0282733929667631
2009-08-13,9.52,9.7,8.57,9.57,2038977.0,19172290.0,68418000.0,0.0298017626940278
2009-08-14,9.68,9.76,8.9,8.91,2367743.0,21887148.0,68418000.0,0.0346070186208307
2009-08-17,8.6,8.95,8.02,8.02,2309429.0,19242964.0,68418000.0,0.033754699055804
2009-08-18,7.88,8.2,7.8,8.15,1561003.0,12564538.0,68418000.0,0.022815677160981
2009-08-19,8.19,8.24,7.35,7.42,1647049.0,12851514.0,68418000.0,0.0240733286562015
2009-08-20,7.42,7.8,7.42,7.71,1586760.0,12124116.0,68418000.0,0.0231921424186617
2009-08-21,7.74,8.35,7.72,8.34,2854079.0,23175918.0,68418000.0,0.0417153234528925
2009-08-24,8.42,9.17,8.36,9.17,5228237.0,46998556.0,68418000.0,0.0764161039492531
2009-08-25,9.17,9.36,8.83,9.33,5510080.0,50279936.0,68418000.0,0.0805355315852553
2009-08-26,9.3,9.97,9.0,9.49,4911934.0,46767712.0,68418000.0,0.0717930076880353
2009-08-27,9.45,9.8,9.21,9.51,3407085.0,32440610.0,68418000.0,0.0497980794527755
2009-08-28,9.28,9.51,9.03,9.1,2792419.0,25690860.0,68418000.0,0.0408140986290157
2009-08-31,9.1,9.1,8.42,8.45,2043376.0,17850208.0,68418000.0,0.0298660586395393
2009-09-01,8.2,8.7,8.2,8.48,1448520.0,12381802.0,68418000.0,0.0211716215031132
2009-09-02,8.48,8.58,8.36,8.52,1209606.0,10259932.0,68418000.0,0.01767964570727
2009-09-03,8.54,9.16,8.54,9.11,2111795.0,18771172.0,68418000.0,0.030866073255576
2009-09-04,9.11,9.44,8.92,9.31,2654238.0,24484278.0,68418000.0,0.0387944400596334
2009-09-07,9.31,9.68,9.31,9.53,3312770.0,31527618.0,68418000.0,0.0484195679499546
2009-09-08,9.55,10.18,9.32,10.01,4977060.0,49284688.0,68418000.0,0.0727448916951679
2009-09-09,10.02,10.8,9.9,10.55,6681951.0,69195976.0,68418000.0,0.0976636411470665
2009-09-10,10.5,10.65,10.05,10.08,6193586.0,63955572.0,68418000.0,0.0905256803765091
2009-09-11,10.0,10.25,9.92,10.06,3594594.0,36433228.0,68418000.0,0.0525387178812593
2009-09-14,10.19,11.07,10.08,11.07,10437995.0,111961304.0,68418000.0,0.1525621181560408
2009-09-15,11.15,12.18,10.65,12.0,15390915.0,177731552.0,68418000.0,0.2249541787248969
2009-09-16,11.69,12.5,11.51,12.28,11242900.0,136665360.0,68418000.0,0.1643266391885176
2009-09-17,12.25,12.5,12.1,12.49,6699340.0,82700040.0,68418000.0,0.0979177994095121
2009-09-18,12.52,13.27,12.0,12.0,9310641.0,119699848.0,68418000.0,0.1360846707006928
2009-10-26,13.2,13.2,11.4,11.68,15320151.0,189424128.0,151200000.0,0.10132375
2009-10-27,11.35,11.38,10.81,11.15,7104433.0,78724872.0,151200000.0,0.0469869907407407
2009-10-28,11.03,11.29,10.76,11.23,4411699.0,48518796.0,151200000.0,0.0291779034391534
2009-10-29,11.13,11.4,10.91,11.17,4228776.0,47183836.0,151200000.0,0.0279680952380952
2009-10-30,11.25,11.35,10.94,10.97,4626253.0,51287844.0,151200000.0,0.0305969113756613
2009-11-02,10.71,11.1,10.5,11.04,4511138.0,48755892.0,151200000.0,0.0298355687830687
2009-11-03,10.98,11.48,10.86,11.38,5883279.0,65722820.0,151200000.0,0.0389105753968253
2009-11-04,11.28,11.49,11.19,11.33,4185957.0,47375732.0,151200000.0,0.0276849007936507
2009-11-05,11.37,12.25,11.22,12.16,8855766.0,104408552.0,151200000.0,0.0585698809523809
2009-11-06,12.0,12.3,11.8,11.93,6391931.0,76969024.0,151200000.0,0.0422746759259259
2009-11-09,11.94,12.21,11.78,12.12,4057683.0,48727240.0,151200000.0,0.0268365277777777
2009-11-10,12.13,12.2,11.71,12.0,4869960.0,58030324.0,151200000.0,0.0322087301587301
2009-11-11,11.99,12.06,11.76,11.92,2153530.0,25708480.0,151200000.0,0.0142429232804232
2009-11-12,11.9,11.98,11.79,11.84,3043774.0,36183184.0,151200000.0,0.0201307804232804
2009-11-13,11.73,11.89,11.07,11.54,4526019.0,51973312.0,151200000.0,0.029933988095238
2009-11-16,11.5,11.78,11.49,11.72,3284592.0,38350960.0,151200000.0,0.021723492063492
2009-11-17,11.77,12.12,11.7,12.09,4744880.0,56517540.0,151200000.0,0.0313814814814814
2009-11-18,12.08,12.08,11.72,11.78,3234967.0,38409936.0,151200000.0,0.0213952843915343
2009-11-19,11.82,12.28,11.82,12.04,4416202.0,53304268.0,151200000.0,0.0292076851851851
2009-11-20,11.98,12.35,11.8,12.22,5179490.0,62751956.0,151200000.0,0.0342558862433862
2009-11-23,12.32,12.75,12.2,12.71,7219781.0,90773872.0,151200000.0,0.0477498743386243
2009-11-24,12.74,12.94,11.5,11.6,5577116.0,68882104.0,151200000.0,0.0368856878306878
2009-11-25,11.58,11.97,11.41,11.9,2882043.0,33693712.0,151200000.0,0.0190611309523809
2009-11-26,11.92,12.09,11.06,11.15,3013830.0,35093860.0,151200000.0,0.019932738095238
2009-11-27,11.13,11.32,10.85,10.94,2311898.0,25501064.0,151200000.0,0.0152903306878306
2009-11-30,10.95,11.39,10.95,11.32,1968193.0,22087276.0,151200000.0,0.0130171494708994
2009-12-01,11.28,11.56,11.18,11.56,2582276.0,29317092.0,151200000.0,0.0170785449735449
2009-12-02,11.79,12.17,11.68,12.04,4402236.0,52711252.0,151200000.0,0.0291153174603174
2009-12-03,12.85,13.24,12.25,12.39,8532690.0,108300224.0,151200000.0,0.0564331349206349
2009-12-04,12.1,12.24,11.46,11.81,6222047.0,73781664.0,151200000.0,0.0411511044973545
2009-12-07,12.87,12.87,11.98,12.12,3655296.0,44754484.0,151200000.0,0.024175238095238
2009-12-08,11.78,12.32,11.78,12.05,1813126.0,21655036.0,151200000.0,0.011991574074074
2009-12-09,11.97,11.97,11.61,11.66,1605607.0,18910386.0,151200000.0,0.0106190939153439
2009-12-10,11.7,11.92,11.6,11.73,1562135.0,18332144.0,151200000.0,0.0103315806878306
2009-12-11,11.77,11.78,11.56,11.62,1345179.0,15639559.0,151200000.0,0.0088966865079365
2009-12-14,11.73,11.73,11.18,11.64,1588709.0,18137630.0,151200000.0,0.0105073346560846
2009-12-15,11.6,11.83,11.45,11.67,1750960.0,20393824.0,151200000.0,0.0115804232804232
2009-12-16,11.67,11.89,11.48,11.75,1817924.0,21390852.0,151200000.0,0.0120233068783068
2009-12-17,11.7,11.87,11.31,11.31,1145449.0,13141976.0,151200000.0,0.0075757208994709
2009-12-18,11.22,11.43,10.94,10.96,1066722.0,11861989.0,151200000.0,0.0070550396825396
2009-12-21,10.95,12.06,10.95,11.84,4011354.0,46935092.0,151200000.0,0.026530119047619
2009-12-22,11.98,12.03,11.38,11.38,2397064.0,28030860.0,151200000.0,0.0158535978835978
2009-12-23,11.38,11.49,11.11,11.45,1618347.0,18227934.0,151200000.0,0.0107033531746031
2009-12-24,11.5,11.88,11.27,11.74,2360424.0,27377062.0,151200000.0,0.0156112698412698
2009-12-25,11.74,12.12,11.6,12.04,4169778.0,49781048.0,151200000.0,0.0275778968253968
2009-12-28,12.11,12.21,11.94,12.13,3648860.0,44128900.0,151200000.0,0.0241326719576719
2009-12-29,12.13,12.38,11.91,12.26,4214049.0,51373084.0,151200000.0,0.0278706944444444
2009-12-30,12.15,12.27,11.91,12.07,2488558.0,29945220.0,151200000.0,0.0164587169312169
2009-12-31,12.0,12.27,11.91,12.19,3025974.0,36677644.0,151200000.0,0.0200130555555555
2010-01-04,12.2,12.67,12.2,12.46,5342841.0,66922696.0,151200000.0,0.03533625
2010-01-05,12.5,12.88,12.49,12.72,5535441.0,70255760.0,151200000.0,0.0366100595238095
2010-01-06,12.76,13.99,12.76,13.99,17035769.0,233063049.0,151200000.0,0.1126704298941799
2010-01-07,14.02,15.34,13.8,14.79,14459879.0,209862352.0,151200000.0,0.0956341203703703
2010-01-08,14.5,15.12,14.36,14.64,5775407.0,84784976.0,151200000.0,0.0381971362433862
2010-01-11,14.52,15.07,14.21,15.05,6276009.0,92540680.0,151200000.0,0.041507996031746
2010-01-12,14.85,16.08,14.72,15.62,6739937.0,103503289.0,151200000.0,0.0445763029100529
2010-01-13,15.33,16.1,15.11,15.49,5953755.0,93373096.0,151200000.0,0.0393766865079365
2010-01-14,15.25,15.77,15.09,15.4,4342426.0,66765176.0,151200000.0,0.0287197486772486
2010-01-15,15.47,15.76,14.9,15.6,4821699.0,73777536.0,151200000.0,0.0318895436507936
2010-01-18,15.48,17.16,15.31,17.16,8438633.0,140561056.0,151200000.0,0.0558110648148148
2010-01-19,17.16,17.5,16.68,17.31,4998930.0,86014136.0,151200000.0,0.0330617063492063
2010-01-20,17.5,17.6,16.18,16.39,4374872.0,73831192.0,151200000.0,0.0289343386243386
2010-01-21,16.5,17.45,16.5,16.9,3938321.0,66980160.0,151200000.0,0.0260470965608465
2010-01-22,16.7,16.7,15.3,15.58,4629931.0,73570304.0,151200000.0,0.0306212367724867
2010-01-25,15.56,16.09,15.31,15.61,1815089.0,28454442.0,151200000.0,0.0120045568783068
2010-01-26,15.43,15.8,14.21,14.44,3226563.0,47632968.0,151200000.0,0.0213397023809523
2010-01-27,14.45,14.6,13.85,14.07,2971697.0,42105064.0,151200000.0,0.0196540806878306
2010-01-28,13.92,14.49,13.7,14.48,3995003.0,56077164.0,151200000.0,0.0264219775132275
2010-01-29,14.22,14.87,14.16,14.77,3648371.0,53246872.0,151200000.0,0.0241294378306878
2010-02-01,14.77,14.77,13.46,13.54,3869827.0,53316508.0,151200000.0,0.0255940939153439
2010-02-02,13.54,13.9,13.11,13.18,2827837.0,38308612.0,151200000.0,0.0187026256613756
2010-02-03,13.19,13.77,12.4,13.7,4175262.0,54954356.0,151200000.0,0.0276141666666666
2010-02-04,13.65,14.16,13.4,13.87,3843589.0,53287952.0,151200000.0,0.0254205621693121
2010-02-05,13.49,13.58,13.21,13.4,2736553.0,36687808.0,151200000.0,0.0180988955026455
2010-02-08,13.38,13.7,13.32,13.7,1219587.0,16548780.0,151200000.0,0.0080660515873015
2010-02-09,13.61,14.38,13.61,13.95,2009311.0,28159192.0,151200000.0,0.0132890939153439
2010-02-10,14.06,14.28,13.9,14.14,1555510.0,21867918.0,151200000.0,0.0102877645502645
2010-02-11,14.07,14.19,13.6,13.65,1898751.0,26193562.0,151200000.0,0.0125578769841269
2010-02-12,13.66,13.85,13.45,13.8,1131487.0,15442469.0,151200000.0,0.0074833796296296
2010-02-22,13.83,14.32,13.52,14.11,2305180.0,32195284.0,151200000.0,0.0152458994708994
2010-02-23,14.34,14.49,14.08,14.26,2744361.0,39131076.0,151200000.0,0.0181505357142857
2010-02-24,14.28,14.99,14.01,14.93,3470726.0,50607756.0,151200000.0,0.022954537037037
2010-02-25,14.81,15.16,14.8,14.95,3845961.0,57535112.0,151200000.0,0.02543625
2010-02-26,14.9,15.59,14.78,15.2,3697963.0,56363884.0,151200000.0,0.0244574272486772
2010-03-01,15.12,15.73,15.12,15.63,3723818.0,57699016.0,151200000.0,0.0246284259259259
2010-03-02,15.7,15.8,15.08,15.09,3299941.0,50414896.0,151200000.0,0.0218250066137566
2010-03-03,15.08,15.39,14.88,15.3,3175390.0,48080548.0,151200000.0,0.0210012566137566
2010-03-04,15.39,15.39,14.21,14.3,4317993.0,63369292.0,151200000.0,0.0285581547619047
2010-03-05,14.3,14.92,14.25,14.61,3183017.0,46665532.0,151200000.0,0.0210516997354497
2010-03-08,14.6,14.7,14.42,14.7,2002926.0,29242836.0,151200000.0,0.013246865079365
2010-03-09,14.75,14.75,14.38,14.58,1742711.0,25313044.0,151200000.0,0.0115258664021164
2010-03-10,14.59,16.04,14.48,16.04,8825118.0,138165264.0,151200000.0,0.0583671825396825
2010-03-11,15.7,16.39,15.61,15.62,7358589.0,117611072.0,151200000.0,0.0486679166666666
2010-03-12,15.61,15.7,14.86,14.93,4757332.0,71997664.0,151200000.0,0.0314638359788359
2010-03-15,14.8,15.0,14.35,14.46,2288769.0,33256032.0,151200000.0,0.0151373611111111
2010-03-16,14.35,14.75,14.3,14.7,1775351.0,25843932.0,151200000.0,0.0117417394179894
2010-03-17,14.69,15.32,14.61,15.22,3372064.0,50897552.0,151200000.0,0.0223020105820105
2010-03-18,15.23,15.58,15.0,15.5,3612066.0,55002280.0,151200000.0,0.0238893253968254
2010-03-19,15.43,15.58,15.2,15.48,2458993.0,37932956.0,151200000.0,0.0162631812169312
2010-03-22,15.55,16.36,15.42,15.99,5293200.0,84918672.0,151200000.0,0.0350079365079365
2010-03-23,16.09,16.2,15.41,15.7,3271862.0,51694704.0,151200000.0,0.0216392989417989
2010-03-24,15.61,15.96,15.31,15.94,3234191.0,50441284.0,151200000.0,0.0213901521164021
2010-03-25,15.81,16.07,15.43,15.57,3212924.0,50849424.0,151200000.0,0.0212494973544973
2010-03-26,15.51,15.78,15.32,15.62,2058100.0,32018514.0,151200000.0,0.0136117724867724
2010-03-29,15.62,16.3,15.45,15.98,4925897.0,78246984.0,151200000.0,0.0325786838624338
2010-03-30,15.98,16.77,15.85,16.67,5594433.0,91973400.0,151200000.0,0.0370002182539682
2010-03-31,16.56,16.73,16.12,16.56,3835684.0,63131920.0,151200000.0,0.0253682804232804
2010-04-01,16.5,17.2,16.42,16.78,5500218.0,93096080.0,151200000.0,0.0363771031746031
2010-04-02,16.95,17.1,16.54,16.7,3907345.0,65322144.0,151200000.0,0.0258422288359788
2010-04-06,16.75,16.9,16.25,16.47,3289668.0,54067316.0,151200000.0,0.0217570634920634
2010-04-07,16.39,16.48,15.89,16.32,3882245.0,62778932.0,151200000.0,0.0256762235449735
2010-04-08,16.3,16.6,16.12,16.36,3239708.0,53052108.0,151200000.0,0.0214266402116402
2010-04-09,16.36,17.11,16.26,16.96,4038068.0,68008272.0,151200000.0,0.0267067989417989
2010-04-12,17.08,17.1,16.11,16.18,7254601.0,119049440.0,151200000.0,0.0479801653439153
2010-04-13,16.09,16.1,15.39,15.65,5597248.0,87505320.0,151200000.0,0.0370188359788359
2010-04-14,15.6,15.89,15.45,15.8,2873102.0,45046324.0,151200000.0,0.0190019973544973
2010-04-15,15.82,15.86,15.25,15.33,3563307.0,54888588.0,151200000.0,0.0235668452380952
2010-04-16,15.38,15.38,14.7,15.05,3481322.0,52227404.0,151200000.0,0.0230246164021164
2010-04-19,14.8,15.24,14.71,14.73,2478907.0,37138600.0,151200000.0,0.0163948875661375
2010-04-20,13.26,13.26,13.26,13.26,1426600.0,18916716.0,151200000.0,0.0094351851851851
2010-04-21,11.93,13.88,11.93,13.27,17727408.0,222074000.0,151200000.0,0.1172447619047619
2010-04-22,12.69,12.83,12.32,12.43,9582136.0,120574944.0,151200000.0,0.0633739153439153
2010-04-23,12.46,12.75,12.33,12.42,4929950.0,61658236.0,151200000.0,0.0326054894179894
2010-04-26,12.33,12.4,11.5,11.61,7018599.0,82503504.0,151200000.0,0.0464193055555555
2010-04-27,11.6,11.95,11.34,11.9,5997937.0,70182224.0,151200000.0,0.0396688955026455
2010-04-28,11.74,12.43,11.63,12.28,4681198.0,56562508.0,151200000.0,0.0309603042328042
2010-04-29,12.31,12.49,11.73,11.73,3819275.0,45966632.0,151200000.0,0.0252597552910052
2010-04-30,11.72,11.72,11.11,11.35,2942447.0,33378386.0,151200000.0,0.0194606283068783
2010-05-04,11.15,11.5,11.0,11.38,2195943.0,24704378.0,151200000.0,0.0145234325396825
2010-05-06,11.69,11.89,11.21,11.23,4151823.0,48412152.0,151200000.0,0.0274591468253968
2010-05-07,10.95,11.18,10.7,10.95,2742049.0,30018318.0,151200000.0,0.0181352447089947
2010-05-10,10.95,11.11,10.76,11.09,3090912.0,33824468.0,151200000.0,0.0204425396825396
2010-05-11,11.32,11.44,10.5,10.54,2715552.0,29844050.0,151200000.0,0.01796
2010-05-12,10.45,10.76,10.02,10.7,3182490.0,33038286.0,151200000.0,0.0210482142857142
2010-05-13,10.61,10.94,10.21,10.87,2384770.0,25417442.0,151200000.0,0.0157722883597883
2010-05-14,10.79,11.05,10.54,10.92,2318862.0,25219966.0,151200000.0,0.0153363888888888
2010-05-17,10.86,10.86,10.05,10.37,2359400.0,24444098.0,151200000.0,0.0156044973544973
2010-05-18,10.23,10.88,10.15,10.84,2745211.0,29025136.0,151200000.0,0.0181561574074074
2010-05-19,10.7,11.37,10.63,10.99,3794454.0,41914180.0,151200000.0,0.0250955952380952
2010-05-20,10.98,11.02,10.5,10.59,2412513.0,25923522.0,151200000.0,0.0159557738095238
2010-05-21,10.25,10.9,10.16,10.9,2174889.0,23106706.0,151200000.0,0.0143841865079365
2010-05-24,11.08,11.42,10.81,11.29,3683191.0,41420656.0,151200000.0,0.0243597288359788
2010-05-25,11.2,11.59,11.1,11.32,4378907.0,49765176.0,151200000.0,0.0289610251322751
2010-05-26,11.32,11.73,11.26,11.66,5093472.0,58866940.0,151200000.0,0.0336869841269841
2010-05-27,11.66,11.96,11.35,11.87,5254487.0,61436816.0,151200000.0,0.0347518981481481
2010-05-28,11.96,12.09,11.7,11.83,3739317.0,44179828.0,151200000.0,0.0247309325396825
2010-05-31,11.79,11.79,10.98,10.99,4325386.0,49220556.0,151200000.0,0.0286070502645502
2010-06-01,10.8,10.86,10.27,10.65,3064180.0,32385640.0,151200000.0,0.0202657407407407
2010-06-02,10.65,10.78,10.42,10.76,1749902.0,18559398.0,151200000.0,0.0115734259259259
2010-06-03,10.8,10.88,10.51,10.51,2243958.0,24095670.0,151200000.0,0.014840992063492
2010-06-04,10.34,10.49,10.25,10.41,1686311.0,17451508.0,151200000.0,0.0111528505291005
2010-06-07,10.23,10.4,10.15,10.26,1521387.0,15627376.0,151200000.0,0.0100620833333333
2010-06-08,10.34,10.56,10.25,10.54,1884157.0,19687188.0,151200000.0,0.0124613558201058
2010-06-09,10.75,10.85,10.42,10.81,2441942.0,26054260.0,151200000.0,0.01615041005291
2010-06-10,10.7,11.39,10.66,11.21,3877257.0,42704456.0,151200000.0,0.0256432341269841
2010-06-11,11.2,11.25,10.92,11.11,2595529.0,28757822.0,151200000.0,0.017166197089947
2010-06-17,11.25,11.25,10.92,10.92,1444821.0,16024757.0,151200000.0,0.0095556944444444
2010-06-18,10.97,11.01,10.19,10.35,2054470.0,21638936.0,151200000.0,0.0135877645502645
2010-06-21,10.36,10.66,10.25,10.65,1469351.0,15406410.0,151200000.0,0.0097179298941798
2010-06-22,10.66,10.88,10.56,10.67,1274921.0,13658170.0,151200000.0,0.0084320171957671
2010-06-24,10.62,10.62,10.3,10.54,1510480.0,15785621.0,151200000.0,0.009989947089947
2010-06-25,10.5,10.5,10.3,10.38,929272.0,9650520.0,151200000.0,0.0061459788359788
2010-06-28,10.38,10.52,10.26,10.42,834988.0,8678799.0,151200000.0,0.0055224074074074
2010-06-29,10.38,10.47,9.39,9.41,2139790.0,21128584.0,151200000.0,0.0141520502645502
2010-06-30,9.3,9.3,8.7,8.86,1467749.0,13221131.0,151200000.0,0.0097073346560846
2010-07-01,8.95,8.97,8.18,8.36,1991208.0,17023588.0,151200000.0,0.013169365079365
2010-07-02,8.34,8.4,7.86,8.32,1844685.0,15122820.0,151200000.0,0.0122002976190476
2010-07-05,8.18,8.29,8.02,8.18,767346.0,6256989.0,151200000.0,0.0050750396825396
2010-07-06,8.2,8.59,8.12,8.54,1249037.0,10528564.0,151200000.0,0.0082608267195767
2010-07-07,8.55,8.72,8.45,8.68,1299461.0,11172585.0,151200000.0,0.0085943187830687
2010-07-08,8.68,8.72,8.5,8.6,1263487.0,10891821.0,151200000.0,0.0083563955026455
2010-07-09,8.64,9.46,8.52,9.46,3332136.0,30470462.0,151200000.0,0.0220379365079365
2010-07-12,9.49,9.7,9.39,9.6,3474115.0,33153346.0,151200000.0,0.022976951058201
2010-07-13,9.45,9.49,9.15,9.23,2443957.0,22649082.0,151200000.0,0.0161637367724867
2010-07-14,9.37,9.5,9.2,9.23,2261409.0,21116362.0,151200000.0,0.0149564087301587
2010-07-15,9.18,10.13,9.18,9.62,6361548.0,62162296.0,151200000.0,0.0420737301587301
2010-07-16,9.36,9.6,9.18,9.52,3106486.0,29197792.0,151200000.0,0.0205455423280423
2010-07-19,9.4,9.8,9.33,9.75,2379940.0,22891506.0,151200000.0,0.0157403439153439
2010-07-20,9.75,10.5,9.67,10.06,4113861.0,41441712.0,151200000.0,0.0272080753968253
2010-07-21,10.07,10.45,9.85,10.22,4215119.0,42942604.0,151200000.0,0.0278777711640211
2010-07-22,10.18,10.26,10.05,10.23,2432997.0,24727474.0,151200000.0,0.01609125
2010-07-23,10.31,10.31,9.92,10.01,2702935.0,27248826.0,151200000.0,0.0178765542328042
2010-07-26,10.05,10.67,10.05,10.43,3794960.0,39545188.0,151200000.0,0.0250989417989417
2010-07-27,10.4,10.55,10.23,10.29,2242740.0,23257410.0,151200000.0,0.0148329365079365
2010-07-28,10.3,10.65,10.21,10.63,3776584.0,39534616.0,151200000.0,0.0249774074074074
2010-07-29,10.59,10.99,10.48,10.93,5486106.0,58916576.0,151200000.0,0.0362837698412698
2010-07-30,10.82,10.92,10.56,10.72,3819576.0,40931412.0,151200000.0,0.025261746031746
2010-08-02,10.76,10.88,10.65,10.85,3201122.0,34548840.0,151200000.0,0.0211714417989417
2010-08-03,10.96,11.18,10.76,10.9,4833283.0,52939220.0,151200000.0,0.0319661574074074
2010-08-04,10.82,10.96,10.38,10.83,3422931.0,36619612.0,151200000.0,0.0226384325396825
2010-08-05,10.8,11.04,10.7,10.86,3206498.0,34838524.0,151200000.0,0.0212069973544973
2010-08-06,10.86,11.28,10.63,11.21,4355688.0,47770168.0,151200000.0,0.0288074603174603
2010-08-09,11.15,11.21,11.01,11.15,3714677.0,41212364.0,151200000.0,0.0245679695767195
2010-08-10,11.13,11.17,10.41,10.42,4269834.0,45970708.0,151200000.0,0.0282396428571428
2010-08-11,10.3,10.6,10.3,10.47,2236803.0,23337904.0,151200000.0,0.0147936706349206
2010-08-12,10.4,10.95,10.26,10.72,4695333.0,50394428.0,151200000.0,0.0310537896825396
2010-08-13,10.65,10.94,10.53,10.93,3056352.0,32990678.0,151200000.0,0.0202139682539682
2010-08-16,10.9,11.15,10.72,11.07,4553394.0,50361476.0,151200000.0,0.0301150396825396
2010-08-17,11.07,11.36,11.05,11.18,4350680.0,48631768.0,151200000.0,0.0287743386243386
2010-08-18,11.18,11.45,11.08,11.39,5450253.0,61456632.0,151200000.0,0.0360466468253968
2010-08-19,11.42,11.47,11.11,11.3,4114102.0,46408268.0,151200000.0,0.0272096693121693
2010-08-20,11.26,11.27,10.8,10.87,3461558.0,38200304.0,151200000.0,0.0228939021164021
2010-08-23,10.87,11.08,10.85,10.91,1732907.0,18975100.0,151200000.0,0.0114610251322751
2010-08-24,10.88,11.18,10.7,11.08,2685970.0,29529482.0,151200000.0,0.0177643518518518
2010-08-25,11.09,11.25,10.81,10.86,3431449.0,38002516.0,151200000.0,0.0226947685185185
2010-08-26,10.88,10.95,10.66,10.8,1959274.0,21181014.0,151200000.0,0.0129581613756613
2010-08-27,10.73,10.89,10.68,10.84,1245622.0,13435852.0,151200000.0,0.0082382407407407
2010-08-30,10.99,11.4,10.87,11.39,4848345.0,54402796.0,151200000.0,0.0320657738095238
2010-08-31,11.3,11.91,11.26,11.77,8436366.0,98583936.0,151200000.0,0.0557960714285714
2010-09-01,11.78,11.86,11.33,11.62,5866909.0,68000088.0,151200000.0,0.0388023082010582
2010-09-02,11.7,12.28,11.53,12.17,8422494.0,101081320.0,151200000.0,0.0557043253968254
2010-09-03,12.2,12.36,11.91,12.13,5637673.0,68161208.0,151200000.0,0.037286197089947
2010-09-06,12.1,12.13,11.61,11.77,4549455.0,53930924.0,151200000.0,0.030088988095238
2010-09-07,11.71,11.88,11.64,11.83,2691340.0,31623840.0,151200000.0,0.0177998677248677
2010-09-08,11.79,12.07,11.66,11.99,2911715.0,34611588.0,151200000.0,0.0192573743386243
2010-09-09,11.99,12.09,11.61,11.73,2991485.0,35290660.0,151200000.0,0.0197849537037037
2010-09-10,11.73,11.99,11.42,11.94,3159306.0,37178084.0,151200000.0,0.0208948809523809
2010-09-13,11.95,12.6,11.95,12.4,6171063.0,76325200.0,151200000.0,0.0408139087301587
2010-09-14,12.43,12.6,12.17,12.53,5417929.0,67117792.0,151200000.0,0.0358328637566137
2010-09-15,12.5,12.7,12.1,12.18,4835495.0,60215772.0,151200000.0,0.031980787037037
2010-09-16,12.16,12.22,11.4,11.58,3793637.0,44333748.0,151200000.0,0.0250901917989418
2010-09-17,11.45,11.65,11.3,11.56,2018084.0,23246476.0,151200000.0,0.0133471164021164
2010-09-20,11.54,11.7,10.91,10.95,2138760.0,24062372.0,151200000.0,0.014145238095238
2010-09-21,11.05,11.23,10.85,11.08,1293002.0,14282196.0,151200000.0,0.0085516005291005
2010-09-27,11.1,11.85,11.1,11.79,2751806.0,31838774.0,151200000.0,0.0181997751322751
2010-09-28,11.66,12.15,11.66,11.89,4203397.0,50106512.0,151200000.0,0.0278002447089947
2010-09-29,12.0,13.08,12.0,13.08,7670247.0,98910672.0,151200000.0,0.0507291468253968
2010-09-30,12.75,12.75,12.0,12.34,12424526.0,153601408.0,151200000.0,0.082172791005291
2010-10-08,12.2,12.72,12.0,12.6,9173768.0,113979328.0,151200000.0,0.0606730687830687
2010-10-11,12.45,13.24,12.3,12.92,10789405.0,139237952.0,151200000.0,0.0713584986772486
2010-10-12,12.85,13.84,12.65,13.78,11281907.0,150040016.0,151200000.0,0.074615787037037
2010-10-13,13.52,13.97,13.26,13.49,8703002.0,118308808.0,151200000.0,0.057559537037037
2010-10-14,13.4,13.8,12.72,12.97,8613712.0,114655696.0,151200000.0,0.0569689947089947
2010-10-15,12.8,12.93,12.3,12.74,5894614.0,74317736.0,151200000.0,0.0389855423280423
2010-10-18,12.5,12.69,12.1,12.35,4535516.0,55976620.0,151200000.0,0.0299967989417989
2010-10-19,12.38,12.83,12.33,12.51,4081183.0,51250840.0,151200000.0,0.026991951058201
2010-10-20,12.2,12.59,12.16,12.43,3697747.0,45687852.0,151200000.0,0.0244559986772486
2010-10-21,12.46,13.06,12.22,13.0,6520191.0,83095456.0,151200000.0,0.0431229563492063
2010-10-22,12.8,12.96,12.65,12.84,3802015.0,48645032.0,151200000.0,0.0251456018518518
2010-10-25,12.89,13.45,12.7,13.28,5741362.0,75660648.0,151200000.0,0.0379719708994709
2010-10-26,13.27,13.27,12.92,13.18,4463760.0,58301080.0,151200000.0,0.0295222222222222
2010-10-27,13.1,13.53,12.96,13.06,4903295.0,64962448.0,151200000.0,0.0324291997354497
2010-10-28,12.9,13.13,12.57,12.8,3138836.0,40307672.0,151200000.0,0.0207594973544973
2010-10-29,12.88,13.69,12.88,13.5,6912201.0,92422976.0,151200000.0,0.045715615079365
2010-11-01,13.7,14.32,13.34,13.94,10069677.0,139498160.0,151200000.0,0.0665983928571428
2010-11-02,13.87,14.43,13.6,14.4,11567675.0,164042032.0,151200000.0,0.076505787037037
2010-11-03,14.41,15.77,14.25,14.72,14856693.0,222507904.0,151200000.0,0.0982585515873015
2010-11-04,14.5,15.76,14.48,15.36,10550436.0,160769392.0,151200000.0,0.0697780158730158
2010-11-05,15.4,16.08,14.9,15.02,10452758.0,161803840.0,151200000.0,0.0691319973544973
2010-11-08,15.1,15.87,14.7,15.8,8724531.0,132694456.0,151200000.0,0.0577019246031746
2010-11-09,15.66,15.75,15.05,15.28,6477499.0,99708960.0,151200000.0,0.0428406018518518
2010-11-10,15.24,15.24,14.74,15.07,5305548.0,79288432.0,151200000.0,0.0350896031746031
2010-11-11,15.0,15.38,14.78,14.83,4552652.0,68957760.0,151200000.0,0.0301101322751322
2010-11-12,14.8,14.8,13.35,13.35,6193955.0,86561856.0,151200000.0,0.0409653108465608
2010-11-15,13.34,13.6,13.0,13.49,3389981.0,45214620.0,151200000.0,0.0224205092592592
2010-11-16,13.36,13.88,12.79,12.93,3964110.0,52918860.0,151200000.0,0.0262176587301587
2010-11-17,12.8,13.23,12.6,12.87,2513384.0,32533572.0,151200000.0,0.01662291005291
2010-11-18,13.0,13.15,12.82,13.01,2158575.0,28037904.0,151200000.0,0.0142762896825396
2010-11-19,13.34,13.58,13.07,13.52,3467733.0,46376628.0,151200000.0,0.022934742063492
2010-11-22,13.75,14.1,13.41,13.91,4412668.0,61086144.0,151200000.0,0.0291843121693121
2010-11-23,13.8,13.8,12.85,13.1,3661897.0,48345100.0,151200000.0,0.0242188955026455
2010-11-24,13.05,13.6,13.01,13.56,2290124.0,30617350.0,151200000.0,0.0151463227513227
2010-11-25,13.6,14.01,13.45,13.94,4281970.0,58980284.0,151200000.0,0.0283199074074074
2010-11-26,14.06,14.1,13.43,13.92,3220613.0,44489212.0,151200000.0,0.0213003505291005
2010-11-29,14.04,14.2,13.7,13.7,2808607.0,39045320.0,151200000.0,0.0185754431216931
2010-11-30,13.65,13.83,12.78,13.11,3073985.0,40595780.0,151200000.0,0.0203305886243386
2010-12-01,13.03,13.28,13.03,13.24,1586173.0,20890474.0,151200000.0,0.0104905621693121
2010-12-02,13.38,13.53,13.1,13.16,1833138.0,24271738.0,151200000.0,0.0121239285714285
2010-12-03,13.1,13.28,12.73,12.82,2259215.0,29300702.0,151200000.0,0.0149418981481481
2010-12-06,12.78,12.93,12.05,12.35,1855468.0,23138620.0,151200000.0,0.0122716137566137
2010-12-07,12.21,12.59,12.16,12.55,1071921.0,13306254.0,151200000.0,0.0070894246031746
2010-12-08,12.6,12.64,12.36,12.42,1146798.0,14347831.0,151200000.0,0.0075846428571428
2010-12-09,12.3,12.46,12.17,12.21,858840.0,10558154.0,151200000.0,0.0056801587301587
2010-12-10,12.07,12.32,12.07,12.29,1199189.0,14645954.0,151200000.0,0.0079311441798941
2010-12-13,12.4,12.68,12.31,12.62,1760588.0,22081558.0,151200000.0,0.0116441005291005
2010-12-14,12.76,13.2,12.65,13.2,2686702.0,34935868.0,151200000.0,0.0177691931216931
2010-12-15,13.21,13.45,13.16,13.18,4003196.0,53327364.0,151200000.0,0.026476164021164
2010-12-16,13.17,13.58,13.02,13.38,3259894.0,43756844.0,151200000.0,0.0215601455026455
2010-12-17,13.38,13.73,13.31,13.69,3522311.0,47567120.0,151200000.0,0.0232957076719576
2010-12-20,13.66,13.75,12.72,13.35,3392010.0,45228888.0,151200000.0,0.0224339285714285
2010-12-21,13.33,13.35,12.96,13.23,1866614.0,24555936.0,151200000.0,0.0123453306878306
2010-12-22,13.23,13.4,13.1,13.18,1487748.0,19685442.0,151200000.0,0.0098396031746031
2010-12-23,13.33,13.35,12.54,12.59,2247543.0,28870182.0,151200000.0,0.0148647023809523
2010-12-24,12.62,12.62,12.1,12.18,1633791.0,19977960.0,151200000.0,0.010805496031746
2010-12-27,12.14,12.39,11.8,11.81,1366001.0,16617664.0,151200000.0,0.0090343981481481
2010-12-28,11.79,11.79,11.2,11.2,1586472.0,18086302.0,151200000.0,0.0104925396825396
2010-12-29,11.18,11.42,11.15,11.34,1030941.0,11653465.0,151200000.0,0.0068183928571428
2010-12-30,11.45,12.47,11.36,12.47,4939517.0,60552324.0,151200000.0,0.0326687632275132
2010-12-31,12.61,12.74,12.2,12.48,3898648.0,48751780.0,151200000.0,0.0257847089947089
2011-01-04,12.47,12.72,12.31,12.64,2746618.0,34424328.0,151200000.0,0.0181654629629629
2011-01-05,12.58,12.76,12.41,12.69,2428899.0,30592262.0,151200000.0,0.0160641468253968
2011-01-06,12.56,12.77,12.44,12.44,1677699.0,21075382.0,151200000.0,0.0110958928571428
2011-01-07,12.44,12.48,11.91,12.12,1810067.0,22131514.0,151200000.0,0.0119713425925925
2011-01-10,12.02,12.29,11.54,11.63,1401411.0,16713534.0,151200000.0,0.0092685912698412
2011-01-11,11.5,12.0,11.45,11.76,1238442.0,14528574.0,151200000.0,0.0081907539682539
2011-01-12,11.87,12.2,11.61,11.81,861060.0,10215954.0,151200000.0,0.0056948412698412
2011-01-13,11.7,11.95,11.7,11.83,654601.0,7723585.0,151200000.0,0.0043293716931216
2011-01-14,11.78,11.8,11.4,11.47,886717.0,10227947.0,151200000.0,0.0058645304232804
2011-01-17,11.44,11.44,10.37,10.41,2221176.0,24027118.0,151200000.0,0.0146903174603174
2011-01-18,10.41,10.75,10.27,10.63,796015.0,8390660.0,151200000.0,0.0052646494708994
2011-01-19,10.64,10.94,10.53,10.87,959622.0,10324397.0,151200000.0,0.0063467063492063
2011-01-20,11.0,11.0,10.3,10.41,1134699.0,12054820.0,151200000.0,0.007504623015873
2011-01-21,10.42,10.67,10.38,10.51,719889.0,7564679.0,151200000.0,0.0047611706349206
2011-01-24,10.55,10.61,10.12,10.27,725420.0,7515522.0,151200000.0,0.0047977513227513
2011-01-25,10.3,10.35,10.01,10.1,673879.0,6860800.0,151200000.0,0.0044568716931216
2011-01-26,10.09,10.43,10.09,10.43,568351.0,5861702.0,151200000.0,0.0037589351851851
2011-01-27,10.43,10.73,10.3,10.7,887834.0,9414439.0,151200000.0,0.0058719179894179
2011-01-28,10.7,10.95,10.6,10.91,1039415.0,11239350.0,151200000.0,0.0068744378306878
2011-01-31,10.8,11.0,10.62,10.91,947890.0,10286347.0,151200000.0,0.0062691137566137
2011-02-01,10.91,10.92,10.71,10.77,681831.0,7355644.0,151200000.0,0.0045094642857142
2011-02-09,10.77,10.84,10.58,10.62,757292.0,8097693.0,151200000.0,0.0050085449735449
2011-02-10,10.62,11.05,10.61,11.03,1386814.0,15085319.0,151200000.0,0.0091720502645502
2011-02-11,11.03,11.47,10.92,11.39,2058667.0,23082760.0,151200000.0,0.0136155224867724
2011-02-14,11.31,11.57,11.31,11.53,1964849.0,22512718.0,151200000.0,0.012995033068783
2011-02-15,11.52,11.76,11.42,11.5,2583356.0,29875538.0,151200000.0,0.0170856878306878
2011-02-16,11.47,11.92,11.4,11.85,2288841.0,26718258.0,151200000.0,0.0151378373015873
2011-02-17,11.9,12.0,11.71,11.88,2280669.0,27086252.0,151200000.0,0.0150837896825396
2011-02-18,11.9,11.9,11.5,11.58,1630221.0,19028744.0,151200000.0,0.0107818849206349
2011-02-21,11.43,11.78,11.4,11.78,1430256.0,16718383.0,151200000.0,0.009459365079365
2011-02-22,11.88,12.1,11.62,11.8,2779742.0,33051662.0,151200000.0,0.018384537037037
2011-02-23,11.75,12.33,11.73,12.06,3668217.0,44268712.0,151200000.0,0.0242606944444444
2011-02-24,12.0,12.2,11.85,12.12,2161575.0,26031822.0,151200000.0,0.0142961309523809
2011-02-25,12.08,12.32,11.86,12.29,2663017.0,32195504.0,151200000.0,0.0176125462962962
2011-02-28,12.38,12.67,12.2,12.54,2531800.0,31588828.0,151200000.0,0.0167447089947089
2011-03-01,12.61,13.19,12.55,13.18,5965878.0,77162328.0,151200000.0,0.039456865079365
2011-03-02,13.0,13.04,12.7,12.89,2671934.0,34430056.0,151200000.0,0.0176715211640211
2011-03-03,13.07,13.29,12.6,12.74,3502593.0,45471816.0,151200000.0,0.0231652976190476
2011-03-04,12.62,12.83,12.46,12.7,2288070.0,28895022.0,151200000.0,0.015132738095238
2011-03-07,12.74,12.98,12.6,12.8,2066970.0,26413840.0,151200000.0,0.0136704365079365
2011-03-08,12.76,12.87,12.72,12.81,1714278.0,21922366.0,151200000.0,0.0113378174603174
2011-03-09,12.82,12.96,12.65,12.9,2009724.0,25723194.0,151200000.0,0.0132918253968253
2011-03-10,12.73,13.33,12.73,13.1,4147789.0,54470556.0,151200000.0,0.0274324669312169
2011-03-11,13.0,13.41,12.91,13.38,4347958.0,57540952.0,151200000.0,0.0287563359788359
2011-03-14,13.25,13.68,13.11,13.17,4464816.0,59572208.0,151200000.0,0.0295292063492063
2011-03-15,13.3,13.3,12.3,12.58,4045754.0,51343756.0,151200000.0,0.0267576322751322
2011-03-16,12.51,12.86,12.51,12.77,2112770.0,26867296.0,151200000.0,0.0139733465608465
2011-03-17,12.53,12.7,12.13,12.3,2068929.0,25760904.0,151200000.0,0.0136833928571428
2011-03-18,12.35,12.65,12.32,12.57,1102700.0,13768663.0,151200000.0,0.0072929894179894
2011-03-21,12.56,12.76,12.52,12.72,1245119.0,15707558.0,151200000.0,0.008234914021164
2011-03-22,12.69,12.8,12.43,12.78,1327979.0,16805172.0,151200000.0,0.0087829298941798
2011-03-23,12.83,12.96,12.68,12.87,2320878.0,29805178.0,151200000.0,0.0153497222222222
2011-03-24,12.8,13.05,12.8,12.95,1949209.0,25264352.0,151200000.0,0.0128915939153439
2011-03-25,12.97,13.38,12.72,13.24,3430950.0,45063224.0,151200000.0,0.0226914682539682
2011-03-28,13.32,13.88,13.15,13.59,8242783.0,112122632.0,151200000.0,0.0545157605820105
2011-03-29,13.46,13.84,13.25,13.27,4051112.0,54525104.0,151200000.0,0.0267930687830687
2011-03-30,13.2,13.31,12.8,12.84,3006133.0,39110596.0,151200000.0,0.019881832010582
2011-03-31,12.85,13.26,12.75,13.03,2272073.0,29672754.0,151200000.0,0.0150269378306878
2011-04-01,13.03,14.0,12.76,13.86,7227851.0,98640656.0,151200000.0,0.0478032473544973
2011-04-06,13.71,13.97,13.6,13.87,5372391.0,73985088.0,151200000.0,0.0355316865079365
2011-04-07,13.86,14.22,13.6,14.0,5987592.0,83259120.0,151200000.0,0.0396004761904761
2011-04-08,14.01,14.6,13.79,14.37,6753569.0,96129648.0,151200000.0,0.0446664616402116
2011-04-11,14.28,14.28,13.61,13.65,7158946.0,99363984.0,151200000.0,0.0473475264550264
2011-04-12,14.28,15.02,14.03,15.02,9377847.0,138657600.0,151200000.0,0.0620227976190476
2011-04-13,15.5,15.8,14.5,14.95,21834408.0,333233632.0,151200000.0,0.1444074603174603
2011-04-14,14.61,15.8,14.16,15.5,16279831.0,242654800.0,151200000.0,0.1076708399470899
2011-04-15,15.1,17.05,15.01,16.56,22808464.0,370128864.0,151200000.0,0.1508496296296296
2011-04-18,16.78,18.0,16.15,17.86,20632638.0,353888896.0,151200000.0,0.136459246031746
2011-04-19,17.28,17.77,16.83,16.91,15786827.0,272967264.0,151200000.0,0.1044102314814814
2011-04-20,17.1,17.1,16.08,16.44,11334571.0,186226240.0,151200000.0,0.0749640939153439
2011-04-21,16.29,17.79,16.03,17.2,16249432.0,276377088.0,151200000.0,0.1074697883597883
2011-04-22,17.0,17.55,16.31,16.35,11360997.0,191416608.0,151200000.0,0.075138869047619
2011-04-25,16.0,16.03,14.72,14.72,10806429.0,162626960.0,151200000.0,0.0714710912698412
2011-04-26,14.24,14.99,14.24,14.6,6111512.0,89758784.0,151200000.0,0.0404200529100529
2011-04-27,14.65,15.07,13.8,14.14,5646393.0,81661352.0,151200000.0,0.037343869047619
2011-04-28,14.18,14.31,13.62,13.76,4634818.0,64309696.0,151200000.0,0.0306535582010582
2011-04-29,13.74,14.18,13.68,14.15,3489521.0,48789740.0,151200000.0,0.0230788425925925
2011-05-03,14.07,14.3,13.3,14.3,6786859.0,93531504.0,151200000.0,0.0448866335978836
2011-05-04,13.9,14.65,13.7,14.4,7698308.0,109474264.0,151200000.0,0.0509147354497354
2011-05-05,14.17,14.8,14.03,14.63,6669191.0,97132480.0,151200000.0,0.044108406084656
2011-05-06,14.36,14.65,14.05,14.3,4504335.0,64532272.0,151200000.0,0.0297905753968253
2011-05-09,14.3,14.37,13.7,13.76,4858853.0,67928192.0,151200000.0,0.0321352711640211
2011-05-10,13.84,14.68,13.7,14.6,6556312.0,93157184.0,151200000.0,0.0433618518518518
2011-05-11,14.44,14.87,14.2,14.55,5928134.0,86443928.0,151200000.0,0.0392072354497354
2011-05-12,14.27,14.39,13.78,13.88,5004437.0,70632016.0,151200000.0,0.0330981283068783
2011-05-13,13.86,14.0,13.29,13.72,4564946.0,62187484.0,151200000.0,0.0301914417989417
2011-05-16,13.58,13.73,13.42,13.51,2579502.0,35028996.0,151200000.0,0.0170601984126984
2011-05-17,13.46,13.95,13.35,13.61,2813273.0,38535564.0,151200000.0,0.0186063029100529
2011-05-18,13.62,13.95,13.51,13.78,2286076.0,31521474.0,151200000.0,0.0151195502645502
2011-05-19,13.81,14.08,13.54,13.59,2365436.0,32632692.0,151200000.0,0.0156444179894179
2011-05-20,13.52,13.58,13.1,13.29,2866046.0,38191224.0,151200000.0,0.0189553306878306
2011-05-23,13.18,13.18,12.22,12.29,4012791.0,50727604.0,151200000.0,0.026539623015873
2011-05-24,12.2,12.47,12.0,12.37,2919718.0,35671040.0,151200000.0,0.0193103042328042
2011-05-25,12.38,12.58,12.13,12.45,1960122.0,24310054.0,151200000.0,0.0129637698412698
2011-05-26,12.5,12.67,12.28,12.38,1829625.0,22869234.0,151200000.0,0.0121006944444444
2011-05-27,12.38,12.79,12.05,12.05,2881042.0,35979444.0,151200000.0,0.0190545105820105
2011-05-30,12.0,12.01,11.2,11.41,1887616.0,21993722.0,151200000.0,0.0124842328042328
2011-05-31,11.31,11.8,11.3,11.74,2111177.0,24436060.0,151200000.0,0.0139628108465608
2011-06-01,11.73,12.36,11.67,12.01,2556894.0,30740616.0,151200000.0,0.0169106746031746
2011-06-02,11.72,12.2,11.5,12.12,2639393.0,31274136.0,151200000.0,0.0174563029100529
2011-06-03,12.42,13.3,12.42,12.58,4169702.0,53468720.0,151200000.0,0.0275773941798941
2011-06-07,12.3,13.05,12.26,13.05,3536949.0,45411504.0,151200000.0,0.0233925198412698
2011-06-08,13.0,13.18,12.8,13.07,3220233.0,41839732.0,151200000.0,0.0212978373015873
2011-06-09,12.96,13.0,12.35,12.45,2970536.0,37711880.0,151200000.0,0.0196464021164021
2011-06-10,12.36,12.4,11.96,12.3,2067891.0,25184376.0,151200000.0,0.0136765277777777
2011-06-13,12.3,12.65,12.09,12.55,1970482.0,24574172.0,151200000.0,0.0130322883597883
2011-06-14,12.54,12.97,12.36,12.89,2574414.0,32876804.0,151200000.0,0.0170265476190476
2011-06-15,12.85,12.92,12.53,12.64,2126189.0,27063234.0,151200000.0,0.0140620965608465
2011-06-16,12.49,12.51,11.89,12.18,1916484.0,23342356.0,151200000.0,0.0126751587301587
2011-06-17,12.25,12.4,11.93,12.23,2305870.0,28011450.0,151200000.0,0.0152504629629629
2011-06-20,12.14,12.14,11.78,12.13,1786748.0,21343960.0,151200000.0,0.0118171164021164
2011-06-21,12.48,12.88,12.22,12.5,2683190.0,33448612.0,151200000.0,0.0177459656084656
2011-06-22,12.4,12.7,12.28,12.4,2304432.0,28763138.0,151200000.0,0.0152409523809523
2011-06-23,12.28,12.68,11.99,12.62,2586508.0,32050926.0,151200000.0,0.0171065343915343
2011-06-24,12.6,13.18,12.45,12.93,4291490.0,55331472.0,151200000.0,0.0283828703703703
2011-06-28,13.16,13.16,12.8,12.84,3179950.0,41223080.0,151200000.0,0.0210314153439153
2011-06-29,12.95,13.25,12.71,13.08,3944981.0,51574060.0,151200000.0,0.0260911441798941
2011-06-30,12.98,13.48,12.9,13.27,3957746.0,52582524.0,151200000.0,0.0261755687830687
2011-07-01,13.28,13.38,13.15,13.18,2749858.0,36498600.0,151200000.0,0.0181868915343915
2011-07-04,13.23,13.55,13.19,13.42,3093731.0,41425996.0,151200000.0,0.0204611838624338
2011-07-05,13.42,13.83,13.33,13.73,4130063.0,56378732.0,151200000.0,0.0273152314814814
2011-07-06,13.73,13.95,13.44,13.93,3653185.0,49834764.0,151200000.0,0.0241612764550264
2011-07-07,13.8,13.99,13.5,13.51,3713195.0,51044000.0,151200000.0,0.0245581679894179
2011-07-08,13.05,13.28,12.92,13.11,4085071.0,53349276.0,151200000.0,0.0270176653439153
2011-07-11,13.1,13.23,12.9,13.12,2060586.0,26906278.0,151200000.0,0.0136282142857142
2011-07-12,12.96,13.0,12.71,12.79,1893637.0,24339328.0,151200000.0,0.0125240542328042
2011-07-13,12.8,13.05,12.77,13.03,1716678.0,22245296.0,151200000.0,0.0113536904761904
2011-07-14,13.03,13.24,13.02,13.18,1876330.0,24615898.0,151200000.0,0.0124095899470899
2011-07-15,13.18,14.2,13.1,13.78,5526491.0,75600280.0,151200000.0,0.0365508664021164
2011-07-18,13.65,13.95,13.55,13.91,3789714.0,52007344.0,151200000.0,0.025064246031746
2011-07-19,13.66,14.25,13.55,14.15,5659146.0,79365896.0,151200000.0,0.0374282142857142
2011-07-20,14.18,14.28,13.7,14.04,4072227.0,57154900.0,151200000.0,0.0269327182539682
2011-07-21,14.04,14.15,13.63,13.7,2683286.0,37247136.0,151200000.0,0.0177466005291005
2011-07-22,13.75,13.94,13.64,13.71,1811632.0,24906254.0,151200000.0,0.0119816931216931
2011-07-25,13.65,14.08,13.1,13.18,3638338.0,49586708.0,151200000.0,0.024063082010582
2011-07-26,13.0,13.18,12.7,12.96,2161208.0,27966280.0,151200000.0,0.0142937037037037
2011-07-27,12.97,13.26,12.72,13.26,1479011.0,19395730.0,151200000.0,0.0097818187830687
2011-07-28,13.09,14.02,13.0,13.95,5915009.0,80616552.0,151200000.0,0.0391204298941798
2011-07-29,13.75,14.09,13.4,13.45,4255898.0,58715716.0,151200000.0,0.0281474735449735
2011-08-01,13.4,13.59,13.23,13.36,1756564.0,23515788.0,151200000.0,0.0116174867724867
2011-08-02,13.3,13.46,12.86,13.22,1942597.0,25528802.0,151200000.0,0.0128478637566137
2011-08-03,13.07,13.44,12.91,13.25,1517722.0,20109618.0,151200000.0,0.0100378439153439
2011-08-04,13.3,13.47,13.05,13.15,1638670.0,21704502.0,151200000.0,0.0108377645502645
2011-08-05,12.5,12.68,12.03,12.18,3749770.0,46366604.0,151200000.0,0.0248000661375661
2011-08-08,12.0,12.0,11.18,11.23,2602672.0,29805412.0,151200000.0,0.0172134391534391
2011-08-09,10.93,11.25,10.45,11.14,1651067.0,17995612.0,151200000.0,0.0109197552910052
2011-08-10,11.35,11.47,11.13,11.16,2255919.0,25538598.0,151200000.0,0.0149200992063492
2011-08-11,10.8,11.39,10.56,11.39,1799072.0,20093450.0,151200000.0,0.0118986243386243
2011-08-12,11.46,11.76,11.46,11.64,1942008.0,22537740.0,151200000.0,0.0128439682539682
2011-08-15,11.64,11.99,11.64,11.88,2003827.0,23737518.0,151200000.0,0.013252824074074
2011-08-16,11.88,11.92,11.55,11.57,1485849.0,17386172.0,151200000.0,0.0098270436507936
2011-08-17,11.51,11.7,11.44,11.56,850849.0,9853181.0,151200000.0,0.0056273082010582
2011-08-18,11.57,11.57,11.11,11.13,1495890.0,16937788.0,151200000.0,0.0098934523809523
2011-08-19,10.51,11.06,10.51,11.04,1048390.0,11409996.0,151200000.0,0.0069337962962962
2011-08-22,10.85,11.32,10.85,11.05,683565.0,7605055.0,151200000.0,0.0045209325396825
2011-08-23,11.17,11.31,11.07,11.29,732873.0,8219211.0,151200000.0,0.0048470436507936
2011-08-24,11.35,11.5,11.21,11.21,906450.0,10310011.0,151200000.0,0.0059950396825396
2011-08-25,11.25,11.58,11.22,11.55,1200896.0,13756848.0,151200000.0,0.0079424338624338
2011-08-26,11.56,11.72,11.42,11.65,1528708.0,17727360.0,151200000.0,0.0101105026455026
2011-08-29,11.62,11.65,11.38,11.59,966557.0,11106991.0,151200000.0,0.0063925727513227
2011-08-30,11.59,11.98,11.3,11.34,1325310.0,15432807.0,151200000.0,0.0087652777777777
2011-08-31,11.35,11.43,11.01,11.29,1341419.0,15041866.0,151200000.0,0.0088718187830687
2011-09-01,11.29,11.65,11.22,11.53,1606892.0,18364938.0,151200000.0,0.0106275925925925
2011-09-02,11.4,11.59,11.33,11.53,1168178.0,13385455.0,151200000.0,0.0077260449735449
2011-09-05,11.41,11.6,11.25,11.6,1167983.0,13323288.0,151200000.0,0.0077247552910052
2011-09-06,11.53,11.9,11.52,11.84,3266159.0,38181248.0,151200000.0,0.0216015806878306
2011-09-07,11.84,12.0,11.57,11.93,3095460.0,36565088.0,151200000.0,0.020472619047619
2011-09-08,11.85,12.04,11.51,11.51,2293898.0,27082942.0,151200000.0,0.015171283068783
2011-09-09,11.37,11.54,10.98,11.13,1537311.0,17341992.0,151200000.0,0.0101674007936507
2011-09-13,10.99,11.0,10.82,10.91,846982.0,9254028.0,151200000.0,0.0056017328042328
2011-09-14,10.91,11.16,10.7,11.14,858851.0,9391392.0,151200000.0,0.0056802314814814
2011-09-15,11.2,11.4,11.01,11.16,1046434.0,11808703.0,151200000.0,0.0069208597883597
2011-09-16,11.18,11.42,11.15,11.22,845098.0,9521797.0,151200000.0,0.0055892724867724
2011-09-19,11.15,11.22,10.93,10.96,697827.0,7702940.0,151200000.0,0.0046152579365079
2011-09-20,10.96,11.14,10.71,10.89,673034.0,7340131.0,151200000.0,0.004451283068783
2011-09-21,10.92,11.29,10.81,11.17,1161056.0,12934914.0,151200000.0,0.0076789417989417
2011-09-22,11.02,11.27,10.86,10.87,840799.0,9320645.0,151200000.0,0.0055608399470899
2011-09-23,10.67,10.9,10.58,10.79,824217.0,8848676.0,151200000.0,0.0054511706349206
2011-09-26,10.7,10.99,10.7,10.75,730485.0,7920048.0,151200000.0,0.00483125
2011-09-27,10.83,10.94,10.71,10.74,532658.0,5757975.0,151200000.0,0.0035228703703703
2011-09-28,10.8,10.91,10.3,10.3,983562.0,10393211.0,151200000.0,0.0065050396825396
2011-09-29,10.3,10.52,9.95,9.98,1166128.0,11749643.0,151200000.0,0.0077124867724867
2011-09-30,10.0,10.15,9.98,10.08,602306.0,6051151.0,151200000.0,0.0039835052910052
2011-10-10,10.15,10.18,10.08,10.09,440150.0,4449066.0,151200000.0,0.0029110449735449
2011-10-11,10.3,10.35,10.03,10.11,406919.0,4145506.0,151200000.0,0.0026912632275132
2011-10-12,10.03,10.44,10.03,10.42,653626.0,6743469.0,151200000.0,0.0043229232804232
2011-10-13,10.3,10.59,10.3,10.48,730075.0,7655385.0,151200000.0,0.0048285383597883
2011-10-14,10.4,10.47,10.22,10.34,552739.0,5714793.0,151200000.0,0.0036556812169312
2011-10-17,10.32,10.52,10.3,10.39,418273.0,4343737.0,151200000.0,0.0027663558201058
2011-10-18,10.3,10.38,10.0,10.06,548000.0,5591427.0,151200000.0,0.0036243386243386
2011-10-19,10.0,10.19,9.95,10.0,549260.0,5520469.0,151200000.0,0.0036326719576719
2011-10-20,10.0,10.18,9.64,9.64,655937.0,6505924.0,151200000.0,0.0043382076719576
2011-10-21,9.64,9.66,9.08,9.37,492169.0,4627530.0,151200000.0,0.0032550859788359
2011-10-24,9.37,9.6,9.18,9.5,430769.0,4034757.0,151200000.0,0.0028490013227513
2011-10-25,9.6,9.75,9.28,9.72,579404.0,5563970.0,151200000.0,0.003832037037037
2011-10-26,9.72,9.92,9.61,9.84,678601.0,6643715.0,151200000.0,0.0044881018518518
2011-10-27,9.84,10.15,9.8,10.15,830838.0,8290088.0,151200000.0,0.0054949603174603
2011-10-28,10.1,10.25,10.05,10.22,1410437.0,14320126.0,151200000.0,0.009328287037037
2011-10-31,10.12,10.23,10.02,10.13,504782.0,5103124.0,151200000.0,0.0033385052910052
2011-11-01,10.0,10.2,9.92,9.99,677941.0,6808656.0,151200000.0,0.0044837367724867
2011-11-02,9.88,10.09,9.71,10.06,832448.0,8195970.0,151200000.0,0.0055056084656084
2011-11-03,10.18,10.33,10.03,10.23,1149176.0,11768790.0,151200000.0,0.0076003703703703
2011-11-04,10.22,10.8,10.22,10.61,2189640.0,23166648.0,151200000.0,0.014481746031746
2011-11-07,10.58,10.6,10.38,10.46,793115.0,8296282.0,151200000.0,0.0052454695767195
2011-11-08,10.42,10.54,10.25,10.3,817812.0,8482404.0,151200000.0,0.0054088095238095
2011-11-09,10.35,10.47,10.23,10.45,545218.0,5659773.0,151200000.0,0.0036059391534391
2011-11-10,10.4,10.58,10.28,10.42,814744.0,8492504.0,151200000.0,0.0053885185185185
2011-11-11,10.42,10.57,10.33,10.38,517737.0,5399129.0,151200000.0,0.0034241865079365
2011-11-14,11.11,11.14,10.5,10.78,1825232.0,19771546.0,151200000.0,0.0120716402116402
2011-11-15,10.65,11.11,10.65,10.85,1341036.0,14666526.0,151200000.0,0.0088692857142857
2011-11-16,10.8,11.94,10.8,11.94,8746330.0,103450376.0,151200000.0,0.0578460978835978
2011-11-17,11.93,12.08,11.6,11.94,6604078.0,78543336.0,151200000.0,0.0436777645502645
2011-11-18,11.76,11.93,11.5,11.85,2742665.0,32164560.0,151200000.0,0.0181393187830687
2011-11-21,11.81,11.97,11.35,11.47,2309941.0,26905774.0,151200000.0,0.0152773875661375
2011-11-22,11.4,11.75,11.23,11.7,1951660.0,22440484.0,151200000.0,0.0129078042328042
2011-11-23,11.7,11.7,11.42,11.59,1379614.0,15929910.0,151200000.0,0.0091244312169312
2011-11-24,11.5,12.07,11.37,11.99,2555360.0,30295406.0,151200000.0,0.0169005291005291
2011-11-25,11.86,12.27,11.8,11.81,2132314.0,25670542.0,151200000.0,0.0141026058201058
2011-11-28,11.78,11.97,11.62,11.95,1323426.0,15629031.0,151200000.0,0.0087528174603174
2011-11-29,12.08,12.1,11.91,11.97,1506212.0,18083082.0,151200000.0,0.0099617195767195
2011-11-30,11.97,12.04,10.85,11.06,2119842.0,24117218.0,151200000.0,0.014020119047619
2011-12-01,11.39,11.48,11.05,11.05,1400729.0,15777848.0,151200000.0,0.0092640806878306
2011-12-02,11.0,11.19,10.33,10.41,1377317.0,14795369.0,151200000.0,0.0091092394179894
2011-12-05,10.56,11.45,10.55,11.05,2829122.0,31473752.0,151200000.0,0.0187111243386243
2011-12-06,10.64,10.69,10.03,10.43,1851966.0,19365978.0,151200000.0,0.0122484523809523
2011-12-07,10.2,10.6,10.1,10.3,1010375.0,10504025.0,151200000.0,0.0066823743386243
2011-12-08,10.29,10.5,10.07,10.26,1110273.0,11448647.0,151200000.0,0.0073430753968253
2011-12-09,10.2,10.4,9.98,9.99,1110472.0,11246999.0,151200000.0,0.0073443915343915
2011-12-12,9.9,10.08,9.6,9.72,807632.0,7966463.0,151200000.0,0.0053414814814814
2011-12-13,9.7,9.78,9.4,9.48,1061673.0,10143059.0,151200000.0,0.0070216468253968
2011-12-14,9.48,9.67,9.25,9.44,521821.0,4964887.0,151200000.0,0.003451197089947
2011-12-15,9.4,9.4,8.56,8.65,847086.0,7553023.0,151200000.0,0.0056024206349206
2011-12-16,8.7,9.05,8.65,9.02,674657.0,6006058.0,151200000.0,0.0044620171957671
2011-12-19,8.9,9.25,8.83,9.2,602902.0,5438925.0,151200000.0,0.003987447089947
2011-12-20,9.05,9.32,8.8,8.93,733802.0,6689511.0,151200000.0,0.0048531878306878
2011-12-21,8.96,9.14,8.83,8.9,933961.0,8418809.0,151200000.0,0.0061769907407407
2011-12-22,8.62,8.89,8.01,8.08,3060351.0,24908064.0,151200000.0,0.0202404166666666
2011-12-23,8.04,8.24,7.88,8.09,1062584.0,8595490.0,151200000.0,0.0070276719576719
2011-12-26,8.07,8.7,8.07,8.36,1063648.0,8924679.0,151200000.0,0.0070347089947089
2011-12-27,8.5,8.57,8.21,8.28,609769.0,5096676.0,151200000.0,0.0040328637566137
2011-12-28,8.19,8.3,8.05,8.3,572799.0,4699257.0,151200000.0,0.0037883531746031
2011-12-29,8.3,9.12,8.22,8.72,1174254.0,10249221.0,151200000.0,0.0077662301587301
2011-12-30,8.72,9.5,8.65,9.11,1211850.0,11124296.0,151200000.0,0.0080148809523809
2012-01-04,9.12,9.4,9.0,9.03,878356.0,8078012.0,151200000.0,0.0058092328042328
2012-01-05,9.04,9.08,8.5,8.57,944095.0,8233040.0,151200000.0,0.0062440145502645
2012-01-06,8.49,8.74,8.2,8.64,696359.0,5871684.0,151200000.0,0.0046055489417989
2012-01-09,8.5,9.12,8.5,9.11,811422.0,7246312.0,151200000.0,0.0053665476190476
2012-01-10,9.12,9.55,9.01,9.43,1501146.0,13981896.0,151200000.0,0.0099282142857142
2012-01-11,9.31,9.5,9.2,9.37,1191243.0,11160452.0,151200000.0,0.0078785912698412
2012-01-12,9.2,9.55,9.2,9.33,836690.0,7859807.0,151200000.0,0.005533664021164
2012-01-13,9.36,9.4,8.71,8.88,1074414.0,9681948.0,151200000.0,0.0071059126984126
2012-01-16,8.7,8.87,8.5,8.52,557981.0,4820662.0,151200000.0,0.0036903505291005
2012-01-17,8.59,9.26,8.59,9.1,849103.0,7581919.0,151200000.0,0.0056157605820105
2012-01-18,9.15,9.44,8.88,9.08,860992.0,7886899.0,151200000.0,0.0056943915343915
2012-01-19,9.11,9.2,8.9,9.04,659637.0,5971748.0,151200000.0,0.0043626785714285
2012-01-20,9.08,9.12,8.9,8.92,826884.0,7432897.0,151200000.0,0.0054688095238095
2012-01-30,8.83,9.15,8.83,8.89,584894.0,5259519.0,151200000.0,0.0038683465608465
2012-01-31,8.98,9.0,8.8,8.94,370421.0,3290774.0,151200000.0,0.0024498743386243
2012-02-01,8.88,9.0,8.75,8.75,362469.0,3226126.0,151200000.0,0.0023972817460317
2012-02-02,8.8,8.88,8.61,8.88,419813.0,3674274.0,151200000.0,0.002776541005291
2012-02-03,8.88,9.13,8.82,9.09,737088.0,6642211.0,151200000.0,0.0048749206349206
2012-02-06,9.17,9.28,9.05,9.19,766962.0,7023101.0,151200000.0,0.0050725
2012-02-07,9.19,9.19,8.88,9.06,610808.0,5495246.0,151200000.0,0.0040397354497354
2012-02-08,9.12,9.39,9.0,9.36,884270.0,8181558.0,151200000.0,0.0058483465608465
2012-02-09,9.33,9.49,9.23,9.38,1030316.0,9670639.0,151200000.0,0.0068142592592592
2012-02-10,9.29,9.43,9.24,9.28,596949.0,5564223.0,151200000.0,0.0039480753968253
2012-02-13,9.2,9.58,9.2,9.5,1114787.0,10529102.0,151200000.0,0.0073729298941798
2012-02-14,9.49,9.49,9.32,9.42,705994.0,6627801.0,151200000.0,0.0046692724867724
2012-02-15,9.45,9.68,9.36,9.67,1271588.0,12204576.0,151200000.0,0.0084099735449735
2012-02-16,9.51,9.99,9.51,9.97,1903759.0,18760256.0,151200000.0,0.0125909986772486
2012-02-17,9.91,9.97,9.71,9.81,865780.0,8492332.0,151200000.0,0.0057260582010582
2012-02-20,9.91,10.1,9.8,9.84,1237213.0,12320263.0,151200000.0,0.0081826256613756
2012-02-21,9.8,9.91,9.65,9.9,1230416.0,12026677.0,151200000.0,0.0081376719576719
2012-02-22,9.9,10.05,9.7,9.97,1410200.0,13955871.0,151200000.0,0.0093267195767195
2012-02-23,9.96,10.18,9.88,10.09,1296623.0,12968306.0,151200000.0,0.0085755489417989
2012-02-24,10.08,10.1,9.95,10.04,1124920.0,11265638.0,151200000.0,0.007439947089947
2012-02-27,10.18,10.18,9.94,9.98,1636296.0,16429209.0,151200000.0,0.0108220634920634
2012-02-28,9.98,9.98,9.65,9.8,1176289.0,11481635.0,151200000.0,0.0077796891534391
2012-02-29,9.75,10.78,9.75,10.43,4630491.0,47984936.0,151200000.0,0.0306249404761904
2012-03-01,10.25,10.72,10.13,10.52,2499083.0,26042990.0,151200000.0,0.0165283267195767
2012-03-02,10.49,10.58,10.3,10.48,1690313.0,17624702.0,151200000.0,0.0111793187830687
2012-03-05,10.49,10.95,10.45,10.58,2303467.0,24711572.0,151200000.0,0.0152345701058201
2012-03-06,10.58,10.8,10.4,10.65,1920482.0,20491418.0,151200000.0,0.0127016005291005
2012-03-07,10.46,10.83,10.41,10.56,1300945.0,13806152.0,151200000.0,0.0086041335978835
2012-03-08,10.55,10.74,10.44,10.63,958057.0,10100433.0,151200000.0,0.0063363558201058
2012-03-09,10.68,10.7,10.45,10.54,1177314.0,12422352.0,151200000.0,0.0077864682539682
2012-03-12,10.58,11.59,10.5,11.51,5787122.0,64602752.0,151200000.0,0.0382746164021164
2012-03-14,11.9,11.9,10.8,10.98,5885036.0,66117692.0,151200000.0,0.0389221957671957
2012-03-15,10.75,10.94,10.41,10.6,2480411.0,26521970.0,151200000.0,0.0164048346560846
2012-03-16,10.71,11.3,10.7,11.14,2774881.0,30481984.0,151200000.0,0.0183523875661375
2012-03-19,11.1,11.17,10.8,11.11,2240217.0,24554954.0,151200000.0,0.01481625
2012-03-20,11.04,11.1,10.73,10.76,1500028.0,16263474.0,151200000.0,0.0099208201058201
2012-03-21,10.88,11.15,10.8,10.92,1732885.0,19031138.0,151200000.0,0.0114608796296296
2012-03-22,10.8,11.14,10.66,10.96,1424664.0,15552775.0,151200000.0,0.0094223809523809
2012-03-23,10.92,10.92,10.66,10.68,1398987.0,15037000.0,151200000.0,0.0092525595238095
2012-03-26,10.79,10.83,10.66,10.83,627098.0,6725678.0,151200000.0,0.0041474735449735
2012-03-27,10.97,10.97,10.75,10.81,669144.0,7255172.0,151200000.0,0.0044255555555555
2012-03-28,10.75,10.82,10.18,10.31,1792044.0,18892912.0,151200000.0,0.0118521428571428
2012-03-29,10.26,10.55,10.15,10.43,1475032.0,15305519.0,151200000.0,0.0097555026455026
2012-03-30,10.3,10.47,10.06,10.19,558618.0,5732784.0,151200000.0,0.0036945634920634
2012-04-05,10.16,10.73,10.16,10.52,1722606.0,18156796.0,151200000.0,0.0113928968253968
2012-04-06,10.45,10.69,10.43,10.56,1004879.0,10620463.0,151200000.0,0.0066460251322751
2012-04-09,10.44,10.98,10.43,10.71,2503640.0,26877478.0,151200000.0,0.0165584656084656
2012-04-10,10.55,10.61,10.15,10.51,1657071.0,17134964.0,151200000.0,0.0109594642857142
2012-04-11,10.37,11.56,10.19,11.3,3714572.0,40619728.0,151200000.0,0.0245672751322751
2012-04-12,11.03,11.66,11.03,11.35,5136915.0,58499404.0,151200000.0,0.0339743055555555
2012-04-13,11.26,11.4,11.05,11.14,1963574.0,22035752.0,151200000.0,0.0129866005291005
2012-04-17,11.2,11.45,10.25,10.95,3841552.0,41458456.0,151200000.0,0.0254070899470899
2012-04-18,10.77,10.99,10.68,10.86,2398955.0,25986548.0,151200000.0,0.0158661044973544
2012-04-19,10.82,10.94,10.62,10.69,1234758.0,13290012.0,151200000.0,0.0081663888888888
2012-04-20,10.62,10.88,10.61,10.67,1528142.0,16435288.0,151200000.0,0.0101067592592592
2012-04-23,10.61,10.75,10.4,10.46,1342508.0,14105378.0,151200000.0,0.0088790211640211
2012-04-24,10.32,10.58,10.26,10.56,1310931.0,13673323.0,151200000.0,0.0086701785714285
2012-04-25,10.5,10.63,10.4,10.59,1499584.0,15746504.0,151200000.0,0.0099178835978835
2012-04-26,10.6,10.69,10.43,10.45,1524488.0,16104839.0,151200000.0,0.0100825925925925
2012-04-27,10.48,10.96,10.4,10.85,2133995.0,22921500.0,151200000.0,0.0141137235449735
2012-05-02,11.03,11.03,10.7,10.83,1642009.0,17798758.0,151200000.0,0.0108598478835978
2012-05-03,10.78,10.78,10.48,10.58,1296667.0,13749729.0,151200000.0,0.0085758399470899
2012-05-04,10.5,10.85,10.41,10.78,1069333.0,11402956.0,151200000.0,0.0070723082010582
2012-05-07,10.68,10.72,10.5,10.63,954781.0,10124656.0,151200000.0,0.0063146891534391
2012-05-08,10.62,11.18,10.62,10.97,3280765.0,36040680.0,151200000.0,0.0216981812169312
2012-05-09,10.82,11.23,10.8,11.09,2665946.0,29422390.0,151200000.0,0.0176319179894179
2012-05-10,11.1,11.46,11.06,11.31,3376891.0,38024064.0,151200000.0,0.0223339351851851
2012-05-11,11.3,11.48,11.12,11.29,2610631.0,29475738.0,151200000.0,0.017266078042328
2012-05-14,11.36,11.45,11.0,11.25,1667978.0,18704918.0,151200000.0,0.0110316005291005
2012-05-15,11.21,11.36,11.11,11.3,1198897.0,13464021.0,151200000.0,0.0079292129629629
2012-05-16,11.3,11.55,11.02,11.04,1797036.0,20324182.0,151200000.0,0.0118851587301587
2012-05-17,11.09,11.18,10.91,11.04,1116841.0,12337743.0,151200000.0,0.0073865145502645
2012-05-18,10.95,11.35,10.9,10.9,1062221.0,11797199.0,151200000.0,0.0070252711640211
2012-05-21,10.77,11.09,10.73,10.86,799921.0,8681349.0,151200000.0,0.0052904828042328
2012-05-22,10.86,10.99,10.8,10.94,708746.0,7718195.0,151200000.0,0.0046874735449735
2012-05-23,10.89,11.15,10.88,11.09,1445181.0,15965806.0,151200000.0,0.0095580753968253
2012-05-24,11.09,11.14,10.78,10.8,1008941.0,11057446.0,151200000.0,0.0066728902116402
2012-05-25,10.8,10.96,10.41,10.41,954080.0,10148726.0,151200000.0,0.0063100529100529
2012-05-28,10.45,10.58,10.03,10.47,892506.0,9195238.0,151200000.0,0.0059028174603174
2012-05-29,10.48,10.79,10.4,10.7,765410.0,8135600.0,151200000.0,0.0050622354497354
2012-05-30,10.53,10.8,10.53,10.67,692317.0,7396789.0,151200000.0,0.0045788161375661
2012-05-31,10.5,10.76,10.5,10.68,454275.0,4855200.0,151200000.0,0.0030044642857142
2012-06-01,10.68,10.85,10.64,10.67,544569.0,5848958.0,151200000.0,0.0036016468253968
2012-06-04,10.48,10.62,10.27,10.27,540108.0,5625948.0,151200000.0,0.0035721428571428
2012-06-05,10.27,10.4,10.21,10.35,383406.0,3941834.0,151200000.0,0.0025357539682539
2012-06-06,10.26,10.43,10.08,10.1,534346.0,5458270.0,151200000.0,0.0035340343915343
2012-06-07,10.2,10.26,9.89,9.89,827659.0,8301564.0,151200000.0,0.0054739351851851
2012-06-08,10.02,10.06,9.89,9.94,330703.0,3302769.0,151200000.0,0.0021871891534391
2012-06-11,9.92,10.13,9.91,10.08,324346.0,3251026.0,151200000.0,0.0021451455026455
2012-06-12,10.08,10.17,9.94,9.97,357782.0,3588609.0,151200000.0,0.002366283068783
2012-06-13,9.97,10.09,9.96,10.08,461293.0,4632293.0,151200000.0,0.0030508796296296
2012-06-14,10.08,10.22,10.05,10.1,589262.0,5970222.0,151200000.0,0.0038972354497354
2012-06-15,10.14,10.18,10.02,10.09,428460.0,4322619.0,151200000.0,0.0028337301587301
2012-06-18,10.15,10.16,10.02,10.13,372139.0,3765217.0,151200000.0,0.0024612367724867
2012-06-19,10.13,10.13,9.94,10.04,467913.0,4687181.0,151200000.0,0.0030946626984126
2012-06-20,10.04,10.1,9.95,10.0,279054.0,2791231.0,151200000.0,0.0018455952380952
2012-06-21,10.03,10.03,9.68,9.73,465270.0,4561527.0,151200000.0,0.0030771825396825
2012-06-25,9.61,9.8,9.35,9.35,403000.0,3844638.0,151200000.0,0.0026653439153439
2012-06-26,9.36,9.5,9.21,9.38,324414.0,3037393.0,151200000.0,0.0021455952380952
2012-06-27,9.36,9.53,9.3,9.3,220450.0,2078279.0,151200000.0,0.0014580026455026
2012-06-28,9.3,9.8,9.25,9.59,754092.0,7208586.0,151200000.0,0.0049873809523809
2012-07-02,9.48,9.75,9.48,9.55,353109.0,3395173.0,151200000.0,0.0023353769841269
2012-07-03,9.58,9.8,9.51,9.68,628525.0,6090637.0,151200000.0,0.0041569113756613
2012-07-04,9.78,9.79,9.52,9.63,282492.0,2723184.0,151200000.0,0.0018683333333333
2012-07-05,9.56,9.66,9.3,9.39,334141.0,3140555.0,151200000.0,0.0022099272486772
2012-07-06,9.49,9.54,9.2,9.49,303887.0,2846401.0,151200000.0,0.0020098346560846
2012-07-09,9.48,9.48,9.03,9.06,274988.0,2551196.0,151200000.0,0.0018187037037037
2012-07-10,9.06,9.2,9.03,9.06,354140.0,3219594.0,151200000.0,0.0023421957671957
2012-07-11,9.06,9.17,8.92,9.14,215883.0,1956019.0,151200000.0,0.0014277976190476
2012-07-12,9.1,9.4,8.89,9.19,307800.0,2808344.0,151200000.0,0.0020357142857142
2012-07-13,9.15,9.27,9.12,9.24,358571.0,3298965.0,151200000.0,0.0023715013227513
2012-07-16,9.28,9.29,8.7,8.75,319422.0,2866974.0,151200000.0,0.0021125793650793
2012-07-17,8.97,8.97,8.62,8.75,232826.0,2034066.0,151200000.0,0.0015398544973544
2012-07-18,8.75,8.85,8.6,8.84,215779.0,1887235.0,151200000.0,0.0014271097883597
2012-07-19,8.82,9.17,8.81,9.05,353181.0,3186081.0,151200000.0,0.0023358531746031
2012-07-20,9.15,9.19,8.96,8.97,380702.0,3453608.0,151200000.0,0.0025178703703703
2012-07-23,8.97,9.08,8.87,8.89,160425.0,1435002.0,151200000.0,0.0010610119047619
2012-07-24,8.87,9.03,8.82,8.91,149176.0,1327254.0,151200000.0,0.0009866137566137
2012-07-25,8.92,8.96,8.78,8.79,163100.0,1448210.0,151200000.0,0.0010787037037037
2012-07-26,8.8,8.93,8.68,8.78,162478.0,1430666.0,151200000.0,0.0010745899470899
2012-07-27,8.78,8.96,8.76,8.88,234706.0,2084827.0,151200000.0,0.0015522883597883
2012-07-30,8.85,8.86,7.99,8.06,997666.0,8231035.0,151200000.0,0.0065983201058201
2012-07-31,8.01,8.01,7.31,7.61,667838.0,5118375.0,151200000.0,0.0044169179894179
2012-08-01,7.65,7.81,7.59,7.68,256360.0,1973056.0,151200000.0,0.0016955026455026
2012-08-02,7.68,7.75,7.5,7.56,203678.0,1556762.0,151200000.0,0.0013470767195767
2012-08-03,7.64,7.78,7.5,7.77,382278.0,2927239.0,151200000.0,0.0025282936507936
2012-08-06,7.81,8.08,7.7,8.08,428282.0,3395364.0,151200000.0,0.0028325529100529
2012-08-07,8.1,8.33,8.02,8.3,445144.0,3637465.0,151200000.0,0.002944074074074
2012-08-08,8.22,8.36,8.17,8.27,312165.0,2568811.0,151200000.0,0.0020645833333333
2012-08-09,8.2,8.35,8.15,8.32,338750.0,2800705.0,151200000.0,0.00224041005291
2012-08-10,8.36,9.0,8.25,8.7,1065402.0,9189423.0,151200000.0,0.0070463095238095
2012-08-13,8.55,8.68,8.27,8.3,582399.0,4901941.0,151200000.0,0.0038518452380952
2012-08-14,8.15,8.34,7.8,8.21,496160.0,4003966.0,151200000.0,0.0032814814814814
2012-08-15,8.2,8.3,8.05,8.16,191100.0,1564016.0,151200000.0,0.0012638888888888
2012-08-16,8.0,8.18,7.98,8.16,216300.0,1753186.0,151200000.0,0.0014305555555555
2012-08-17,8.08,8.18,8.0,8.18,268856.0,2181634.0,151200000.0,0.0017781481481481
2012-08-20,8.14,8.14,7.98,8.07,234400.0,1882658.0,151200000.0,0.0015502645502645
2012-08-21,8.06,8.28,8.06,8.2,339580.0,2779070.0,151200000.0,0.0022458994708994
2012-08-22,8.12,8.17,8.02,8.06,320200.0,2590699.0,151200000.0,0.0021177248677248
2012-08-23,8.09,8.26,8.05,8.25,379411.0,3095066.0,151200000.0,0.002509332010582
2012-08-24,8.23,8.23,8.04,8.07,291241.0,2364562.0,151200000.0,0.001926197089947
2012-08-27,8.1,8.1,7.7,7.83,318673.0,2501318.0,151200000.0,0.0021076256613756
2012-08-28,7.88,7.98,7.8,7.97,295421.0,2327372.0,151200000.0,0.0019538425925925
2012-08-29,7.94,8.05,7.81,7.9,228500.0,1811195.0,151200000.0,0.0015112433862433
2012-08-30,7.72,7.92,7.6,7.8,331242.0,2566999.0,151200000.0,0.0021907539682539
2012-08-31,7.75,7.8,7.66,7.78,172517.0,1334195.0,151200000.0,0.0011409854497354
2012-09-03,7.78,7.96,7.67,7.9,333789.0,2629933.0,151200000.0,0.0022075992063492
2012-09-04,7.95,8.0,7.9,7.9,323683.0,2562806.0,151200000.0,0.0021407605820105
2012-09-05,7.99,8.06,7.9,7.98,283502.0,2260844.0,151200000.0,0.0018750132275132
2012-09-06,8.02,8.09,7.98,8.09,269300.0,2163828.0,151200000.0,0.0017810846560846
2012-09-07,8.14,8.8,8.12,8.64,1543328.0,13233692.0,151200000.0,0.0102071957671957
2012-09-10,8.66,9.3,8.51,9.13,1522311.0,13645450.0,151200000.0,0.0100681944444444
2012-09-11,9.28,9.28,8.92,9.23,1619393.0,14713668.0,151200000.0,0.0107102711640211
2012-09-12,9.23,9.5,9.1,9.26,1943088.0,18036398.0,151200000.0,0.0128511111111111
2012-09-13,9.35,9.38,9.11,9.23,1374913.0,12692481.0,151200000.0,0.0090933399470899
2012-09-14,9.3,9.3,8.91,9.15,1054088.0,9595239.0,151200000.0,0.0069714814814814
2012-09-17,9.15,9.56,9.02,9.16,1462017.0,13467569.0,151200000.0,0.0096694246031746
2012-09-18,9.28,9.28,9.04,9.2,1015444.0,9320116.0,151200000.0,0.0067158994708994
2012-09-19,9.23,9.35,9.13,9.19,1206800.0,11152572.0,151200000.0,0.0079814814814814
2012-09-20,9.12,9.34,8.81,9.15,1580992.0,14420301.0,151200000.0,0.0104562962962962
2012-09-21,9.15,9.55,8.93,9.24,2388426.0,22041376.0,151200000.0,0.0157964682539682
2012-09-24,9.7,9.7,9.08,9.28,1605545.0,14865722.0,151200000.0,0.0106186838624338
2012-09-25,9.29,9.29,8.79,8.9,1402040.0,12560673.0,151200000.0,0.0092727513227513
2012-09-26,8.83,8.95,8.5,8.6,787379.0,6845007.0,151200000.0,0.005207533068783
2012-09-27,8.52,8.8,8.5,8.55,755439.0,6516001.0,151200000.0,0.0049962896825396
2012-09-28,8.52,8.7,8.51,8.63,632260.0,5447643.0,151200000.0,0.0041816137566137
2012-10-08,8.56,8.74,8.55,8.71,436113.0,3777401.0,151200000.0,0.0028843452380952
2012-10-09,8.75,8.89,8.69,8.88,616575.0,5427735.0,151200000.0,0.0040778769841269
2012-10-10,8.84,9.02,8.8,9.0,906601.0,8104675.0,151200000.0,0.0059960383597883
2012-10-11,9.0,9.23,8.9,8.92,806571.0,7288009.0,151200000.0,0.0053344642857142
2012-10-12,8.98,8.98,8.81,8.84,551315.0,4897847.0,151200000.0,0.0036462632275132
2012-10-15,8.84,9.09,8.78,9.09,671091.0,6031724.0,151200000.0,0.0044384325396825
2012-10-16,9.0,9.2,9.0,9.11,702297.0,6392772.0,151200000.0,0.0046448214285714
2012-10-17,9.1,9.15,9.04,9.12,345791.0,3142810.0,151200000.0,0.0022869775132275
2012-10-18,9.12,9.17,8.98,9.13,551142.0,5015642.0,151200000.0,0.003645119047619
2012-10-19,9.07,9.31,9.07,9.21,713181.0,6576594.0,151200000.0,0.0047168055555555
2012-10-22,9.24,9.25,9.1,9.22,368980.0,3391387.0,151200000.0,0.0024403439153439
2012-10-23,9.15,9.23,9.1,9.15,350700.0,3210768.0,151200000.0,0.0023194444444444
2012-10-24,9.1,9.27,9.05,9.27,256563.0,2350489.0,151200000.0,0.0016968452380952
2012-10-25,9.26,9.35,9.06,9.32,415397.0,3854101.0,151200000.0,0.0027473346560846
2012-10-26,9.35,9.35,8.91,9.04,332016.0,3013448.0,151200000.0,0.002195873015873
2012-10-29,8.99,9.02,8.75,8.78,245280.0,2175563.0,151200000.0,0.0016222222222222
2012-10-30,8.77,8.84,8.64,8.79,227960.0,1989626.0,151200000.0,0.0015076719576719
2012-10-31,8.76,8.86,8.65,8.68,148016.0,1287976.0,151200000.0,0.0009789417989417
2012-11-01,8.77,8.97,8.77,8.97,236660.0,2093650.0,151200000.0,0.0015652116402116
2012-11-02,8.96,9.05,8.88,9.02,186006.0,1666112.0,151200000.0,0.0012301984126984
2012-11-05,8.95,9.06,8.74,8.99,243720.0,2175253.0,151200000.0,0.0016119047619047
2012-11-06,9.12,9.12,8.9,9.03,364401.0,3290524.0,151200000.0,0.0024100595238095
2012-11-07,8.91,9.16,8.91,9.11,345650.0,3139934.0,151200000.0,0.0022860449735449
2012-11-08,9.11,9.17,8.78,8.91,192099.0,1723376.0,151200000.0,0.001270496031746
2012-11-09,8.9,8.96,8.77,8.86,183370.0,1631804.0,151200000.0,0.0012127645502645
2012-11-12,8.99,9.03,8.78,9.03,154189.0,1370251.0,151200000.0,0.0010197685185185
2012-11-13,8.93,9.01,8.89,9.01,188891.0,1695692.0,151200000.0,0.0012492791005291
2012-11-14,8.93,9.35,8.91,9.34,759537.0,6977876.0,151200000.0,0.0050233928571428
2012-11-15,9.14,9.3,9.06,9.07,539409.0,4927581.0,151200000.0,0.0035675198412698
2012-11-16,8.99,9.03,8.8,8.83,315299.0,2806437.0,151200000.0,0.0020853108465608
2012-11-19,8.82,8.93,8.8,8.88,264106.0,2334117.0,151200000.0,0.0017467328042328
2012-11-20,8.98,8.99,8.81,8.87,235128.0,2077559.0,151200000.0,0.0015550793650793
2012-11-21,8.85,8.88,8.6,8.87,468180.0,4103202.0,151200000.0,0.0030964285714285
2012-11-22,8.84,8.94,8.8,8.87,219661.0,1950801.0,151200000.0,0.0014527843915343
2012-11-23,8.9,9.03,8.87,9.0,189585.0,1693906.0,151200000.0,0.001253869047619
2012-11-26,8.88,9.11,8.86,8.89,74100.0,664811.0,151200000.0,0.0004900793650793
2012-11-27,8.99,8.99,8.46,8.48,323181.0,2814960.0,151200000.0,0.0021374404761904
2012-11-28,8.45,8.61,8.19,8.19,175184.0,1454204.0,151200000.0,0.0011586243386243
2012-11-29,8.19,8.3,7.99,7.99,200101.0,1629711.0,151200000.0,0.0013234193121693
2012-11-30,8.0,8.17,8.0,8.12,100500.0,812763.0,151200000.0,0.0006646825396825
2012-12-03,8.02,8.18,7.85,7.9,104901.0,840043.0,151200000.0,0.0006937896825396
2012-12-04,8.0,8.0,7.6,7.89,294801.0,2276612.0,151200000.0,0.001949742063492
2012-12-05,7.85,8.23,7.65,8.12,299216.0,2396732.0,151200000.0,0.0019789417989417
2012-12-06,8.1,8.13,8.05,8.07,126400.0,1022263.0,151200000.0,0.0008359788359788
2012-12-07,7.98,8.54,7.98,8.47,397425.0,3303006.0,151200000.0,0.0026284722222222
2012-12-10,8.24,8.69,8.24,8.63,358500.0,3053807.0,151200000.0,0.0023710317460317
2012-12-11,8.75,8.75,8.43,8.67,418801.0,3627557.0,151200000.0,0.0027698478835978
2012-12-12,8.89,9.15,8.63,8.73,507753.0,4493226.0,151200000.0,0.0033581547619047
2012-12-13,8.75,8.75,8.41,8.68,340705.0,2905532.0,151200000.0,0.0022533399470899
2012-12-14,8.58,9.21,8.58,9.02,984206.0,8788165.0,151200000.0,0.0065092989417989
2012-12-17,9.0,9.18,8.91,9.13,456320.0,4143563.0,151200000.0,0.0030179894179894
2012-12-18,9.08,9.14,8.95,9.03,359733.0,3250193.0,151200000.0,0.0023791865079365
2012-12-19,9.03,9.23,9.01,9.09,562703.0,5152383.0,151200000.0,0.0037215806878306
2012-12-20,9.0,9.05,8.85,8.95,182800.0,1638197.0,151200000.0,0.0012089947089947
2012-12-21,9.02,9.02,8.72,8.78,503411.0,4453072.0,151200000.0,0.0033294378306878
2012-12-24,8.64,8.75,8.6,8.7,258108.0,2235401.0,151200000.0,0.0017070634920634
2012-12-25,8.7,8.85,8.6,8.82,472599.0,4156295.0,151200000.0,0.0031256547619047
2012-12-26,8.82,8.88,8.75,8.88,455209.0,4009148.0,151200000.0,0.0030106415343915
2012-12-27,8.9,8.9,8.66,8.76,659254.0,5794355.0,151200000.0,0.0043601455026455
2012-12-28,8.7,8.86,8.5,8.86,731614.0,6426816.0,151200000.0,0.0048387169312169
2012-12-31,8.9,8.96,8.83,8.94,1124204.0,10029835.0,151200000.0,0.0074352116402116
2013-01-04,8.89,9.49,8.89,9.1,1629482.0,14752852.0,151200000.0,0.0107769973544973
2013-01-07,9.1,9.34,9.04,9.3,2865882.0,26322252.0,151200000.0,0.018954246031746
2013-01-08,9.39,9.39,9.1,9.23,1775693.0,16325316.0,151200000.0,0.0117440013227513
2013-01-09,9.23,9.23,8.9,9.05,1620632.0,14709337.0,151200000.0,0.0107184656084656
2013-01-10,9.06,9.14,9.0,9.03,888176.0,8062501.0,151200000.0,0.0058741798941798
2013-01-11,9.02,9.2,8.9,9.18,1688356.0,15333620.0,151200000.0,0.0111663756613756
2013-01-14,9.17,9.55,9.09,9.48,3302701.0,30919222.0,151200000.0,0.0218432605820105
2013-01-15,9.45,9.5,9.31,9.45,2761105.0,25920916.0,151200000.0,0.0182612764550264
2013-01-16,9.49,9.74,9.37,9.67,2987468.0,28608014.0,151200000.0,0.0197583862433862
2013-01-17,9.5,9.7,9.17,9.22,1730509.0,16171695.0,151200000.0,0.0114451653439153
2013-01-18,9.33,9.33,9.2,9.33,739975.0,6875612.0,151200000.0,0.0048940145502645
2013-01-21,9.32,9.37,9.11,9.22,1315640.0,12100827.0,151200000.0,0.0087013227513227
2013-01-22,9.18,9.31,9.09,9.13,1344338.0,12365348.0,151200000.0,0.0088911243386243
2013-01-23,9.03,9.19,8.96,9.03,966134.0,8743553.0,151200000.0,0.0063897751322751
2013-01-24,9.09,9.13,8.89,8.9,932852.0,8410736.0,151200000.0,0.006169656084656
2013-01-25,8.81,8.87,8.7,8.79,530373.0,4664488.0,151200000.0,0.0035077579365079
2013-01-28,8.81,8.96,8.79,8.96,508749.0,4530852.0,151200000.0,0.003364742063492
2013-01-29,8.98,9.12,8.93,9.11,619439.0,5590400.0,151200000.0,0.0040968187830687
2013-01-30,9.14,9.14,8.95,9.01,458507.0,4132433.0,151200000.0,0.0030324537037037
2013-01-31,9.01,9.01,8.79,8.82,704830.0,6264904.0,151200000.0,0.004661574074074
2013-02-01,8.8,8.95,8.76,8.85,567244.0,5009064.0,151200000.0,0.0037516137566137
2013-02-04,8.95,9.65,8.86,9.14,1150841.0,10585773.0,151200000.0,0.0076113822751322
2013-02-05,9.0,9.17,8.24,9.12,1037306.0,9249378.0,151200000.0,0.0068604894179894
2013-02-06,9.03,9.39,9.03,9.2,1464843.0,13531711.0,151200000.0,0.009688115079365
2013-02-07,9.15,9.26,9.0,9.11,829096.0,7536995.0,151200000.0,0.0054834391534391
2013-02-08,9.11,9.15,9.06,9.15,983298.0,8942767.0,151200000.0,0.0065032936507936
2013-02-18,9.14,9.25,9.13,9.2,1124490.0,10317703.0,151200000.0,0.0074371031746031
2013-02-19,9.17,9.22,8.9,8.97,969938.0,8758876.0,151200000.0,0.0064149338624338
2013-02-20,9.01,9.07,8.94,9.05,1536828.0,13814953.0,151200000.0,0.0101642063492063
2013-02-21,9.04,9.1,8.65,9.01,1644452.0,14645873.0,151200000.0,0.0108760052910052
2013-02-22,8.98,9.02,8.88,8.9,320950.0,2868513.0,151200000.0,0.0021226851851851
2013-02-25,8.82,9.0,8.73,8.93,853676.0,7606449.0,151200000.0,0.0056460052910052
2013-02-26,8.84,8.95,8.78,8.8,687010.0,6093114.0,151200000.0,0.0045437169312169
2013-02-27,8.8,8.87,8.74,8.87,456178.0,4014596.0,151200000.0,0.0030170502645502
2013-02-28,8.87,8.96,8.78,8.96,709065.0,6290237.0,151200000.0,0.0046895833333333
2013-03-01,8.96,9.1,8.9,9.1,1443235.0,13003538.0,151200000.0,0.009545205026455
2013-03-04,9.09,9.1,8.73,8.78,657700.0,5852714.0,151200000.0,0.0043498677248677
2013-03-05,8.8,9.12,8.7,9.1,1192053.0,10746589.0,151200000.0,0.0078839484126984
2013-03-06,9.1,9.25,9.04,9.18,2019254.0,18430426.0,151200000.0,0.0133548544973544
2013-03-07,9.19,9.8,9.06,9.61,5920065.0,55427860.0,151200000.0,0.039153869047619
2013-03-08,9.5,10.39,9.39,10.04,8525919.0,83796552.0,151200000.0,0.0563883531746031
2013-03-11,9.7,9.9,9.55,9.78,4456567.0,43481800.0,151200000.0,0.0294746494708994
2013-03-12,9.59,9.75,9.1,9.25,3461969.0,32468366.0,151200000.0,0.0228966203703703
2013-03-13,9.24,9.3,9.11,9.3,1353418.0,12454632.0,151200000.0,0.0089511772486772
2013-03-14,9.28,9.37,9.13,9.14,1305923.0,12061886.0,151200000.0,0.0086370568783068
2013-03-15,9.15,9.15,8.79,8.87,1584284.0,14158255.0,151200000.0,0.0104780687830687
2013-03-18,8.87,8.9,8.67,8.7,1021715.0,8947726.0,151200000.0,0.0067573743386243
2013-03-19,8.75,8.95,8.62,8.91,1193274.0,10534056.0,151200000.0,0.0078920238095238
2013-03-20,8.91,9.13,8.89,9.1,1158442.0,10487576.0,151200000.0,0.0076616534391534
2013-03-21,9.11,9.26,9.05,9.09,1128450.0,10296590.0,151200000.0,0.0074632936507936
2013-03-22,9.1,9.16,9.0,9.13,812581.0,7391697.0,151200000.0,0.0053742129629629
2013-03-25,9.06,9.26,9.06,9.22,800120.0,7360430.0,151200000.0,0.0052917989417989
2013-03-26,9.17,9.21,9.08,9.15,993254.0,9052839.0,151200000.0,0.0065691402116402
2013-03-27,9.13,9.29,9.06,9.28,1107438.0,10130891.0,151200000.0,0.0073243253968253
2013-03-28,9.2,9.2,8.77,8.78,763349.0,6859685.0,151200000.0,0.0050486044973544
2013-03-29,8.72,8.92,8.72,8.79,531147.0,4674945.0,151200000.0,0.0035128769841269
2013-04-01,8.79,9.02,8.79,8.9,644090.0,5762682.0,151200000.0,0.0042598544973544
2013-04-02,8.98,9.08,8.91,9.0,663457.0,5970596.0,151200000.0,0.0043879431216931
2013-04-03,8.96,9.27,8.88,9.2,1106077.0,10100717.0,151200000.0,0.007315324074074
2013-04-08,9.1,9.48,9.08,9.38,2664486.0,24691404.0,151200000.0,0.0176222619047619
2013-04-09,9.38,9.38,9.18,9.2,2186323.0,20193760.0,151200000.0,0.0144598082010582
2013-04-10,9.18,9.24,8.95,9.02,1385314.0,12593813.0,151200000.0,0.0091621296296296
2013-04-11,8.97,9.17,8.95,9.07,937803.0,8475854.0,151200000.0,0.0062024007936507
2013-04-12,9.05,9.05,8.78,8.95,1252897.0,11170064.0,151200000.0,0.0082863558201058
2013-04-15,9.03,9.03,8.84,9.0,664978.0,5950417.0,151200000.0,0.0043980026455026
2013-04-16,8.99,9.2,8.88,9.18,849373.0,7708061.0,151200000.0,0.0056175462962962
2013-04-17,9.22,9.24,9.05,9.14,714745.0,6513454.0,151200000.0,0.0047271494708994
2013-04-18,9.14,9.15,9.02,9.04,791955.0,7192386.0,151200000.0,0.0052377976190476
2013-04-19,9.05,9.22,9.05,9.14,1626073.0,14860108.0,151200000.0,0.010754451058201
2013-04-22,9.05,9.14,8.8,8.92,1344593.0,12001970.0,151200000.0,0.0088928108465608
2013-04-23,8.91,9.06,8.8,9.05,1647930.0,14745017.0,151200000.0,0.0108990079365079
2013-04-24,9.07,9.1,8.85,9.0,1144262.0,10265281.0,151200000.0,0.0075678703703703
2013-04-25,9.0,9.17,8.93,8.93,1601850.0,14525614.0,151200000.0,0.010594246031746
2013-04-26,8.93,9.02,8.65,8.7,983499.0,8758520.0,151200000.0,0.006504623015873
2013-05-02,8.7,8.77,8.2,8.26,1095108.0,9264344.0,151200000.0,0.0072427777777777
2013-05-03,8.26,8.46,8.26,8.37,790109.0,6587190.0,151200000.0,0.0052255886243386
2013-05-06,8.43,8.55,8.35,8.51,707828.0,6010103.0,151200000.0,0.0046814021164021
2013-05-07,8.55,8.6,8.41,8.54,691049.0,5877662.0,151200000.0,0.0045704298941798
2013-05-08,8.56,8.7,8.54,8.59,683730.0,5894724.0,151200000.0,0.0045220238095238
2013-05-09,8.68,8.68,8.53,8.6,965432.0,8309637.0,151200000.0,0.0063851322751322
2013-05-10,8.51,8.68,8.51,8.67,519090.0,4473305.0,151200000.0,0.0034331349206349
2013-05-13,8.68,9.0,8.65,8.84,1411256.0,12522856.0,151200000.0,0.0093337037037037
2013-05-14,8.9,8.9,8.7,8.73,518359.0,4541588.0,151200000.0,0.0034283002645502
2013-05-15,8.75,8.85,8.71,8.8,501907.0,4408877.0,151200000.0,0.0033194907407407
2013-05-16,8.75,8.8,8.65,8.78,707969.0,6179180.0,151200000.0,0.0046823346560846
2013-05-17,8.84,8.87,8.67,8.79,645765.0,5654361.0,151200000.0,0.0042709325396825
2013-05-20,8.71,8.88,8.71,8.84,1085417.0,9554031.0,151200000.0,0.0071786838624338
2013-05-21,8.77,8.95,8.76,8.84,1925449.0,17068534.0,151200000.0,0.012734451058201
2013-05-22,8.86,9.2,8.82,9.11,3869009.0,34739608.0,151200000.0,0.0255886838624338
2013-05-23,9.0,9.1,8.88,8.89,1821222.0,16277846.0,151200000.0,0.012045119047619
2013-05-24,8.92,9.04,8.8,8.9,1999799.0,17779040.0,151200000.0,0.0132261838624338
2013-05-27,8.9,9.05,8.84,9.0,1888210.0,16845592.0,151200000.0,0.0124881613756613
2013-05-28,9.0,9.2,8.9,9.12,1734693.0,15678105.0,151200000.0,0.0114728373015873
2013-05-29,9.17,9.35,9.04,9.23,2899188.0,26694192.0,151200000.0,0.0191745238095238
2013-05-30,9.11,9.35,9.11,9.19,1714766.0,15806624.0,151200000.0,0.0113410449735449
2013-05-31,9.2,9.27,9.07,9.22,1394763.0,12791536.0,151200000.0,0.009224623015873
2013-06-03,9.13,9.57,8.65,8.97,2961250.0,27046044.0,151200000.0,0.0195849867724867
2013-06-04,8.85,9.15,8.82,8.86,1314540.0,11786724.0,151200000.0,0.0086940476190476
2013-06-05,8.83,9.02,8.83,8.94,934249.0,8363452.0,151200000.0,0.0061788955026455
2013-06-06,8.95,8.99,8.83,8.85,659763.0,5859374.0,151200000.0,0.0043635119047619
2013-06-07,8.85,8.89,8.53,8.57,987411.0,8575485.0,151200000.0,0.006530496031746
2013-06-13,8.56,8.98,8.0,8.8,1328440.0,11198872.0,151200000.0,0.0087859788359788
2013-06-14,8.59,9.03,8.59,8.65,1213400.0,10606810.0,151200000.0,0.0080251322751322
2013-06-17,8.56,8.69,8.45,8.6,888499.0,7604352.0,151200000.0,0.0058763161375661
2013-06-18,8.58,8.68,8.53,8.59,466703.0,4017948.0,151200000.0,0.00308666005291
2013-06-19,8.63,8.63,8.3,8.43,692951.0,5825493.0,151200000.0,0.0045830092592592
2013-06-20,8.38,8.49,8.21,8.4,901211.0,7512497.0,151200000.0,0.0059603902116402
2013-06-21,8.7,9.24,8.5,9.24,6826938.0,61611860.0,151200000.0,0.0451517063492063
2013-06-24,9.29,9.97,9.2,9.48,12157973.0,115774416.0,151200000.0,0.0804098743386243
2013-06-26,9.23,9.88,9.01,9.77,9011382.0,84991688.0,151200000.0,0.0595990873015873
2013-06-27,9.62,9.62,9.0,9.0,7185438.0,66918044.0,151200000.0,0.0475227380952381
2013-06-28,8.88,8.88,8.28,8.46,4842149.0,41478876.0,151200000.0,0.0320247949735449
2013-07-01,8.3,8.79,8.12,8.63,3937827.0,33321322.0,151200000.0,0.0260438293650793
2013-07-02,8.52,8.71,8.4,8.64,3233137.0,27618882.0,151200000.0,0.0213831812169312
2013-07-03,8.6,8.6,8.2,8.42,2699660.0,22576100.0,151200000.0,0.0178548941798941
2013-07-04,8.46,8.6,8.13,8.49,3473894.0,29174096.0,151200000.0,0.0229754894179894
2013-07-05,8.56,8.56,8.3,8.41,2578751.0,21661078.0,151200000.0,0.0170552314814814
2013-07-08,8.09,8.25,7.72,7.72,2930633.0,23226856.0,151200000.0,0.0193824933862433
2013-07-09,7.72,7.89,7.6,7.64,1476229.0,11347085.0,151200000.0,0.0097634193121693
2013-07-10,7.63,7.82,7.41,7.8,2718723.0,20689452.0,151200000.0,0.0179809722222222
2013-07-11,7.72,8.1,7.66,7.91,2995286.0,23608476.0,151200000.0,0.0198100925925925
2013-07-12,7.9,8.0,7.75,7.78,1881110.0,14759009.0,151200000.0,0.0124412037037037
2013-07-15,7.83,7.89,7.68,7.86,1640706.0,12797924.0,151200000.0,0.0108512301587301
2013-07-16,7.81,7.99,7.81,7.97,1869730.0,14806254.0,151200000.0,0.0123659391534391
2013-07-17,8.04,8.09,7.79,7.81,1670365.0,13285853.0,151200000.0,0.0110473875661375
2013-07-18,7.73,7.95,7.68,7.86,1350750.0,10519981.0,151200000.0,0.0089335317460317
2013-07-19,7.85,7.92,7.58,7.58,1564851.0,12114908.0,151200000.0,0.0103495436507936
2013-07-22,7.4,7.59,7.4,7.55,1212709.0,9082421.0,151200000.0,0.0080205621693121
2013-07-23,7.54,7.73,7.52,7.7,1087006.0,8337665.0,151200000.0,0.0071891931216931
2013-07-24,7.73,7.75,7.54,7.65,1256056.0,9580909.0,151200000.0,0.0083072486772486
2013-07-25,7.65,7.85,7.56,7.84,1985950.0,15340079.0,151200000.0,0.0131345899470899
2013-07-26,7.81,7.9,7.74,7.75,1137000.0,8874192.0,151200000.0,0.0075198412698412
2013-07-29,7.75,7.85,7.47,7.85,1312169.0,9986308.0,151200000.0,0.0086783664021164
2013-07-30,7.97,8.37,7.95,8.03,3430092.0,27881236.0,151200000.0,0.0226857936507936
2013-07-31,7.87,8.03,7.84,7.91,1688473.0,13335616.0,151200000.0,0.0111671494708994
2013-08-01,7.85,7.98,7.84,7.95,1470312.0,11630756.0,151200000.0,0.0097242857142857
2013-08-02,7.93,8.06,7.84,8.01,1674312.0,13331408.0,151200000.0,0.011073492063492
2013-08-05,8.07,8.18,7.97,8.1,1367220.0,11049008.0,151200000.0,0.0090424603174603
2013-08-06,8.1,8.14,8.0,8.07,1318442.0,10662641.0,151200000.0,0.0087198544973544
2013-08-07,8.06,8.1,7.84,7.9,1392003.0,11079317.0,151200000.0,0.009206369047619
2013-08-08,7.86,7.98,7.81,7.86,1134899.0,8939105.0,151200000.0,0.0075059457671957
2013-08-09,7.83,7.92,7.75,7.89,1258200.0,9865947.0,151200000.0,0.0083214285714285
2013-08-12,7.94,8.1,7.91,8.08,1729269.0,13872296.0,151200000.0,0.0114369642857142
2013-08-13,8.05,8.27,7.9,8.2,2102296.0,17047558.0,151200000.0,0.013904074074074
2013-08-14,8.2,8.24,8.05,8.07,1328619.0,10773837.0,151200000.0,0.0087871626984126
2013-08-15,8.08,8.12,8.0,8.0,878999.0,7078282.0,151200000.0,0.0058134854497354
2013-08-16,7.98,8.12,7.87,7.89,1137038.0,9068363.0,151200000.0,0.0075200925925925
2013-08-19,7.85,8.01,7.8,7.99,808046.0,6405178.0,151200000.0,0.0053442195767195
2013-08-20,7.93,8.03,7.88,7.89,699460.0,5564149.0,151200000.0,0.0046260582010582
2013-08-21,7.9,8.17,7.9,8.13,1561445.0,12596880.0,151200000.0,0.0103270171957671
2013-08-22,8.05,8.14,8.02,8.11,976518.0,7897165.0,151200000.0,0.0064584523809523
2013-08-23,8.12,8.15,7.83,8.02,1009553.0,8101530.0,151200000.0,0.0066769378306878
2013-08-26,7.92,8.17,7.92,8.15,1302401.0,10567357.0,151200000.0,0.0086137632275132
2013-08-27,8.16,8.21,8.11,8.2,1305375.0,10649663.0,151200000.0,0.0086334325396825
2013-08-28,8.15,8.2,8.1,8.12,1136598.0,9261658.0,151200000.0,0.0075171825396825
2013-08-29,8.09,8.25,8.08,8.13,1133661.0,9258708.0,151200000.0,0.0074977579365079
2013-08-30,8.1,8.34,8.07,8.32,2719326.0,22436116.0,151200000.0,0.0179849603174603
2013-09-02,8.32,8.69,8.26,8.45,3163587.0,26894406.0,151200000.0,0.0209231944444444
2013-09-03,8.45,8.69,8.29,8.56,2842051.0,24137928.0,151200000.0,0.0187966335978835
2013-09-04,8.57,8.57,8.4,8.42,1393283.0,11779628.0,151200000.0,0.0092148346560846
2013-09-05,8.33,9.26,8.33,9.08,6202655.0,54597424.0,151200000.0,0.0410228505291005
2013-09-06,8.95,9.6,8.88,9.46,8568090.0,78995080.0,151200000.0,0.0566672619047619
2013-09-09,9.25,9.58,9.11,9.2,6197382.0,57333888.0,151200000.0,0.0409879761904761
2013-09-10,9.17,9.24,8.82,9.06,3916682.0,35055372.0,151200000.0,0.0259039814814814
2013-09-11,8.9,9.26,8.9,9.13,2493438.0,22450180.0,151200000.0,0.016490992063492
2013-09-12,9.06,9.54,9.04,9.4,5643110.0,52156424.0,151200000.0,0.037322156084656
2013-09-13,9.14,9.14,8.79,9.0,3881326.0,34966916.0,151200000.0,0.0256701455026455
2013-09-16,8.9,8.91,8.76,8.83,1510007.0,13340277.0,151200000.0,0.0099868187830687
2013-09-17,8.78,8.89,8.53,8.55,1469027.0,12791197.0,151200000.0,0.009715787037037
2013-09-18,8.52,8.67,8.45,8.61,1077304.0,9237317.0,151200000.0,0.0071250264550264
2013-09-23,8.62,8.87,8.62,8.81,1558673.0,13644710.0,151200000.0,0.0103086838624338
2013-09-24,8.78,8.87,8.6,8.61,1401508.0,12159835.0,151200000.0,0.0092692328042328
2013-09-25,8.57,8.74,8.56,8.6,963210.0,8334480.0,151200000.0,0.0063704365079365
2013-09-26,8.66,8.75,8.46,8.49,1071001.0,9247231.0,151200000.0,0.0070833399470899
2013-09-27,8.58,8.58,8.28,8.32,1153449.0,9701237.0,151200000.0,0.0076286309523809
2013-09-30,8.5,8.62,8.38,8.5,1233925.0,10517786.0,151200000.0,0.0081608796296296
2014-01-22,9.35,9.35,9.07,9.35,3785652.0,35343528.0,151200000.0,0.0250373809523809
2014-01-23,9.3,9.37,8.89,9.03,5666959.0,51604708.0,151200000.0,0.0374798875661375
2014-01-24,8.9,8.98,8.75,8.83,3844703.0,33907984.0,151200000.0,0.0254279298941798
2014-01-27,8.71,8.8,8.62,8.74,1798915.0,15676360.0,151200000.0,0.0118975859788359
2014-01-28,8.7,8.72,8.36,8.45,2302596.0,19563548.0,151200000.0,0.0152288095238095
2014-01-29,8.46,8.56,8.41,8.51,1215594.0,10304602.0,151200000.0,0.0080396428571428
2014-01-30,8.45,8.45,8.18,8.18,1349948.0,11183493.0,151200000.0,0.0089282275132275
2014-02-07,8.15,8.34,8.04,8.32,950812.0,7819887.0,151200000.0,0.0062884391534391
2014-02-10,8.35,8.54,8.27,8.52,1967538.0,16601868.0,151200000.0,0.0130128174603174
2014-02-12,8.48,8.55,8.17,8.53,2805045.0,23515666.0,151200000.0,0.0185518849206349
2014-02-13,8.49,9.15,8.35,8.79,4926944.0,42573740.0,151200000.0,0.0325856084656084
2014-02-14,8.65,8.84,8.54,8.72,2996052.0,25970850.0,151200000.0,0.0198151587301587
2014-02-17,8.75,8.97,8.69,8.89,3587139.0,31750298.0,151200000.0,0.0237244642857142
2014-02-18,8.89,9.1,8.83,9.05,3789943.0,34159680.0,151200000.0,0.0250657605820105
2014-02-19,9.05,9.1,8.78,9.03,3155028.0,28301568.0,151200000.0,0.0208665873015873
2014-02-20,9.0,9.25,8.88,8.93,3778726.0,34374396.0,151200000.0,0.024991574074074
2014-02-21,8.99,9.22,8.8,9.2,2518465.0,22730266.0,151200000.0,0.0166565145502645
2014-02-24,9.15,9.33,8.93,9.15,1772076.0,16131276.0,151200000.0,0.0117200793650793
2014-02-25,9.15,9.23,8.31,8.51,2742066.0,24144402.0,151200000.0,0.0181353571428571
2014-02-26,8.48,8.75,8.43,8.65,1208723.0,10399357.0,151200000.0,0.0079941997354497
2014-02-27,8.65,8.83,8.61,8.71,1461460.0,12781331.0,151200000.0,0.0096657407407407
2014-02-28,8.61,8.78,8.45,8.78,922863.0,7927478.0,151200000.0,0.0061035912698412
2014-03-03,8.8,9.02,8.69,8.98,1534277.0,13616513.0,151200000.0,0.0101473346560846
2014-03-04,9.0,9.13,8.91,9.06,1337396.0,12072684.0,151200000.0,0.0088452116402116
2014-03-05,9.06,9.06,8.78,8.9,1102583.0,9843734.0,151200000.0,0.0072922156084656
2014-03-06,8.9,9.32,8.64,9.3,2334045.0,21073966.0,151200000.0,0.0154368055555555
2014-03-07,9.31,9.54,9.18,9.35,3967746.0,37223532.0,151200000.0,0.0262417063492063
2014-03-10,9.4,10.29,9.26,9.84,7972118.0,78527264.0,151200000.0,0.0527256481481481
2014-03-11,9.51,9.68,9.16,9.36,4586717.0,43181732.0,151200000.0,0.0303354298941798
2014-03-12,9.22,9.31,8.73,8.85,3868256.0,34513772.0,151200000.0,0.0255837037037037
2014-03-13,8.83,8.97,8.75,8.95,2351553.0,20865300.0,151200000.0,0.0155525992063492
2014-03-14,8.94,9.04,8.86,8.96,1712175.0,15311302.0,151200000.0,0.0113239087301587
2014-03-17,8.94,9.36,8.91,9.28,3034877.0,27704158.0,151200000.0,0.0200719378306878
2014-03-18,9.24,9.29,9.11,9.17,2268768.0,20827134.0,151200000.0,0.0150050793650793
2014-03-19,9.05,9.49,8.96,9.4,3025403.0,27741366.0,151200000.0,0.0200092791005291
2014-03-20,9.32,9.68,9.28,9.29,3173486.0,30092080.0,151200000.0,0.020988664021164
2014-03-21,9.15,9.67,9.08,9.62,3975245.0,37626344.0,151200000.0,0.0262913029100529
2014-03-24,9.64,9.72,9.47,9.56,3125168.0,29949404.0,151200000.0,0.0206691005291005
2014-03-25,9.57,9.78,9.5,9.57,2176797.0,20899994.0,151200000.0,0.0143968055555555
2014-03-26,9.55,9.64,9.29,9.42,2328884.0,21887362.0,151200000.0,0.0154026719576719
2014-03-27,9.4,9.41,9.08,9.13,2375494.0,21814260.0,151200000.0,0.0157109391534391
2014-03-28,9.12,9.28,9.0,9.18,1859051.0,16992242.0,151200000.0,0.0122953108465608
2014-03-31,9.25,9.31,9.12,9.19,1072711.0,9886119.0,151200000.0,0.0070946494708994
2014-04-01,9.19,9.3,9.0,9.29,1471318.0,13434690.0,151200000.0,0.0097309391534391
2014-04-02,9.28,9.4,9.15,9.19,1293818.0,12008907.0,151200000.0,0.0085569973544973
2014-04-03,9.19,9.19,9.02,9.1,1196072.0,10881460.0,151200000.0,0.0079105291005291
2014-04-04,9.06,9.16,9.04,9.12,747067.0,6799091.0,151200000.0,0.0049409193121693
2014-04-08,9.11,9.26,9.02,9.24,1233020.0,11278142.0,151200000.0,0.0081548941798941
2014-04-09,9.24,9.29,9.09,9.16,1085466.0,9952794.0,151200000.0,0.0071790079365079
2014-04-10,9.14,9.22,9.05,9.16,1108702.0,10148382.0,151200000.0,0.0073326851851851
2014-04-11,9.12,9.55,9.05,9.42,3168625.0,29605664.0,151200000.0,0.0209565145502645
2014-04-14,9.42,9.45,9.3,9.42,1695081.0,15881410.0,151200000.0,0.0112108531746031
2014-04-15,9.31,9.39,9.13,9.13,1426121.0,13166752.0,151200000.0,0.0094320171957671
2014-04-16,9.1,9.18,9.1,9.14,1221260.0,11162637.0,151200000.0,0.0080771164021164
2014-04-17,9.13,9.22,9.1,9.16,811154.0,7442918.0,151200000.0,0.0053647751322751
2014-04-18,9.13,9.19,9.06,9.17,1003114.0,9137890.0,151200000.0,0.0066343518518518
2014-04-21,9.17,9.17,8.7,8.79,1868493.0,16764686.0,151200000.0,0.0123577579365079
2014-04-22,8.78,8.79,8.48,8.62,1802254.0,15490179.0,151200000.0,0.0119196693121693
2014-04-23,8.6,8.67,8.56,8.61,527772.0,4546311.0,151200000.0,0.0034905555555555
2014-04-24,8.59,8.67,8.52,8.57,549379.0,4726042.0,151200000.0,0.0036334589947089
2014-04-25,8.55,8.63,8.0,8.25,1395143.0,11573896.0,151200000.0,0.0092271362433862
2014-04-28,8.18,8.18,7.99,8.12,921374.0,7422567.0,151200000.0,0.0060937433862433
2014-04-29,8.08,8.27,8.08,8.25,429816.0,3503117.0,151200000.0,0.0028426984126984
2014-04-30,8.22,8.32,8.15,8.31,468448.0,3845658.0,151200000.0,0.003098201058201
2014-05-05,8.28,8.62,8.24,8.52,1151505.0,9801418.0,151200000.0,0.0076157738095238
2014-05-06,8.5,8.64,8.48,8.54,376580.0,3215142.0,151200000.0,0.0024906084656084
2014-05-07,8.54,8.54,8.35,8.39,403885.0,3409112.0,151200000.0,0.002671197089947
2014-05-08,8.46,8.51,8.25,8.26,509921.0,4274557.0,151200000.0,0.0033724933862433
2014-05-09,8.25,8.33,8.16,8.24,390151.0,3216273.0,151200000.0,0.0025803637566137
2014-05-12,8.35,8.52,8.28,8.51,659692.0,5576128.0,151200000.0,0.0043630423280423
2014-05-13,8.51,8.64,8.47,8.51,679870.0,5811024.0,151200000.0,0.0044964947089947
2014-05-14,8.47,8.7,8.46,8.62,487702.0,4194949.0,151200000.0,0.0032255423280423
2014-05-15,8.56,8.67,8.42,8.47,455079.0,3874486.0,151200000.0,0.0030097817460317
2014-05-16,8.43,8.51,8.37,8.45,189998.0,1601191.0,151200000.0,0.0012566005291005
2014-05-19,8.41,8.49,8.29,8.43,409989.0,3429487.0,151200000.0,0.0027115674603174
2014-05-20,8.44,8.5,8.33,8.43,398330.0,3346465.0,151200000.0,0.0026344576719576
2014-05-29,8.35,8.38,8.09,8.2,2465064.0,20249332.0,151200000.0,0.0163033333333333
2014-05-30,8.15,8.23,8.08,8.15,1228141.0,10000308.0,151200000.0,0.0081226256613756
2014-06-03,8.16,8.22,8.09,8.19,733202.0,6001852.0,151200000.0,0.0048492195767195
2014-06-04,8.2,8.2,8.12,8.15,578647.0,4720249.0,151200000.0,0.0038270304232804
2014-06-05,8.14,8.24,8.13,8.21,576421.0,4723680.0,151200000.0,0.0038123082010582
2014-06-06,8.21,8.34,8.21,8.25,716110.0,5918885.0,151200000.0,0.0047361772486772
2014-06-09,8.26,8.39,8.22,8.32,621237.0,5172850.0,151200000.0,0.0041087103174603
2014-06-10,8.31,8.49,8.3,8.49,900363.0,7560082.0,151200000.0,0.0059547817460317
2014-06-11,8.49,9.05,8.45,8.59,1106624.0,9511461.0,151200000.0,0.0073189417989417
2014-06-12,8.55,8.65,8.52,8.58,661598.0,5677414.0,151200000.0,0.0043756481481481
2014-06-13,8.58,8.64,8.53,8.59,874152.0,7496731.0,151200000.0,0.0057814285714285
2014-06-16,8.67,8.75,8.61,8.74,708180.0,6155725.0,151200000.0,0.0046837301587301
2014-06-17,8.75,8.75,8.45,8.55,1063094.0,9115726.0,151200000.0,0.0070310449735449
2014-06-18,8.55,8.6,8.41,8.44,1040983.0,8812363.0,151200000.0,0.0068848082010582
2014-06-19,8.44,8.45,8.21,8.27,588847.0,4904527.0,151200000.0,0.0038944907407407
2014-06-20,8.27,8.39,8.15,8.37,486776.0,4028436.0,151200000.0,0.0032194179894179
2014-06-23,8.31,8.93,8.3,8.78,2668075.0,23197522.0,151200000.0,0.0176459986772486
2014-06-24,8.8,9.66,8.71,9.66,5395864.0,50355276.0,151200000.0,0.0356869312169312
2014-06-25,9.77,9.77,9.17,9.17,8970947.0,84563808.0,151200000.0,0.05933166005291
2014-06-26,9.13,9.36,9.01,9.22,6714637.0,61489080.0,151200000.0,0.0444089748677248
2014-06-27,9.1,9.31,9.02,9.13,3737789.0,34180948.0,151200000.0,0.0247208267195767
2014-07-07,9.26,9.45,9.0,9.2,5916476.0,54723988.0,151200000.0,0.0391301322751322
2014-07-08,9.19,9.42,9.06,9.29,3632702.0,33499262.0,151200000.0,0.0240258068783068
2014-07-09,9.35,9.65,9.22,9.35,3853289.0,36382060.0,151200000.0,0.0254847156084656
2014-07-10,9.35,10.15,9.32,9.7,5604412.0,54724136.0,151200000.0,0.0370662169312169
2014-07-11,9.73,9.84,9.59,9.78,3040328.0,29493630.0,151200000.0,0.0201079894179894
2014-07-14,9.79,10.1,9.63,9.94,2996071.0,29714602.0,151200000.0,0.0198152843915343
2014-07-15,9.89,9.96,9.68,9.92,2281882.0,22383050.0,151200000.0,0.0150918121693121
2014-07-16,9.9,9.9,9.52,9.58,1947383.0,18818176.0,151200000.0,0.0128795171957671
2014-07-17,9.6,9.86,9.6,9.73,1924857.0,18762646.0,151200000.0,0.0127305357142857
2014-07-18,9.73,9.84,9.62,9.67,1313730.0,12752664.0,151200000.0,0.0086886904761904
2014-07-21,9.63,9.77,9.57,9.68,1207223.0,11675737.0,151200000.0,0.0079842791005291
2014-07-22,9.6,9.79,9.59,9.73,1674005.0,16256657.0,151200000.0,0.0110714616402116
2014-07-23,9.7,10.64,9.67,10.21,5805324.0,59016128.0,151200000.0,0.038395
2014-07-24,10.16,10.31,9.91,10.04,2573808.0,25954714.0,151200000.0,0.0170225396825396
2014-07-25,10.05,10.39,10.03,10.19,2250504.0,22954788.0,151200000.0,0.0148842857142857
2014-07-28,10.13,10.38,10.12,10.22,1778379.0,18178676.0,151200000.0,0.0117617658730158
2014-07-29,10.22,10.35,10.06,10.24,2245455.0,22949786.0,151200000.0,0.0148508928571428
2014-07-30,10.19,10.4,10.13,10.39,2257165.0,23151762.0,151200000.0,0.0149283399470899
2014-07-31,10.44,10.47,10.22,10.32,1276801.0,13219582.0,151200000.0,0.008444451058201
2014-08-01,10.28,10.43,10.18,10.19,1800534.0,18517268.0,151200000.0,0.0119082936507936
2014-08-04,10.21,10.46,10.19,10.38,2084930.0,21544798.0,151200000.0,0.0137892195767195
2014-08-05,10.38,10.47,10.22,10.41,1801464.0,18600986.0,151200000.0,0.0119144444444444
2014-08-06,10.32,10.64,10.28,10.57,1753354.0,18356458.0,151200000.0,0.0115962566137566
2014-08-07,10.54,10.65,10.43,10.44,1523567.0,16002260.0,151200000.0,0.0100765013227513
2014-08-08,10.44,10.5,10.37,10.44,836727.0,8722836.0,151200000.0,0.0055339087301587
2014-08-11,10.44,10.59,10.38,10.51,1724969.0,18038444.0,151200000.0,0.0114085251322751
2014-08-12,10.56,10.57,10.4,10.53,1425597.0,14955567.0,151200000.0,0.0094285515873015
2014-08-13,10.47,10.58,10.23,10.42,1795177.0,18645752.0,151200000.0,0.0118728637566137
2014-08-14,10.42,11.13,10.36,10.9,3844702.0,41251876.0,151200000.0,0.0254279232804232
2014-08-15,10.8,11.11,10.71,11.03,1910191.0,20950272.0,151200000.0,0.0126335383597883
2014-08-18,11.03,11.58,10.91,11.29,3241355.0,36735904.0,151200000.0,0.021437533068783
2014-08-19,11.3,11.38,11.01,11.16,2259407.0,25121476.0,151200000.0,0.0149431679894179
2014-08-20,11.16,11.32,11.04,11.15,2054333.0,23007348.0,151200000.0,0.0135868584656084
2014-08-21,11.11,11.23,10.85,11.1,1775353.0,19709596.0,151200000.0,0.0117417526455026
2014-08-22,11.04,11.29,11.04,11.27,2005097.0,22428936.0,151200000.0,0.0132612235449735
2014-08-25,11.26,11.26,10.89,10.89,3328957.0,36700352.0,151200000.0,0.0220169113756613
2014-08-26,10.9,11.05,10.7,10.79,1911442.0,20808984.0,151200000.0,0.0126418121693121
2014-08-27,10.78,11.37,10.76,11.19,2198674.0,24484744.0,151200000.0,0.0145414947089947
2014-08-28,11.23,11.81,11.11,11.25,3227537.0,36979568.0,151200000.0,0.0213461441798941
2014-08-29,11.16,12.38,11.16,12.38,5079632.0,60819900.0,151200000.0,0.0335954497354497
2014-09-01,12.28,12.99,12.16,12.98,6483413.0,82134704.0,151200000.0,0.0428797156084656
2014-09-02,12.88,12.97,12.6,12.85,4378426.0,55819460.0,151200000.0,0.0289578439153439
2014-09-03,12.83,13.48,12.6,13.16,4459300.0,57684704.0,151200000.0,0.0294927248677248
2014-09-04,13.2,13.28,12.83,12.9,3356523.0,43614336.0,151200000.0,0.0221992261904761
2014-09-05,12.85,12.85,12.5,12.7,3354598.0,42457660.0,151200000.0,0.0221864947089947
2014-09-09,12.65,13.26,12.52,13.2,3672874.0,47645724.0,151200000.0,0.0242914947089947
2014-09-10,13.1,13.18,12.83,13.07,1994562.0,25954464.0,151200000.0,0.0131915476190476
2014-09-11,13.0,13.9,12.85,13.71,4071273.0,54319092.0,151200000.0,0.0269264087301587
2014-09-12,13.71,13.85,13.33,13.6,2503096.0,34009688.0,151200000.0,0.0165548677248677
2014-12-22,14.0,14.02,12.24,12.24,5522299.0,70157960.0,151200000.0,0.0365231415343915
2014-12-23,11.16,11.5,11.02,11.02,7860174.0,87042656.0,151200000.0,0.0519852777777777
2014-12-24,11.17,12.1,11.15,11.53,7315139.0,85111520.0,151200000.0,0.0483805489417989
2014-12-25,11.44,11.8,11.38,11.56,4760048.0,55067436.0,151200000.0,0.0314817989417989
2014-12-26,11.52,11.52,11.12,11.22,3886872.0,43736364.0,151200000.0,0.0257068253968253
2014-12-29,11.23,11.28,10.53,10.6,5550887.0,59876356.0,151200000.0,0.0367122156084656
2014-12-30,10.55,10.8,10.09,10.27,3272776.0,34075472.0,151200000.0,0.0216453439153439
2014-12-31,10.33,10.6,10.21,10.55,2141657.0,22226788.0,151200000.0,0.0141643981481481
2015-01-05,10.66,10.9,10.55,10.71,2830870.0,30452702.0,151200000.0,0.0187226851851851
2015-01-06,10.7,11.09,10.58,11.02,3040754.0,33214274.0,151200000.0,0.0201108068783068
2015-01-07,11.15,11.23,10.83,10.93,2275895.0,24944690.0,151200000.0,0.0150522156084656
2015-01-08,10.88,10.97,10.67,10.86,2916190.0,31553312.0,151200000.0,0.0192869708994709
2015-01-09,10.8,11.05,10.72,10.74,2245154.0,24500984.0,151200000.0,0.0148489021164021
2015-01-12,10.58,10.72,10.38,10.41,1681808.0,17698646.0,151200000.0,0.0111230687830687
2015-01-13,10.36,10.88,10.3,10.87,2537741.0,26867098.0,151200000.0,0.0167840013227513
2015-01-14,10.8,10.86,10.58,10.72,2093670.0,22352376.0,151200000.0,0.0138470238095238
2015-01-15,10.63,10.85,10.6,10.82,1347838.0,14486285.0,151200000.0,0.0089142724867724
2015-01-16,10.82,10.99,10.71,10.83,1600527.0,17335668.0,151200000.0,0.010585496031746
2015-01-19,10.7,11.15,10.46,10.89,3033146.0,33118494.0,151200000.0,0.0200604894179894
2015-01-20,10.89,11.63,10.89,11.43,4596660.0,52403332.0,151200000.0,0.0304011904761904
2015-01-21,11.45,11.85,11.37,11.61,3109962.0,36132820.0,151200000.0,0.0205685317460317
2015-01-22,11.61,11.77,11.51,11.69,2449217.0,28435572.0,151200000.0,0.0161985251322751
2015-01-23,11.65,11.68,11.36,11.53,2274407.0,26121964.0,151200000.0,0.0150423743386243
2015-01-26,11.51,11.75,11.44,11.73,2022037.0,23535538.0,151200000.0,0.0133732605820105
2015-01-27,11.79,12.09,11.7,11.98,3479919.0,41351456.0,151200000.0,0.0230153373015873
2015-01-28,11.98,12.47,11.98,12.14,3557757.0,43493420.0,151200000.0,0.0235301388888888
2015-01-29,12.02,12.46,12.02,12.41,3437112.0,42350776.0,151200000.0,0.0227322222222222
2015-01-30,12.41,12.58,12.15,12.15,2373629.0,29256876.0,151200000.0,0.0156986044973544
2015-02-02,12.0,12.14,11.8,11.88,1527614.0,18232700.0,151200000.0,0.0101032671957671
2015-02-03,11.94,12.13,11.86,12.03,1749359.0,21031640.0,151200000.0,0.0115698346560846
2015-02-04,11.99,12.28,11.94,12.0,1414102.0,17068488.0,151200000.0,0.0093525264550264
2015-02-05,12.04,12.19,11.78,11.79,1839724.0,21915100.0,151200000.0,0.0121674867724867
2015-02-06,11.74,11.89,11.53,11.57,1289101.0,15143992.0,151200000.0,0.0085258002645502
2015-02-09,11.57,11.62,11.3,11.58,1326843.0,15150999.0,151200000.0,0.0087754166666666
2015-02-10,11.5,11.8,11.5,11.65,1206813.0,14096035.0,151200000.0,0.0079815674603174
2015-02-11,11.65,12.08,11.6,12.0,1286436.0,15222043.0,151200000.0,0.0085081746031746
2015-02-12,12.0,12.2,11.82,12.18,1314798.0,15912078.0,151200000.0,0.0086957539682539
2015-02-13,12.27,12.6,12.15,12.26,2552846.0,31721230.0,151200000.0,0.0168839021164021
2015-02-16,12.23,12.35,12.1,12.3,1735993.0,21265420.0,151200000.0,0.0114814351851851
2015-02-17,12.3,12.58,12.23,12.54,1822122.0,22720670.0,151200000.0,0.0120510714285714
2015-02-25,12.54,12.57,12.21,12.33,1400159.0,17305188.0,151200000.0,0.0092603108465608
2015-02-26,12.3,12.49,12.26,12.38,1440181.0,17838444.0,151200000.0,0.0095250066137566
2015-02-27,12.38,12.38,12.22,12.33,3077617.0,37823396.0,151200000.0,0.0203546097883597
2015-03-02,12.37,13.32,12.32,12.92,4636972.0,59336392.0,151200000.0,0.0306678042328042
2015-03-03,12.73,13.37,12.73,12.97,3547725.0,46621468.0,151200000.0,0.0234637896825396
2015-03-04,12.91,13.6,12.88,13.58,3196638.0,42617952.0,151200000.0,0.0211417857142857
2015-03-05,13.58,14.41,13.5,13.8,4029963.0,56083516.0,151200000.0,0.0266531944444444
2015-03-06,13.8,14.1,13.3,13.79,3640928.0,49678652.0,151200000.0,0.0240802116402116
2015-03-09,13.75,14.18,13.68,14.03,2671335.0,37265468.0,151200000.0,0.0176675595238095
2015-03-10,14.1,14.44,13.81,14.06,3574891.0,50823200.0,151200000.0,0.0236434589947089
2015-03-11,14.17,14.38,13.97,14.3,3756836.0,53183912.0,151200000.0,0.0248467989417989
2015-03-12,14.31,15.73,14.31,15.73,10163143.0,158625328.0,151200000.0,0.0672165542328042
2015-03-13,15.72,16.99,15.62,16.49,8913770.0,145124944.0,151200000.0,0.0589535052910052
2015-03-16,16.41,17.28,16.19,17.05,6539030.0,109025080.0,151200000.0,0.0432475529100529
2015-03-17,17.0,17.5,16.0,16.74,6674633.0,113031960.0,151200000.0,0.0441443981481481
2015-03-18,16.6,17.85,16.6,17.2,6872215.0,119228464.0,151200000.0,0.0454511574074074
2015-03-19,17.19,17.19,16.5,16.7,4411171.0,73815360.0,151200000.0,0.0291744113756613
2015-03-20,16.49,17.17,16.42,16.7,4059642.0,68194976.0,151200000.0,0.0268494841269841
2015-03-23,16.68,17.55,16.23,17.35,4514645.0,75528632.0,151200000.0,0.0298587632275132
2015-03-24,17.33,17.5,16.41,17.0,4208412.0,71660792.0,151200000.0,0.0278334126984126
2015-03-25,16.94,18.59,16.71,18.15,6299220.0,111060656.0,151200000.0,0.0416615079365079
2015-03-26,17.98,18.13,17.3,17.48,3142077.0,55555200.0,151200000.0,0.0207809325396825
2015-03-27,17.38,18.5,17.33,17.69,2960125.0,52668868.0,151200000.0,0.0195775462962962
2015-03-30,17.77,18.66,17.67,18.29,5128672.0,93465608.0,151200000.0,0.0339197883597883
2015-03-31,18.15,20.12,18.12,19.49,5055375.0,98073568.0,151200000.0,0.0334350198412698
2015-04-01,19.52,21.35,19.52,21.0,5141351.0,106813928.0,151200000.0,0.0340036441798941
2015-04-02,21.01,22.6,20.5,22.0,5641527.0,123603928.0,151200000.0,0.0373116865079365
2015-04-03,21.6,24.2,21.41,24.2,5730179.0,134033656.0,151200000.0,0.0378980092592592
2015-04-07,24.2,25.84,24.1,24.14,6686711.0,166013056.0,151200000.0,0.0442242791005291
2015-04-08,24.15,24.15,21.87,22.77,9067095.0,207640064.0,151200000.0,0.0599675595238095
2015-04-09,22.65,22.66,20.5,21.5,6752007.0,145199600.0,151200000.0,0.0446561309523809
2015-04-10,21.57,22.8,21.5,22.0,4184191.0,91996608.0,151200000.0,0.0276732208994709
2015-04-13,22.0,23.5,21.72,23.31,5503634.0,125725776.0,151200000.0,0.0363996957671957
2015-04-14,22.9,23.65,22.5,23.0,4030341.0,92181912.0,151200000.0,0.0266556944444444
2015-04-15,22.84,22.99,21.3,21.5,3122585.0,68586584.0,151200000.0,0.0206520171957671
2015-04-16,21.3,21.93,20.5,20.9,3241515.0,68307224.0,151200000.0,0.0214385912698412
2015-04-17,20.5,21.74,20.5,21.2,4281610.0,89901656.0,151200000.0,0.0283175264550264
2015-04-20,20.93,21.2,20.41,20.46,3640435.0,75433944.0,151200000.0,0.024076951058201
2015-04-21,20.2,21.52,20.1,20.98,2530740.0,53028632.0,151200000.0,0.0167376984126984
2015-04-22,21.03,23.08,21.02,23.08,6724896.0,153079504.0,151200000.0,0.0444768253968254
2015-04-23,23.65,23.95,22.94,23.48,5041558.0,117512280.0,151200000.0,0.0333436375661375
2015-04-24,23.11,25.83,22.78,24.96,6299752.0,155145344.0,151200000.0,0.0416650264550264
2015-04-27,24.85,25.78,24.2,24.59,3421801.0,85107208.0,151200000.0,0.0226309589947089
2015-04-28,24.59,25.0,22.8,23.1,2806998.0,66495480.0,151200000.0,0.0185648015873015
2015-04-29,23.5,24.29,23.03,24.1,2599705.0,61711396.0,151200000.0,0.0171938161375661
2015-04-30,24.2,24.2,23.18,23.35,2508405.0,59269520.0,151200000.0,0.0165899801587301
2015-05-04,23.33,23.49,21.89,22.36,3135995.0,70635696.0,151200000.0,0.0207407076719576
2015-05-05,22.38,22.38,21.26,21.38,2910882.0,63208052.0,151200000.0,0.019251865079365
2015-05-11,20.1,22.4,19.7,21.9,14646884.0,301916128.0,151200000.0,0.0968709259259259
2015-05-12,21.2,22.53,20.71,21.48,14916982.0,317712128.0,151200000.0,0.0986572883597883
2015-05-13,21.3,22.13,20.81,21.88,10674130.0,230848096.0,151200000.0,0.0705960978835978
2015-05-14,21.88,22.45,21.78,21.84,7517520.0,165613392.0,151200000.0,0.0497190476190476
2015-05-15,21.56,21.57,20.6,21.0,6400951.0,134573408.0,151200000.0,0.042334332010582
2015-05-18,20.95,22.37,20.81,22.34,9077247.0,196864720.0,151200000.0,0.0600347023809523
2015-05-19,22.42,24.57,22.4,24.16,10043069.0,239920896.0,151200000.0,0.066422414021164
2015-05-20,24.19,24.81,23.51,23.67,7662744.0,184969424.0,151200000.0,0.0506795238095238
2015-05-21,23.68,25.05,23.41,24.81,7626981.0,185635056.0,151200000.0,0.050442996031746
2015-05-22,25.18,25.56,24.2,24.84,6509101.0,160467088.0,151200000.0,0.0430496097883597
2015-05-25,25.15,26.85,24.8,26.44,8520038.0,221154224.0,151200000.0,0.0563494576719576
2015-05-26,26.99,28.53,26.0,26.46,9618427.0,257388592.0,151200000.0,0.0636139351851851
2015-05-27,26.46,26.57,25.01,25.41,7757190.0,198064928.0,151200000.0,0.0513041666666666
2015-05-28,25.41,26.15,22.87,22.87,7130649.0,178288720.0,151200000.0,0.0471603769841269
2015-05-29,22.8,23.25,21.03,22.72,6575263.0,147762528.0,151200000.0,0.0434871891534391
2015-06-01,22.74,24.52,22.74,24.49,7504002.0,178402384.0,151200000.0,0.0496296428571428
2015-06-02,24.5,26.94,24.48,26.94,9349602.0,247790784.0,151200000.0,0.061835992063492
2015-06-03,27.4,29.63,27.4,29.63,10380598.0,302671520.0,151200000.0,0.0686547486772486
2015-06-04,30.5,32.0,27.7,31.8,10879633.0,330700992.0,151200000.0,0.0719552447089947
2015-06-05,33.5,34.98,33.4,34.98,9648536.0,334869600.0,151200000.0,0.0638130687830687
2015-06-08,34.9,34.9,31.48,31.48,8697984.0,283551744.0,151200000.0,0.0575263492063492
2015-06-09,30.55,30.58,28.34,29.87,9499327.0,278803392.0,151200000.0,0.0628262367724867
2015-06-10,29.47,32.86,28.51,32.86,10390978.0,327153472.0,151200000.0,0.0687233994708994
2015-06-11,32.86,33.8,32.08,32.88,8680600.0,286089728.0,151200000.0,0.0574113756613756
2015-06-12,32.95,33.0,31.4,32.08,5660897.0,181946496.0,151200000.0,0.0374397949735449
2015-06-15,32.5,33.5,31.78,31.95,6340142.0,207056272.0,151200000.0,0.041932156084656
2015-06-16,31.0,31.0,28.98,29.0,4509718.0,133832744.0,151200000.0,0.0298261772486772
2015-06-17,28.95,29.87,26.51,29.45,5348885.0,150675984.0,151200000.0,0.0353762235449735
2015-06-18,29.01,29.33,27.5,27.6,5966630.0,168547296.0,151200000.0,0.0394618386243386
2015-06-19,27.1,28.88,25.52,26.29,4829128.0,133956488.0,151200000.0,0.0319386772486772
2015-06-23,26.51,27.34,24.38,26.99,4666118.0,122232168.0,151200000.0,0.0308605687830687
2015-06-24,27.4,29.69,27.01,28.29,5868281.0,165793424.0,151200000.0,0.0388113822751322
2015-06-25,28.5,28.5,25.46,26.01,4298990.0,116288864.0,151200000.0,0.0284324735449735
2015-06-26,24.8,24.8,23.41,23.41,3623914.0,85745720.0,151200000.0,0.0239676851851851
2015-06-29,24.0,24.0,21.07,21.07,4444896.0,97008944.0,151200000.0,0.0293974603174603
2015-06-30,20.0,21.88,18.96,21.39,6449433.0,128556584.0,151200000.0,0.0426549801587301
2015-07-01,21.0,21.6,19.25,19.25,4806032.0,99913320.0,151200000.0,0.0317859259259259
2015-07-02,18.5,18.69,17.33,17.33,4083594.0,71632112.0,151200000.0,0.0270078968253968
2015-07-03,15.6,17.27,15.6,15.6,3689746.0,58431152.0,151200000.0,0.024403082010582
2015-07-06,16.78,16.78,14.04,14.04,4019197.0,60847324.0,151200000.0,0.0265819907407407
2015-07-14,15.44,15.44,15.44,15.44,1955001.0,30185216.0,151200000.0,0.0129299007936507
2015-07-15,16.98,16.98,14.31,14.75,19535046.0,320872160.0,151200000.0,0.1292000396825396
2015-07-16,13.28,15.5,13.28,15.03,13183243.0,187999168.0,151200000.0,0.0871907605820105
2015-07-17,15.0,16.53,14.4,16.53,13299735.0,208289232.0,151200000.0,0.0879612103174603
2015-07-20,16.66,17.85,16.38,17.73,14318694.0,244372832.0,151200000.0,0.0947003571428571
2015-07-21,17.24,18.75,16.81,18.6,11382690.0,204448128.0,151200000.0,0.0752823412698412
2015-07-22,18.31,19.4,18.01,18.81,9581093.0,179831840.0,151200000.0,0.0633670171957671
2015-07-23,18.82,19.5,18.43,19.31,6001451.0,113996152.0,151200000.0,0.0396921362433862
2015-07-24,19.55,20.53,18.28,18.76,9603388.0,187329024.0,151200000.0,0.0635144708994709
2015-07-27,18.0,19.45,16.88,16.88,9294441.0,171498592.0,151200000.0,0.0614711706349206
2015-07-28,15.6,17.8,15.6,17.16,9708626.0,163087328.0,151200000.0,0.0642104894179894
2015-07-29,17.2,18.88,17.2,18.88,7447689.0,132769272.0,151200000.0,0.0492572023809523
2015-07-30,19.18,19.89,18.17,18.41,7129791.0,137523680.0,151200000.0,0.0471547023809523
2015-07-31,17.77,19.26,17.77,19.0,4479240.0,83030432.0,151200000.0,0.0296246031746031
2015-08-03,19.3,19.55,17.1,17.8,4643286.0,85055968.0,151200000.0,0.0307095634920634
2015-08-04,17.5,19.2,17.5,18.91,4789857.0,88378784.0,151200000.0,0.0316789484126984
2015-08-05,18.65,19.89,18.65,19.16,5257429.0,101032472.0,151200000.0,0.0347713558201058
2015-08-06,18.6,19.94,18.6,19.51,4828054.0,93195336.0,151200000.0,0.031931574074074
2015-08-07,19.58,20.21,19.31,19.81,5124640.0,100994200.0,151200000.0,0.0338931216931216
2015-08-10,19.85,20.99,19.51,20.8,5656129.0,115654536.0,151200000.0,0.0374082605820105
2015-08-11,20.75,21.57,20.31,21.3,5919153.0,123790056.0,151200000.0,0.0391478373015873
2015-08-12,21.43,22.98,20.81,22.22,5899805.0,130000192.0,151200000.0,0.0390198743386243
2015-08-13,22.19,23.61,21.13,22.67,5680250.0,126734880.0,151200000.0,0.037567791005291
2015-08-14,22.67,24.94,22.54,24.94,10323584.0,248122416.0,151200000.0,0.0682776719576719
2015-08-17,24.94,26.4,23.99,25.65,9277730.0,230989376.0,151200000.0,0.0613606481481481
2015-08-18,25.0,25.49,23.09,23.09,7521696.0,180453616.0,151200000.0,0.0497466666666666
2015-08-19,21.49,23.53,20.78,23.14,7392055.0,160396608.0,151200000.0,0.0488892526455026
2015-08-20,22.31,22.65,20.83,20.83,4441910.0,96261320.0,151200000.0,0.0293777116402116
2015-08-21,20.83,21.99,18.75,20.0,5977940.0,118881840.0,151200000.0,0.0395366402116402
2015-08-24,19.07,19.55,18.0,18.0,5545430.0,102247528.0,151200000.0,0.0366761243386243
2015-08-25,16.3,17.8,16.2,16.2,3453307.0,57563532.0,151200000.0,0.022839332010582
2015-08-26,16.39,17.82,16.39,17.82,5457282.0,94573072.0,151200000.0,0.0360931349206349
2015-08-27,19.0,19.6,18.1,19.6,6581104.0,126367256.0,151200000.0,0.0435258201058201
2015-08-28,20.2,21.56,19.92,21.56,6344009.0,132223632.0,151200000.0,0.0419577314814814
2015-08-31,20.8,23.4,20.4,21.86,6621499.0,144412640.0,151200000.0,0.0437929828042328
2015-09-01,21.0,21.5,19.67,21.37,5557278.0,112908224.0,151200000.0,0.0367544841269841
2015-09-02,20.0,21.3,19.23,19.23,3865660.0,76504392.0,151200000.0,0.0255665343915343
2015-09-07,18.2,20.26,18.0,19.09,3156808.0,60481488.0,151200000.0,0.0208783597883597
2015-09-08,18.59,20.23,18.3,20.08,2513529.0,48798864.0,151200000.0,0.016623869047619
2015-09-09,20.41,22.09,20.2,22.09,5532712.0,118636416.0,151200000.0,0.0365920105820105
2015-09-10,22.09,24.1,21.82,23.5,6456070.0,149841056.0,151200000.0,0.0426988756613756
2015-09-11,23.39,24.58,22.8,23.66,5021133.0,118584688.0,151200000.0,0.0332085515873015
2015-09-14,23.2,23.99,21.29,21.29,4691794.0,104311816.0,151200000.0,0.0310303835978836
2015-09-15,20.58,21.25,19.16,19.16,3275519.0,65274468.0,151200000.0,0.0216634854497354
2015-09-16,18.59,21.08,18.59,21.08,3835856.0,77673480.0,151200000.0,0.0253694179894179
2015-09-17,21.25,23.19,21.25,21.49,5961214.0,133326104.0,151200000.0,0.0394260185185185
2015-09-18,21.9,22.49,20.12,22.26,4462330.0,95014904.0,151200000.0,0.0295127645502645
2015-09-21,21.58,23.3,21.54,22.93,4018239.0,90873920.0,151200000.0,0.0265756547619047
2015-09-22,22.92,23.49,22.15,22.73,3760857.0,85994728.0,151200000.0,0.0248733928571428
2015-09-23,22.33,23.77,22.0,22.93,4060378.0,93153072.0,151200000.0,0.0268543518518518
2015-09-24,22.83,23.99,22.82,23.22,4621463.0,108253192.0,151200000.0,0.0305652314814814
2015-09-25,23.2,23.2,21.0,22.7,3543942.0,77539064.0,151200000.0,0.0234387698412698
2015-09-28,22.1,22.98,21.6,22.69,2281100.0,51127200.0,151200000.0,0.0150866402116402
2015-09-29,22.41,22.5,21.7,22.5,1796348.0,39750468.0,151200000.0,0.0118806084656084
2015-09-30,22.42,23.49,22.0,23.3,2580849.0,58864688.0,151200000.0,0.0170691071428571
2015-10-08,24.0,25.2,23.49,24.88,4514520.0,110000176.0,151200000.0,0.0298579365079365
2015-10-09,24.67,25.8,24.2,25.38,3804368.0,95340912.0,151200000.0,0.025161164021164
2015-10-12,25.2,27.0,25.13,26.8,6942257.0,179483296.0,151200000.0,0.0459143981481481
2015-10-13,25.92,27.2,25.92,26.7,4423460.0,116952584.0,151200000.0,0.0292556878306878
2015-10-14,26.28,27.88,26.01,26.5,4083071.0,108158944.0,151200000.0,0.0270044378306878
2015-10-15,26.08,26.98,25.96,26.68,2709816.0,71921856.0,151200000.0,0.0179220634920634
2015-10-16,26.85,26.9,26.01,26.4,3189857.0,83963960.0,151200000.0,0.0210969378306878
2015-10-19,26.2,27.8,25.2,27.67,4830958.0,128281696.0,151200000.0,0.0319507804232804
2015-10-20,27.06,27.67,26.99,27.12,3023782.0,82653640.0,151200000.0,0.0199985582010582
2015-10-21,27.0,27.55,25.0,25.22,3364795.0,88914904.0,151200000.0,0.0222539351851851
2015-10-22,25.23,26.95,25.23,26.95,4008709.0,105428608.0,151200000.0,0.0265126256613756
2015-10-23,26.76,29.05,26.5,28.8,5834133.0,162681872.0,151200000.0,0.0385855357142857
2015-10-26,28.6,28.7,27.27,27.86,3985293.0,111491568.0,151200000.0,0.0263577579365079
2015-10-27,27.8,28.78,27.02,28.03,3183697.0,88911744.0,151200000.0,0.021056197089947
2015-10-28,27.9,28.6,26.51,26.9,2094449.0,57537348.0,151200000.0,0.0138521759259259
2015-10-29,26.9,27.85,26.2,27.14,2595871.0,70114024.0,151200000.0,0.0171684589947089
2015-10-30,27.14,27.14,25.0,27.0,2387353.0,63098804.0,151200000.0,0.0157893716931216
2015-11-02,26.27,26.5,25.1,25.32,2828516.0,72830192.0,151200000.0,0.0187071164021164
2015-11-03,25.32,25.49,22.79,22.79,4182296.0,97612808.0,151200000.0,0.0276606878306878
2015-11-04,22.0,24.85,21.51,24.77,8336554.0,194269088.0,151200000.0,0.0551359391534391
2015-11-05,24.0,25.18,23.68,24.63,6282461.0,153440928.0,151200000.0,0.0415506679894179
2015-11-06,24.9,25.8,24.25,25.79,7871927.0,196770256.0,151200000.0,0.0520630092592592
2015-11-09,26.09,26.9,24.81,25.59,5636334.0,143794448.0,151200000.0,0.0372773412698412
2015-11-10,25.7,25.77,24.9,25.5,3937524.0,99938296.0,151200000.0,0.0260418253968253
2015-11-11,25.48,26.49,25.0,25.93,4736071.0,122059968.0,151200000.0,0.0313232208994709
2015-11-12,25.88,26.78,25.4,26.16,5974742.0,155703792.0,151200000.0,0.0395154894179894
2015-11-13,26.09,26.28,25.3,25.9,3495101.0,90461960.0,151200000.0,0.0231157473544973
2015-11-16,26.03,27.84,25.9,27.7,8610147.0,229926304.0,151200000.0,0.0569454166666666
2015-11-17,27.19,29.0,27.19,28.27,8039198.0,226202544.0,151200000.0,0.0531692989417989
2015-11-18,28.27,29.0,27.8,27.81,4773462.0,135841296.0,151200000.0,0.0315705158730158
2015-11-19,27.95,28.07,26.6,27.19,5216089.0,141525392.0,151200000.0,0.0344979431216931
2015-11-20,27.48,27.99,27.21,27.9,6726208.0,185988544.0,151200000.0,0.0444855026455026
2015-11-23,27.8,30.2,27.49,30.2,7973649.0,231189440.0,151200000.0,0.0527357738095238
2015-11-24,29.5,30.61,29.3,30.46,5229739.0,157674800.0,151200000.0,0.0345882208994708
2015-11-25,30.12,31.36,29.62,30.5,5245248.0,160075632.0,151200000.0,0.0346907936507936
2015-11-26,29.8,30.73,29.29,29.79,3307908.0,99098992.0,151200000.0,0.0218776984126984
2015-11-27,29.31,29.75,27.25,27.85,6383113.0,180078800.0,151200000.0,0.0422163558201058
2015-11-30,27.4,27.89,25.7,27.69,2385618.0,64428548.0,151200000.0,0.0157778968253968
2015-12-01,27.5,28.18,27.0,27.1,1766797.0,48493600.0,151200000.0,0.0116851653439153
2015-12-02,27.11,27.4,25.8,27.13,1589300.0,42574140.0,151200000.0,0.0105112433862433
2015-12-03,27.55,27.94,26.8,27.68,2157074.0,58932780.0,151200000.0,0.0142663624338624
2015-12-04,27.53,28.98,27.32,28.2,3538891.0,100014688.0,151200000.0,0.0234053637566137
2015-12-07,28.22,29.65,28.22,28.83,3750958.0,109047432.0,151200000.0,0.0248079232804232
2015-12-08,28.6,31.71,28.55,31.71,7259880.0,223908704.0,151200000.0,0.0480150793650793
2015-12-09,31.86,33.1,30.6,31.22,8755263.0,281186016.0,151200000.0,0.0579051785714285
2015-12-10,31.4,32.86,30.4,32.65,6246153.0,198133952.0,151200000.0,0.0413105357142857
2015-12-11,31.8,32.15,31.2,31.35,4164752.0,131848960.0,151200000.0,0.027544656084656
2015-12-14,31.3,32.36,30.15,31.97,2566972.0,80572872.0,151200000.0,0.016977328042328
2015-12-15,31.99,32.63,31.4,32.0,2349287.0,75114016.0,151200000.0,0.0155376124338624
2015-12-16,32.5,34.34,32.05,33.68,4552361.0,152174704.0,151200000.0,0.0301082076719576
2015-12-17,33.53,37.05,33.0,37.05,5648258.0,202175872.0,151200000.0,0.0373562037037037
2015-12-18,37.8,40.5,37.5,38.17,8798730.0,341278912.0,151200000.0,0.0581926587301587
2015-12-21,38.68,38.68,36.39,36.88,6392218.0,238765280.0,151200000.0,0.042276574074074
2015-12-22,37.4,37.4,35.6,36.7,4509321.0,163198896.0,151200000.0,0.0298235515873015
2015-12-23,36.45,39.82,36.01,37.82,6496139.0,246292224.0,151200000.0,0.0429638822751322
2015-12-24,36.89,37.4,35.0,36.23,3465222.0,125311008.0,151200000.0,0.0229181349206349
2015-12-25,36.73,37.6,36.0,36.9,3470188.0,128626120.0,151200000.0,0.0229509788359788
2015-12-28,37.21,38.3,36.4,37.18,4090411.0,152582864.0,151200000.0,0.0270529828042328
2015-12-29,37.18,38.38,35.55,38.23,3857930.0,142888368.0,151200000.0,0.02551541005291
2015-12-30,38.31,39.8,37.84,39.7,8877028.0,345411200.0,151200000.0,0.0587105026455026
2015-12-31,39.03,42.86,39.03,40.88,6945585.0,285914304.0,151200000.0,0.0459364087301587
2016-01-04,40.77,40.77,36.79,36.79,4111462.0,154985584.0,151200000.0,0.0271922089947089
2016-01-05,33.15,36.7,33.11,33.16,6525359.0,221673840.0,151200000.0,0.0431571362433862
2016-01-06,33.0,36.48,33.0,36.48,4678796.0,163180128.0,151200000.0,0.0309444179894179
2016-01-07,36.49,36.88,32.83,32.84,1919240.0,68009952.0,151200000.0,0.0126933862433862
2016-01-08,34.16,34.48,31.02,33.7,4753688.0,157479408.0,151200000.0,0.0314397354497354
2016-01-11,33.0,33.0,30.33,30.33,3187040.0,99337432.0,151200000.0,0.0210783068783068
2016-01-12,29.78,30.3,27.3,27.3,5049093.0,140424880.0,151200000.0,0.0333934722222222
2016-01-13,27.35,28.28,24.57,24.57,3196981.0,83219328.0,151200000.0,0.0211440542328042
2016-01-14,23.3,26.0,22.5,25.4,4157133.0,100161248.0,151200000.0,0.0274942658730158
2016-01-15,24.59,25.4,22.9,23.02,2658035.0,64119040.0,151200000.0,0.0175795965608465
2016-01-18,22.2,24.1,21.77,23.03,2868418.0,66321860.0,151200000.0,0.0189710185185185
2016-01-19,23.06,25.33,22.88,25.33,4559047.0,110919808.0,151200000.0,0.0301524272486772
2016-01-20,24.46,27.17,24.33,26.3,4848415.0,125916496.0,151200000.0,0.0320662367724867
2016-01-21,25.58,26.5,23.67,24.03,3467469.0,88007784.0,151200000.0,0.022932996031746
2016-01-22,24.21,26.0,23.71,25.59,3288576.0,82351760.0,151200000.0,0.0217498412698412
2016-01-25,25.63,27.3,25.63,26.18,2957985.0,78257136.0,151200000.0,0.0195633928571428
2016-01-26,25.54,26.2,23.56,23.56,2706009.0,66568948.0,151200000.0,0.0178968849206349
2016-01-27,23.75,24.24,21.2,22.59,3000513.0,66667920.0,151200000.0,0.0198446626984126
2016-01-28,22.09,22.58,20.33,20.38,2556823.0,54045548.0,151200000.0,0.016910205026455
2016-01-29,20.37,21.35,19.16,20.82,4044267.0,83132976.0,151200000.0,0.0267477976190476
2016-02-01,20.7,21.17,18.74,18.88,3018155.0,60229448.0,151200000.0,0.0199613425925925
2016-02-02,19.06,20.77,18.89,20.77,4097844.0,81967728.0,151200000.0,0.0271021428571428
2016-02-03,20.7,21.5,20.3,21.04,3695032.0,77644592.0,151200000.0,0.0244380423280423
2016-02-04,21.43,22.1,21.0,21.66,3122322.0,67567192.0,151200000.0,0.0206502777777777
2016-02-05,22.39,23.17,21.75,22.23,3356851.0,75133736.0,151200000.0,0.0222013955026455
2016-02-15,20.97,24.18,20.61,23.2,1854892.0,40859652.0,151200000.0,0.0122678042328042
2016-02-16,23.7,24.48,23.11,24.16,3230322.0,76743920.0,151200000.0,0.0213645634920634
2016-02-17,23.76,25.5,23.35,24.7,4032447.0,97098952.0,151200000.0,0.026669623015873
2016-02-18,25.1,26.06,23.8,24.01,4274143.0,107105600.0,151200000.0,0.0282681415343915
2016-02-19,23.61,24.99,23.4,24.0,2448483.0,59069320.0,151200000.0,0.0161936706349206
2016-02-22,24.03,24.8,24.03,24.57,2489777.0,60923600.0,151200000.0,0.0164667791005291
2016-02-23,24.48,24.7,23.65,24.0,2231950.0,53556308.0,151200000.0,0.014761574074074
2016-02-24,23.7,25.0,23.5,24.8,3570875.0,86939240.0,151200000.0,0.0236168981481481
2016-02-25,24.58,24.78,22.32,22.32,3160245.0,73428256.0,151200000.0,0.0209010912698412
2016-02-26,22.81,24.55,22.32,24.55,6918933.0,162854192.0,151200000.0,0.0457601388888888
2016-02-29,24.04,25.66,22.2,23.2,8007445.0,194112512.0,151200000.0,0.0529592923280423
2016-03-01,22.2,22.42,20.88,21.78,6806609.0,146070096.0,151200000.0,0.0450172552910052
2016-03-02,21.6,23.05,21.0,22.42,4766582.0,105236256.0,151200000.0,0.0315250132275132
2016-03-03,22.65,23.3,22.16,22.57,4006368.0,91519320.0,151200000.0,0.0264971428571428
2016-03-04,22.4,22.89,20.33,21.05,3672620.0,79445712.0,151200000.0,0.0242898148148148
2016-03-07,21.19,22.49,21.19,22.0,2990280.0,65334176.0,151200000.0,0.0197769841269841
2016-03-08,22.0,23.5,21.45,23.5,4741682.0,107120384.0,151200000.0,0.0313603306878306
2016-03-09,23.1,24.0,22.0,22.51,3094276.0,71777168.0,151200000.0,0.0204647883597883
2016-03-10,22.42,23.0,22.0,22.2,2431867.0,54531724.0,151200000.0,0.0160837764550264
2016-03-11,22.0,23.98,21.8,23.8,4834744.0,111481864.0,151200000.0,0.0319758201058201
2016-03-14,24.0,25.48,23.51,24.85,4418325.0,109031552.0,151200000.0,0.0292217261904761
2016-03-15,24.51,25.17,24.14,24.55,3979342.0,98178048.0,151200000.0,0.0263183994708994
2016-03-16,25.05,26.46,24.62,24.71,4949364.0,125743416.0,151200000.0,0.0327338888888888
2016-03-17,24.38,25.49,24.38,25.25,4244820.0,106492888.0,151200000.0,0.0280742063492063
2016-03-18,25.27,26.3,25.2,25.92,4259645.0,110059344.0,151200000.0,0.0281722552910052
2016-03-21,26.2,26.59,25.5,26.06,4700002.0,122210480.0,151200000.0,0.0310846693121693
2016-03-22,26.0,26.46,25.5,26.25,3917153.0,102566792.0,151200000.0,0.0259070965608465
2016-03-23,26.25,26.93,25.6,26.69,4643001.0,122567408.0,151200000.0,0.0307076785714285
2016-03-24,26.3,27.98,25.94,27.4,4595131.0,124733584.0,151200000.0,0.030391078042328
2016-03-25,27.42,29.65,27.2,29.45,4670900.0,132891976.0,151200000.0,0.0308921957671957
2016-03-28,29.45,29.95,27.81,28.57,4678304.0,135518832.0,151200000.0,0.030941164021164
2016-03-29,28.23,28.49,26.8,27.04,3028761.0,83035272.0,151200000.0,0.020031488095238
2016-03-30,27.3,28.49,27.3,28.3,2575880.0,72301288.0,151200000.0,0.0170362433862433
2016-03-31,28.58,28.62,28.0,28.08,2426870.0,68585376.0,151200000.0,0.0160507275132275
2016-04-01,27.67,27.93,25.27,26.98,3596276.0,96441352.0,151200000.0,0.0237848941798941
2016-04-05,27.0,28.3,26.13,28.01,2859532.0,78646856.0,151200000.0,0.0189122486772486
2016-04-06,27.7,28.55,27.6,27.7,2519919.0,70597264.0,151200000.0,0.0166661309523809
2016-04-07,27.7,29.9,27.48,29.3,5134119.0,146595680.0,151200000.0,0.0339558134920634
2016-04-08,28.83,29.29,28.0,28.1,4195780.0,119715288.0,151200000.0,0.0277498677248677
2016-04-11,26.1,28.29,26.1,27.19,7183832.0,194828576.0,151200000.0,0.0475121164021164
2016-04-12,26.91,27.01,25.6,26.05,5872785.0,152956224.0,151200000.0,0.0388411706349206
2016-04-13,26.03,27.15,26.03,26.62,4846119.0,128197560.0,151200000.0,0.0320510515873015
2016-04-14,26.7,27.86,26.7,27.52,4239360.0,116173792.0,151200000.0,0.0280380952380952
2016-04-15,27.58,28.6,27.0,28.15,5522709.0,154912608.0,151200000.0,0.0365258531746031
2016-04-18,28.05,29.0,27.84,28.31,5211676.0,147657216.0,151200000.0,0.0344687566137566
2016-04-19,28.3,29.44,28.05,29.1,5577320.0,161398688.0,151200000.0,0.036887037037037
2016-04-20,29.0,29.1,26.42,27.4,6061844.0,167877104.0,151200000.0,0.0400915608465608
2016-04-21,27.09,27.9,26.2,26.65,3035096.0,82616952.0,151200000.0,0.0200733862433862
2016-04-22,25.98,27.4,25.8,27.2,2222372.0,59745536.0,151200000.0,0.0146982275132275
2016-04-25,27.0,27.55,26.1,27.5,2608647.0,69905424.0,151200000.0,0.0172529563492063
2016-04-26,26.95,28.8,26.95,28.43,3388399.0,94868072.0,151200000.0,0.0224100462962962
2016-04-27,28.15,29.11,28.15,28.38,3062909.0,87842664.0,151200000.0,0.0202573346560846
2016-04-28,28.08,29.0,27.6,28.0,2547903.0,72199736.0,151200000.0,0.0168512103174603
2016-04-29,27.81,30.8,27.8,30.45,6368918.0,188608480.0,151200000.0,0.0421224735449735
2016-05-03,30.0,31.39,29.63,31.19,5303791.0,162001936.0,151200000.0,0.0350779828042328
2016-05-04,30.5,30.95,30.02,30.25,3849533.0,117755808.0,151200000.0,0.0254598743386243
2016-05-05,30.25,32.34,30.06,32.0,5416810.0,169911232.0,151200000.0,0.0358254629629629
2016-05-06,31.6,31.99,29.0,29.02,7603945.0,229481504.0,151200000.0,0.0502906415343915
2016-05-09,28.38,28.38,26.12,26.12,4234901.0,113460408.0,151200000.0,0.0280086044973544
2016-05-10,25.97,26.2,24.5,24.99,4158646.0,106019664.0,151200000.0,0.0275042724867724
2016-05-11,25.2,25.97,24.98,25.39,2587578.0,65771964.0,151200000.0,0.0171136111111111
2016-05-12,25.0,25.2,23.5,24.27,2427327.0,58533141.0,151200000.0,0.01605375
2016-05-13,24.38,24.88,24.0,24.29,1641851.0,40117216.0,151200000.0,0.0108588029100529
2016-05-16,24.45,25.24,24.3,25.2,2076875.0,51826092.0,151200000.0,0.0137359457671957
2016-05-17,25.01,25.3,24.38,24.74,2129036.0,52841560.0,151200000.0,0.0140809259259259
2016-05-18,23.8,23.84,22.27,22.3,3725677.0,84765033.0,151200000.0,0.0246407208994709
2016-05-19,22.3,23.29,22.28,22.33,2139224.0,48500837.0,151200000.0,0.0141483068783068
2016-05-20,22.29,23.1,21.9,22.79,2919515.0,65812243.0,151200000.0,0.0193089616402116
2016-05-23,22.75,23.3,22.7,22.9,2685935.0,61641110.0,151200000.0,0.0177641203703703
2016-05-24,22.97,23.45,22.77,22.91,1933945.0,44557851.0,151200000.0,0.0127906415343915
2016-05-25,23.16,23.35,22.51,22.8,1393251.0,32020981.0,151200000.0,0.009214623015873
2016-05-26,22.8,22.92,21.9,22.77,1736473.0,38791011.0,151200000.0,0.0114846097883597
2016-05-27,22.55,23.1,22.5,22.9,1828810.0,41692867.0,151200000.0,0.0120953042328042
2016-05-30,22.81,22.83,22.04,22.38,1416221.0,31815429.0,151200000.0,0.009366541005291
2016-05-31,22.42,23.52,22.42,23.5,2569942.0,59514502.0,151200000.0,0.0169969708994709
2016-06-01,23.5,24.4,23.5,24.14,3035106.0,72982921.0,151200000.0,0.0200734523809523
2016-06-02,23.83,24.27,23.83,24.13,1583030.0,38044795.0,151200000.0,0.0104697751322751
2016-06-03,24.08,25.38,23.83,24.62,3900487.0,97099891.0,151200000.0,0.0257968716931216
2016-06-06,24.3,24.95,23.84,24.95,3465864.0,84008709.0,151200000.0,0.0229223809523809
2016-06-07,24.95,24.95,24.24,24.34,2475340.0,60449123.0,151200000.0,0.0163712962962962
2016-06-08,24.34,24.34,23.5,24.09,2010418.0,48176188.0,151200000.0,0.0132964153439153
2016-06-13,23.86,23.86,22.41,22.48,3198883.0,73760437.0,151200000.0,0.0211566335978835
2016-06-14,22.1,22.5,21.79,22.12,2174336.0,48059341.0,151200000.0,0.0143805291005291
2016-12-19,24.33,24.33,24.33,24.33,491411.0,11956030.0,151200000.0,0.0032500727513227
2016-12-20,26.76,26.76,26.76,26.76,52312.0,1399869.0,151200000.0,0.0003459788359788
2016-12-21,29.44,29.44,29.44,29.44,75900.0,2234496.0,151200000.0,0.0005019841269841
2016-12-22,32.38,32.38,32.38,32.38,48025.0,1555050.0,151200000.0,0.0003176256613756
2016-12-23,35.62,35.62,35.62,35.62,190700.0,6792734.0,151200000.0,0.0012612433862433
2016-12-26,39.18,39.18,39.18,39.18,108800.0,4262784.0,151200000.0,0.0007195767195767
2016-12-27,43.1,43.1,43.1,43.1,105500.0,4547050.0,151200000.0,0.0006977513227513
2016-12-28,47.41,47.41,47.41,47.41,124901.0,5921556.0,151200000.0,0.0008260648148148
2017-01-04,52.15,52.15,52.15,52.15,1150808.0,60014637.0,151200000.0,0.007611164021164
2017-01-05,57.37,57.37,57.37,57.37,1615329.0,92671425.0,151200000.0,0.0106833928571428
2017-01-06,59.85,59.97,53.66,54.61,37004960.0,2129021252.0,151200000.0,0.2447417989417989
2017-01-09,56.0,56.8,52.75,54.05,17934268.0,980131544.0,151200000.0,0.1186128835978835
2017-01-10,54.0,55.3,53.03,54.9,12724858.0,690668600.0,151200000.0,0.0841591137566137
2017-01-11,53.99,54.17,49.41,49.41,15456754.0,789096798.0,151200000.0,0.102227208994709
2017-01-12,49.01,49.75,46.0,46.0,10644065.0,513611489.0,151200000.0,0.0703972552910053
2017-01-13,46.5,47.29,45.01,45.53,7440785.0,343242543.0,151200000.0,0.049211541005291
2017-01-16,45.18,46.15,43.0,43.45,7847230.0,350802926.0,151200000.0,0.0518996693121693
2017-01-17,44.0,45.69,43.16,44.65,7234865.0,320603251.0,151200000.0,0.0478496362433862
2017-01-18,44.12,44.6,41.72,41.8,8681623.0,373102369.0,151200000.0,0.0574181415343915
2017-01-19,41.91,42.64,40.6,42.17,5766346.0,241041732.0,151200000.0,0.0381372089947089
2017-01-20,41.92,43.4,41.64,42.83,5685013.0,241792092.0,151200000.0,0.0375992923280423
2017-01-23,42.7,44.37,42.38,43.08,6370106.0,275384625.0,151200000.0,0.0421303306878306
2017-01-24,42.16,43.1,40.68,40.71,6497701.0,271466379.0,151200000.0,0.0429742129629629
2017-01-25,40.43,44.78,40.22,44.78,9377940.0,407708413.0,151200000.0,0.0620234126984126
2017-01-26,45.1,45.3,42.11,42.67,8457562.0,366761462.0,151200000.0,0.0559362566137566
2017-02-03,42.85,43.33,41.91,42.9,3337761.0,142671582.0,151200000.0,0.0220751388888888
2017-02-06,42.7,43.39,42.16,43.1,3821282.0,164053490.0,151200000.0,0.0252730291005291
2017-02-07,43.0,45.0,42.77,44.6,6169804.0,272217473.0,151200000.0,0.040805582010582
2017-02-08,44.11,44.57,43.28,44.2,4489732.0,196675148.0,151200000.0,0.0296939947089947
2017-02-09,44.01,44.75,42.76,42.85,5795120.0,252824943.0,151200000.0,0.0383275132275132
2017-02-10,42.51,42.84,39.77,40.08,8614405.0,351870315.0,151200000.0,0.056973578042328
2017-02-13,40.0,41.3,39.82,40.99,3683948.0,149883580.0,151200000.0,0.0243647354497354
2017-02-14,41.0,41.4,40.09,40.93,4102755.0,167483956.0,151200000.0,0.027134623015873
2017-02-15,40.98,42.95,40.78,42.37,7030192.0,295341101.0,151200000.0,0.0464959788359788
2017-02-16,42.14,42.85,41.6,42.19,4357717.0,183611429.0,151200000.0,0.0288208796296296
2017-02-17,42.59,43.18,40.37,40.74,5163716.0,214629811.0,151200000.0,0.0341515608465608
2017-02-20,40.05,42.41,40.0,41.96,3858705.0,159356872.0,151200000.0,0.0255205357142857
2017-02-21,41.96,42.25,41.53,41.96,2601912.0,108823835.0,151200000.0,0.0172084126984127
2017-02-22,42.15,44.43,41.81,42.8,5930843.0,256406446.0,151200000.0,0.0392251521164021
2017-02-23,42.45,42.79,41.41,42.05,3869966.0,162364385.0,151200000.0,0.0255950132275132
2017-02-24,41.96,43.28,41.71,43.1,4381345.0,186789969.0,151200000.0,0.0289771494708994
2017-02-27,42.7,46.86,42.52,45.27,9624808.0,431949823.0,151200000.0,0.0636561375661375
2017-03-01,43.71,46.28,43.29,43.96,8296469.0,369119913.0,151200000.0,0.0548708267195767
2017-03-02,44.28,45.0,42.88,43.11,4557798.0,199579136.0,151200000.0,0.0301441666666666
2017-03-03,42.8,44.2,42.71,44.08,3348123.0,146424571.0,151200000.0,0.0221436706349206
2017-03-06,44.27,45.2,43.64,44.65,3302637.0,146905513.0,151200000.0,0.0218428373015873
2017-03-07,44.64,46.88,44.46,46.87,4663668.0,213447206.0,151200000.0,0.030844365079365
2017-03-08,47.01,49.12,46.3,48.71,5018049.0,239666968.0,151200000.0,0.0331881547619047
2017-03-09,49.0,51.15,48.77,50.59,8865828.0,447320596.0,151200000.0,0.0586364285714285
2017-03-10,50.15,50.89,49.62,50.46,4194501.0,210450512.0,151200000.0,0.0277414087301587
2017-03-13,50.99,52.98,50.7,52.98,3167182.0,165738921.0,151200000.0,0.0209469708994709
2017-03-14,55.63,55.63,53.13,53.5,9106340.0,498585068.0,151200000.0,0.0602271164021164
2017-03-15,55.0,56.18,54.58,56.18,2765174.0,154236153.0,151200000.0,0.0182881878306878
2017-03-16,58.99,58.99,58.99,58.99,239188.0,14109700.0,151200000.0,0.0015819312169312
2017-03-17,60.89,61.94,56.5,61.94,8643349.0,532009195.0,151200000.0,0.0571650066137566
2017-03-20,62.02,65.04,62.02,65.04,7047676.0,452824352.0,151200000.0,0.0466116137566137
2017-03-21,66.0,67.49,63.3,66.66,5186131.0,340319665.0,151200000.0,0.0342998082010582
2017-03-22,66.66,67.94,63.88,64.4,5482903.0,358101438.0,151200000.0,0.0362625859788359
2017-03-23,63.51,64.5,61.21,61.6,7177775.0,450103217.0,151200000.0,0.0474720568783068
2017-03-24,61.18,64.68,60.7,64.68,3238653.0,204313437.0,151200000.0,0.0214196626984126
2017-03-27,65.95,67.5,63.78,63.78,4828834.0,316117811.0,151200000.0,0.0319367328042328
2017-03-28,63.4,66.88,62.51,66.2,4072057.0,262430591.0,151200000.0,0.0269315939153439
2017-03-29,66.88,67.58,63.5,63.7,3448491.0,225094390.0,151200000.0,0.0228074801587301
2017-03-30,62.87,63.9,60.52,60.52,3871600.0,240967878.0,151200000.0,0.0256058201058201
2017-03-31,60.98,61.99,58.56,60.65,4054584.0,243473665.0,151200000.0,0.0268160317460317
2017-04-05,60.1,61.49,59.52,60.38,2219928.0,133855487.0,151200000.0,0.0146820634920634
2017-04-06,60.29,63.4,59.5,63.4,3703540.0,229557925.0,151200000.0,0.0244943121693121
2017-04-07,64.59,64.59,61.7,61.86,2849849.0,179356852.0,151200000.0,0.0188482076719576
2017-04-10,60.99,60.99,58.77,58.77,3128730.0,184854037.0,151200000.0,0.0206926587301587
2017-04-11,56.2,58.49,55.83,55.83,4192742.0,236224994.0,151200000.0,0.0277297751322751
2017-04-17,58.62,58.62,57.88,58.62,1073793.0,62915741.0,151200000.0,0.0071018055555555
2017-04-18,60.93,61.55,59.0,59.58,4712794.0,286202742.0,151200000.0,0.0311692724867724
2017-04-19,58.5,59.01,56.9,57.93,2267218.0,131176161.0,151200000.0,0.014994828042328
2017-04-27,60.83,60.83,60.83,60.83,67500.0,4106025.0,151200000.0,0.0004464285714285
2017-04-28,63.87,63.87,63.87,63.87,297901.0,19026937.0,151200000.0,0.0019702447089947
2017-05-02,66.0,67.0,62.89,65.5,7814623.0,509489105.0,151200000.0,0.0516840145502645
2017-05-03,66.29,68.78,64.2,68.5,4768580.0,319445034.0,151200000.0,0.0315382275132275
2017-05-04,68.79,71.93,68.0,71.93,4926261.0,346805549.0,151200000.0,0.0325810912698412
2017-05-05,72.37,74.66,69.13,69.7,5613771.0,404075708.0,151200000.0,0.037128115079365
2017-05-08,68.8,69.54,66.22,66.22,4542810.0,305187351.0,151200000.0,0.0300450396825396
2017-05-09,65.0,68.22,64.67,67.23,2735227.0,182288455.0,151200000.0,0.0180901256613756
2017-05-10,66.54,67.88,65.48,65.48,2291300.0,152413982.0,151200000.0,0.0151541005291005
2017-05-11,65.0,65.6,63.0,63.0,3008102.0,192982845.0,151200000.0,0.0198948544973544
2017-05-12,63.0,66.08,63.0,63.88,2624317.0,169679413.0,151200000.0,0.0173565939153439
2017-05-15,63.42,64.68,63.2,63.48,1571301.0,100315536.0,151200000.0,0.0103922023809523
2017-05-16,63.58,66.21,63.51,65.92,2798401.0,182045066.0,151200000.0,0.0185079431216931
2017-05-17,66.48,67.5,65.2,66.82,2396241.0,158983781.0,151200000.0,0.0158481547619047
2017-05-18,66.3,69.83,66.3,69.35,2636032.0,179775742.0,151200000.0,0.017434074074074
2017-05-19,69.66,71.04,68.36,70.1,2577279.0,180733011.0,151200000.0,0.017045496031746
2017-05-22,73.61,73.61,73.61,73.61,244501.0,17997719.0,151200000.0,0.0016170701058201
2017-05-23,74.5,74.5,69.93,69.93,5688567.0,408237540.0,151200000.0,0.0376227976190476
2017-05-24,69.01,69.97,67.5,69.3,2711485.0,186065975.0,151200000.0,0.0179331018518518
2017-05-25,68.4,71.5,66.66,69.01,3383121.0,233270706.0,151200000.0,0.0223751388888888
2017-05-26,69.13,69.89,67.51,68.5,1895400.0,129221967.0,151200000.0,0.0125357142857142
2017-05-31,68.5,68.5,65.08,65.08,3546045.0,233493946.0,151200000.0,0.0234526785714285
2017-06-01,64.18,64.3,61.9,62.58,2340206.0,147556190.0,151200000.0,0.0154775529100529
2017-06-02,61.76,64.29,61.51,64.16,1481574.0,93554367.0,151200000.0,0.0097987698412698
2017-06-05,64.5,67.0,63.53,65.99,1520278.0,99919870.0,151200000.0,0.0100547486772486
2017-06-06,65.53,65.86,62.86,63.12,1766015.0,113133638.0,151200000.0,0.0116799933862433
2017-06-07,62.9,64.66,62.11,63.4,1707838.0,109043060.0,151200000.0,0.0112952248677248
2017-06-08,62.71,64.7,62.68,64.42,1471120.0,94183728.0,151200000.0,0.0097296296296296
2017-06-09,64.68,64.68,63.3,63.99,927719.0,59292186.0,151200000.0,0.0061357076719576
2017-06-12,63.29,64.06,62.81,62.95,874606.0,55394419.0,151200000.0,0.0057844312169312
2017-06-13,62.51,66.1,62.51,65.8,2108429.0,137122241.0,151200000.0,0.0139446362433862
2017-06-14,65.5,66.17,65.0,65.2,1117039.0,73216197.0,151200000.0,0.007387824074074
2017-06-15,65.0,67.5,64.94,66.66,1411942.0,93664031.0,151200000.0,0.0093382407407407
2017-06-16,66.9,68.84,66.6,68.0,1568142.0,106707532.0,151200000.0,0.0103713095238095
2017-06-19,68.23,68.48,67.0,68.19,1124141.0,76017176.0,151200000.0,0.0074347949735449
2017-06-20,69.0,69.76,67.2,67.85,1388154.0,94996636.0,151200000.0,0.0091809126984126
2017-06-21,68.09,68.79,67.75,68.68,1031041.0,70438102.0,151200000.0,0.0068190542328042
2017-06-22,68.94,69.36,66.0,66.55,1637523.0,111464440.0,151200000.0,0.0108301785714285
2017-06-23,66.8,68.88,66.25,68.88,1856521.0,125440086.0,151200000.0,0.012278578042328
2017-06-26,70.0,70.77,68.81,69.99,2036887.0,142586242.0,151200000.0,0.0134714748677248
2017-06-27,69.22,69.68,66.49,66.49,4483423.0,302644806.0,151200000.0,0.0296522685185185
2017-06-28,64.01,64.88,63.17,63.17,3089589.0,196469053.0,151200000.0,0.0204337896825396
2017-06-29,62.05,66.16,62.01,64.96,2487253.0,159880003.0,151200000.0,0.0164500859788359
2017-06-30,64.62,64.89,62.98,63.58,1281105.0,81641532.0,151200000.0,0.0084729166666666
2017-07-03,63.4,65.65,63.4,65.03,1140403.0,74146741.0,151200000.0,0.0075423478835978
2017-07-04,64.11,66.45,63.91,65.7,1493175.0,97473146.0,151200000.0,0.009875496031746
2017-07-05,66.6,67.95,65.7,66.88,1869570.0,125048318.0,151200000.0,0.0123648809523809
2017-07-06,67.01,67.98,64.73,64.88,1825410.0,120469619.0,151200000.0,0.0120728174603174
2017-07-07,64.63,65.5,63.69,64.04,1372005.0,88219596.0,151200000.0,0.0090741071428571
2017-07-10,64.2,65.0,63.67,64.13,981201.0,63141135.0,151200000.0,0.0064894246031746
2017-07-11,64.48,65.6,64.22,65.12,1057091.0,68629341.0,151200000.0,0.0069913425925925
2017-07-12,65.2,65.68,62.0,63.85,1669289.0,106125503.0,151200000.0,0.0110402711640211
2017-07-13,64.2,67.04,63.83,67.04,2622890.0,173656475.0,151200000.0,0.017347156084656
2017-07-14,66.99,66.99,63.69,63.69,2569949.0,165998876.0,151200000.0,0.0169970171957671
2017-07-17,62.2,62.78,60.51,60.51,1576201.0,95891688.0,151200000.0,0.0104246097883597
2017-07-18,57.8,59.7,57.48,59.5,3075292.0,178502456.0,151200000.0,0.0203392328042328
2017-07-19,59.0,60.6,57.8,59.95,1350673.0,80097734.0,151200000.0,0.0089330224867724
2017-07-20,59.43,61.7,59.08,59.88,1124691.0,67805421.0,151200000.0,0.0074384325396825
2017-07-21,59.87,59.87,56.89,56.89,2463718.0,141536647.0,151200000.0,0.0162944312169312
2017-07-24,55.91,56.0,54.05,54.05,2576573.0,140674689.0,151200000.0,0.0170408267195767
2017-07-25,53.88,55.4,53.66,54.84,1499410.0,82053277.0,151200000.0,0.0099167328042328
2017-07-26,54.8,55.3,53.5,54.44,1035214.0,56096445.0,151200000.0,0.0068466534391534
2017-07-27,54.3,57.16,54.0,57.1,1919471.0,108296975.0,151200000.0,0.012694914021164
2017-07-28,57.25,59.26,56.31,58.79,1532087.0,88786789.0,151200000.0,0.0101328505291005
2017-07-31,58.7,59.48,56.7,57.03,1626477.0,93544301.0,151200000.0,0.010757123015873
2017-08-01,56.98,58.34,56.63,58.0,1359221.0,78096442.0,151200000.0,0.0089895568783068
2017-08-02,58.4,59.28,57.5,58.7,1128102.0,65819807.0,151200000.0,0.007460992063492
2017-08-03,59.19,59.19,55.77,55.77,2194422.0,123683723.0,151200000.0,0.014513373015873
2017-08-04,55.7,57.18,55.68,56.11,1087279.0,61435039.0,151200000.0,0.0071909986772486
2017-08-07,55.5,58.88,55.47,58.02,1497534.0,86219571.0,151200000.0,0.0099043253968253
2017-08-08,59.6,60.05,58.03,59.8,2032484.0,120355167.0,151200000.0,0.0134423544973544
2017-08-09,59.3,59.8,56.81,56.81,3373801.0,192940196.0,151200000.0,0.0223134986772486
2017-08-10,56.5,57.48,56.12,56.2,1238904.0,70182937.0,151200000.0,0.0081938095238095
2017-08-11,55.5,55.5,53.39,53.39,1823900.0,97943135.0,151195100.0,0.0120632216255685
2017-08-14,52.99,53.83,51.0,52.99,2025200.0,106419170.0,151195100.0,0.0133946139788921
2017-08-15,53.0,53.77,52.4,53.14,972005.0,51557915.0,151195100.0,0.0064288128385113
2017-08-16,52.97,55.5,52.81,54.95,1604323.0,87770785.0,151195100.0,0.0106109457250929
2017-08-17,54.92,55.8,53.81,53.92,2070100.0,113347757.0,151195100.0,0.0136915812747899
2017-08-18,53.0,53.55,52.0,53.4,1330800.0,70361445.0,151195100.0,0.0088018725474568
2017-08-21,56.01,56.07,55.38,56.07,961103.0,53847844.0,151195100.0,0.0063567073271554
2017-08-22,58.87,58.87,58.87,58.87,91201.0,5369003.0,151195100.0,0.0006032007651041
2017-08-23,61.81,61.81,61.81,61.81,128500.0,7942585.0,151195100.0,0.0008498952677699
2017-08-24,64.9,64.9,64.9,64.9,164610.0,10683189.0,151195100.0,0.0010887257589697
2017-08-28,68.3,70.77,63.2,63.38,12225988.0,818967408.0,151195100.0,0.080862329533166
2017-08-29,61.0,61.86,59.42,59.9,6895174.0,417422803.0,151195100.0,0.045604480568484
2017-08-30,59.99,61.2,58.81,59.0,4192825.0,250468430.0,151195100.0,0.0277312227711083
2017-08-31,59.83,64.87,59.21,62.41,8026726.0,496174777.0,151195100.0,0.0530885326310178
2017-09-01,62.08,62.1,59.5,59.68,5455583.0,328849771.0,151195100.0,0.0360830675068173
2017-09-04,58.5,59.85,58.49,58.72,3056039.0,180295072.0,151195100.0,0.0202125531845939
2017-09-05,58.99,59.48,58.45,59.06,2167230.0,127782051.0,151195100.0,0.0143339962736887
2017-09-06,58.7,61.88,58.46,60.23,5560619.0,337762118.0,151195100.0,0.0367777725600895
2017-09-07,59.32,61.99,58.53,60.38,6375105.0,384010741.0,151195100.0,0.0421647593076759
2017-09-08,59.88,66.42,59.38,64.26,12750735.0,819266573.0,151195100.0,0.0843329909501035
2017-09-11,63.41,63.88,61.35,62.44,6459129.0,402330170.0,151195100.0,0.0427204916032331
2017-09-12,62.3,68.68,62.2,68.68,11699832.0,790497607.0,151195100.0,0.0773823490311524
2017-09-13,70.17,74.47,67.31,72.3,12051902.0,849818383.0,151195100.0,0.0797109297854229
2017-09-14,71.91,79.53,71.69,79.53,8392508.0,648641756.0,151195100.0,0.0555078041550288
2017-09-15,82.99,82.99,71.58,71.58,14667733.0,1121971935.0,151195100.0,0.0970119600436786
2017-09-18,68.55,72.13,66.81,69.0,10933699.0,756516347.0,151195100.0,0.0723151676211729
2017-09-19,68.14,69.68,66.0,68.83,6868339.0,465992106.0,151195100.0,0.0454269946578956
2017-09-20,68.0,68.38,66.1,66.55,5276434.0,353860605.0,151195100.0,0.0348981812241269
2017-09-21,66.88,68.57,66.28,67.11,4638550.0,312189185.0,151195100.0,0.0306792349752075
2017-09-22,66.42,66.52,63.9,64.74,4453386.0,288987767.0,151195100.0,0.0294545656572203
2017-09-25,64.1,66.3,64.1,65.12,3884621.0,253581451.0,151195100.0,0.0256927704667677
2017-09-26,64.6,64.8,62.18,63.4,4502637.0,284072910.0,151195100.0,0.0297803103407451
2017-09-27,62.96,67.69,62.5,65.89,5212757.0,339913936.0,151195100.0,0.0344770233955994
2017-09-28,65.19,66.97,64.69,64.71,3022330.0,198961660.0,151195100.0,0.019989602837658
2017-09-29,64.68,65.75,63.8,64.24,2499180.0,161033956.0,151195100.0,0.0165295039323364
2017-10-09,65.78,66.2,64.0,64.29,2668434.0,173690343.0,62193100.00000001,0.0429056277947232
2017-10-10,64.4,69.28,64.0,68.1,6053691.0,407208686.0,62193100.00000001,0.0973370197015424
2017-10-11,67.99,70.76,66.51,66.71,5137894.0,351457962.0,62193100.00000001,0.0826119617771103
2017-10-12,66.0,66.99,64.59,64.88,3080460.0,201018192.0,62193100.00000001,0.0495305749351616
2017-10-13,64.9,65.72,64.45,64.53,2116949.0,137678901.0,62193100.00000001,0.0340383257949836
2017-10-16,64.42,64.42,61.09,61.09,4024074.0,249695671.0,62193100.00000001,0.0647029011256875
2017-10-17,60.52,61.52,60.02,60.89,1580163.0,96193778.0,62193100.00000001,0.0254073683415041
2017-10-18,61.41,62.46,60.52,60.78,1887222.0,116077190.0,62193100.00000001,0.0303445559073273
2017-10-19,60.87,61.48,60.14,60.59,1673957.0,101574025.0,62193100.00000001,0.0269154777620025
2017-10-20,60.55,61.47,60.09,61.19,1129971.0,68804035.0,62193100.00000001,0.0181687518390303
2017-10-23,61.85,62.43,61.05,62.25,1726162.0,106837190.0,62193100.00000001,0.0277548795605943
2017-10-24,61.82,62.25,60.59,61.18,1402801.0,86063315.0,62193100.00000001,0.0225555728850949
2017-10-25,61.28,62.39,61.03,61.79,1197497.0,74007113.0,62193100.00000001,0.0192544992933299
2017-10-26,62.0,62.32,61.69,62.11,1437678.0,89095747.0,62193100.00000001,0.0231163585671079
2017-10-27,62.98,64.68,62.36,62.45,3267409.0,208111788.0,62193100.00000001,0.0525365193244909
2017-10-30,62.0,64.8,59.8,62.77,4065883.0,254424465.0,62193100.00000001,0.0653751461174953
2017-10-31,62.66,65.96,61.8,65.65,5912810.0,381435721.0,62193100.00000001,0.0950718005695165
2017-11-01,65.0,65.2,62.8,63.13,4576653.0,292563089.0,62193100.00000001,0.0735877935012083
2017-11-02,63.01,65.58,62.75,64.27,5227245.0,337326262.0,62193100.00000001,0.0840486324045593
2017-11-03,63.77,63.77,60.66,61.2,4717320.0,293300182.0,62193100.00000001,0.0758495717370576
2017-11-06,60.69,61.99,60.68,61.25,1946994.0,119558815.0,62193100.00000001,0.031305627151565
2017-11-07,61.5,63.96,61.01,63.66,4040531.0,254804949.0,62193100.00000001,0.0649675124732486
2017-11-08,63.4,70.03,62.5,70.03,9606013.0,658697410.0,62193100.00000001,0.1544546420744423
2017-11-09,71.21,72.4,68.53,69.2,9696266.0,683059074.0,62193100.00000001,0.1559058159184861
2017-11-10,68.82,70.49,67.47,68.54,6009880.0,411995254.0,62193100.00000001,0.096632584643634
2017-11-13,68.22,71.99,68.22,70.85,7252932.0,511279448.0,62193100.00000001,0.1166195606908161
2017-11-14,70.0,73.36,69.73,70.1,8012250.0,573766041.0,62193100.00000001,0.1288285999572299
2017-11-15,69.66,70.0,65.81,67.25,5617515.0,378883047.0,62193100.00000001,0.0903237658196809
2017-11-16,67.8,73.98,67.77,73.98,10836286.0,791972547.0,62193100.00000001,0.1742361451672291
2017-11-17,73.22,74.48,71.0,72.1,9341232.0,677668619.0,62193100.00000001,0.150197240529898
2017-11-20,71.99,71.99,64.89,69.61,7115805.0,481225494.0,62193100.00000001,0.1144147019524673
2017-11-21,69.0,70.5,66.66,68.58,5576788.0,380355591.0,62193100.00000001,0.0896689182562052
2017-11-22,68.63,69.88,67.17,67.62,4163107.0,283890756.0,62193100.00000001,0.0669384063505437
2017-11-23,66.15,67.4,61.5,61.5,6598258.0,422563887.0,62193100.00000001,0.1060930874968445
2017-11-24,60.03,61.36,59.0,60.06,3395187.0,204898087.0,62193100.00000001,0.0545910559209944
2017-11-27,59.17,61.4,59.17,59.37,2496183.0,150538924.0,62193100.00000001,0.0401360118726996
2017-11-28,60.3,61.02,59.61,60.39,2116662.0,127765417.0,62193100.00000001,0.034033711135158
2017-11-29,60.49,60.49,56.35,57.3,4118039.0,237850894.0,62193100.00000001,0.0662137600473364
2017-11-30,56.73,58.44,56.58,57.43,2009282.0,115468929.0,62193100.00000001,0.0323071530443087
2017-12-01,57.08,60.6,57.07,59.13,2581112.0,153329600.0,62193100.00000001,0.0415015813651353
2017-12-04,60.0,60.27,57.9,57.9,1898100.0,111909627.0,62193100.00000001,0.0305194627699857
2017-12-05,57.4,58.72,55.31,55.71,2626268.0,148775235.0,62193100.00000001,0.042227642616303
2017-12-06,55.9,56.97,55.6,56.83,2126464.0,119796193.0,62193100.00000001,0.0341913170432089
2017-12-07,56.8,57.85,56.32,57.41,1703557.0,97257526.0,62193100.00000001,0.0273914148032498
2017-12-08,57.3,59.94,56.83,59.05,3040743.0,177990283.0,62193100.00000001,0.048891967115323
2017-12-11,58.66,59.97,58.36,58.75,2638326.0,155922305.0,62193100.00000001,0.042421522644795
2017-12-12,58.82,59.23,56.98,56.99,2085805.0,120610207.0,62193100.00000001,0.0335375628486118
2017-12-13,56.99,57.48,56.56,57.12,1311049.0,74769797.0,62193100.00000001,0.0210802966888609
2017-12-14,56.88,57.98,56.88,57.33,1396151.0,79962207.0,62193100.00000001,0.0224486478403552
2017-12-15,56.99,57.73,56.02,56.42,1250738.0,70841883.0,62193100.00000001,0.0201105588883654
2017-12-18,56.04,56.57,52.11,52.9,2657301.0,143742427.0,62193100.00000001,0.0427266207987702
2017-12-19,53.0,54.85,52.9,54.35,1735375.0,94063576.0,62193100.00000001,0.0279030149646825
2017-12-20,54.91,56.4,54.7,54.99,1871678.0,103955452.0,62193100.00000001,0.0300946246448561
2017-12-21,54.73,56.69,54.27,55.4,1984400.0,110338304.0,62193100.00000001,0.0319070765084872
2017-12-22,55.75,56.45,54.82,55.17,1102043.0,61097485.0,62193100.00000001,0.0177196988090318
2017-12-25,55.5,55.55,53.15,53.87,1342645.0,72425346.0,62193100.00000001,0.0215883273224843
2017-12-26,53.62,54.9,53.6,54.4,1262824.0,68578636.0,62193100.00000001,0.020304889127572
2017-12-27,54.01,54.59,53.35,53.5,1287600.0,69121990.0,62193100.00000001,0.0207032612942593
2017-12-28,53.5,54.87,53.5,54.01,1378362.0,74643447.0,62193100.00000001,0.022162619325938
2017-12-29,54.5,56.63,54.49,56.37,2842331.0,158936986.0,62193100.00000001,0.045701709675189
2018-01-02,56.7,56.7,54.01,55.55,1699363.0,93819878.0,62198000.0,0.0273218270683944
2018-01-03,55.55,55.77,54.86,55.72,1717456.0,95114045.0,62198000.0,0.0276127206662593
2018-01-04,55.15,55.59,55.1,55.2,1285615.0,71009119.0,62198000.0,0.0206697160680407
2018-01-05,55.3,56.49,55.22,55.8,1623884.0,90799849.0,62198000.0,0.0261082993022283
2018-01-08,55.73,55.77,54.01,54.55,1562860.0,85501265.0,62198000.0,0.0251271745072188
2018-01-09,54.2,54.98,54.2,54.63,855274.0,46709176.0,62198000.0,0.0137508280009003
2018-01-10,54.25,54.63,52.22,52.93,2118280.0,112423362.0,62198000.0,0.0340570436348435
2018-01-11,52.88,53.48,52.12,52.97,1141187.0,60451945.0,62198000.0,0.0183476478343355
2018-01-12,52.95,53.8,52.18,52.93,1374600.0,72920666.0,62198000.0,0.0221003890800347
2018-01-15,53.01,53.1,50.0,50.37,2091781.0,107337124.0,62198000.0,0.0336310009968166
2018-01-16,50.68,51.79,50.26,51.08,1361344.0,69628098.0,62198000.0,0.0218872632560532
2018-01-17,50.99,51.45,47.77,49.42,1776668.0,87415170.0,62198000.0,0.0285647126917264
2018-01-18,49.41,49.98,48.85,49.2,978075.0,48189382.0,62198000.0,0.0157251840895205
2018-01-19,49.2,49.62,48.28,48.37,993735.0,48589693.0,62198000.0,0.0159769606739766
2018-01-22,48.38,48.99,45.3,46.72,2528044.0,117869216.0,62198000.0,0.0406451011286536
2018-01-23,46.85,48.0,46.72,47.25,2079228.0,98493319.0,62198000.0,0.0334291777870671
2018-01-24,47.18,47.98,46.61,47.48,1668704.0,79309248.0,62198000.0,0.026828901250844
2018-01-25,47.73,50.79,47.57,48.3,2459324.0,120788207.0,62198000.0,0.0395402424515257
2018-01-26,48.1,48.1,46.48,46.71,1867787.0,87881560.0,62198000.0,0.0300296954886009
2018-01-29,46.73,46.75,44.46,45.29,1824154.0,82913053.0,62198000.0,0.0293281777549117
2018-01-30,44.78,45.69,44.25,44.43,1093168.0,48832881.0,62198000.0,0.0175756133637737
2018-01-31,44.42,44.42,41.33,41.81,2022990.0,85674313.0,62198000.0,0.0325250008038843
2018-02-01,41.19,42.45,39.8,41.25,2037394.0,83901300.0,62198000.0,0.0327565838129843
2018-02-02,40.9,41.9,39.2,40.61,1403790.0,57363216.0,62198000.0,0.0225696967748159
2018-02-05,40.08,40.08,38.5,38.54,1452337.0,56766875.0,62198000.0,0.0233502202643171
2018-02-06,37.93,41.85,37.15,39.18,2842100.0,113447072.0,62198000.0,0.0456943953181774
2018-02-07,40.6,40.6,37.31,38.3,1938482.0,74958259.0,62198000.0,0.031166307598315
2018-02-08,38.3,39.43,38.3,38.92,1101994.0,42888909.0,62198000.0,0.0177175150326377
2018-02-09,37.97,39.28,37.35,37.89,1307207.0,49973641.0,62198000.0,0.0210168654940673
2018-02-12,38.25,40.49,38.08,40.0,2145560.0,85207401.0,62198000.0,0.0344956429467185
2018-02-13,40.4,40.6,39.12,39.21,1659271.0,65533439.0,62198000.0,0.0266772404257371
2018-02-14,39.23,40.35,38.88,39.99,1299302.0,51679696.0,62198000.0,0.0208897713752853
2018-02-22,40.0,40.93,39.49,40.9,1699187.0,68503302.0,62198000.0,0.0273189973954146
2018-02-23,40.9,41.27,39.92,40.25,1192847.0,48192194.0,62198000.0,0.0191782211646676
2018-02-26,40.25,43.78,40.25,43.35,3061651.0,128526541.0,62198000.0,0.0492242676613395
2018-02-27,43.05,43.84,42.17,43.11,2352010.0,101028371.0,62198000.0,0.0378148815074439
2018-02-28,42.44,43.0,41.97,42.99,1114812.0,47626570.0,62198000.0,0.0179235988295443
2018-03-01,42.57,45.29,42.36,44.68,2095113.0,92187537.0,62198000.0,0.0336845718511849
2018-03-02,44.4,48.59,43.92,46.91,3986444.0,187665256.0,62198000.0,0.0640928004115888
2018-03-05,46.91,49.38,45.81,48.28,2789950.0,132585268.0,62198000.0,0.0448559439210263
2018-03-06,48.18,48.99,47.2,47.65,2453593.0,118098199.0,62198000.0,0.0394481012251197
2018-03-07,47.88,48.0,45.8,46.4,1721083.0,80855000.0,62198000.0,0.0276710344384063
2018-03-08,46.16,47.19,45.55,46.57,1814855.0,84330573.0,62198000.0,0.0291786713399144
2018-03-09,46.96,47.47,45.81,47.19,2183911.0,102035296.0,62198000.0,0.0351122383356378
2018-03-12,47.78,48.48,47.22,47.7,2064916.0,98665557.0,62198000.0,0.0331990739252066
2018-03-13,47.37,48.39,46.8,47.2,2087556.0,99252129.0,62198000.0,0.0335630727676131
2018-03-14,47.01,47.48,45.8,45.85,1560660.0,72705599.0,62198000.0,0.0250918035949709
2018-03-15,45.48,46.29,44.75,45.35,1505855.0,68426942.0,62198000.0,0.0242106659378115
2018-03-16,45.33,47.2,45.33,46.33,1985477.0,92560144.0,62198000.0,0.0319218785169941
2018-03-19,46.41,47.46,46.11,46.7,1495230.0,70203541.0,62198000.0,0.0240398405093411
2018-03-20,46.1,49.98,45.71,48.95,4231230.0,204949022.0,62198000.0,0.0680283931959227
2018-03-21,48.7,49.27,46.81,47.65,2855812.0,137620015.0,62198000.0,0.0459148525676066
2018-03-22,47.39,47.98,46.58,46.64,1663456.0,78588954.0,62198000.0,0.0267445255474452
2018-03-23,44.96,45.86,42.91,42.97,2569730.0,114038379.0,62198000.0,0.0413153156050033
2018-03-26,42.0,45.62,41.3,44.3,2247189.0,97784595.0,62198000.0,0.036129602238014
2018-03-27,44.83,48.5,44.83,47.33,3544970.0,166108926.0,62198000.0,0.0569949194507862
2018-03-28,46.48,49.9,46.48,47.98,3957701.0,193314730.0,62198000.0,0.0636306794430689
2018-03-29,48.08,49.39,47.09,48.01,2323724.0,112382431.0,62198000.0,0.0373601080420592
2018-03-30,48.66,49.87,48.51,48.81,2330259.0,114167710.0,62198000.0,0.0374651757291231
2018-04-02,48.81,53.11,48.81,52.68,6045026.0,311845426.0,62198000.0,0.0971900382648959
2018-04-03,51.88,57.95,51.8,56.17,9792486.0,549247811.0,62198000.0,0.1574405286343612
2018-04-04,56.0,57.7,54.5,55.75,4574729.0,257031490.0,62198000.0,0.0735510627351361
2018-04-09,55.83,56.52,53.64,55.8,3201865.0,175084609.0,62198000.0,0.0514785845204025
2018-04-10,57.0,59.98,54.01,55.5,3556182.0,201277716.0,62198000.0,0.0571751824817518
2018-04-11,55.22,55.58,53.9,54.6,2104170.0,115010774.0,62198000.0,0.0338301874658349
2018-04-12,54.71,57.7,54.11,56.93,3716457.0,208370190.0,62198000.0,0.0597520338274542
2018-04-13,58.5,61.66,58.2,58.6,5060221.0,302011012.0,62198000.0,0.0813566513392713
2018-04-16,58.63,60.0,56.56,58.96,2914489.0,170916013.0,62198000.0,0.0468582430303225
2018-04-17,59.62,60.5,55.55,55.81,3269703.0,188680243.0,62198000.0,0.0525692626772565
2018-04-18,56.82,59.5,53.5,59.0,3936567.0,222352595.0,62198000.0,0.0632908935978648
2018-04-19,58.59,64.3,58.59,62.88,6055428.0,375815887.0,62198000.0,0.0973572783690794
2018-04-20,63.01,63.5,59.88,60.0,2854519.0,176033392.0,62198000.0,0.0458940641178172
2018-04-23,60.1,61.8,55.5,57.46,4508195.0,262603616.0,62198000.0,0.0724813498826328
2018-04-24,57.64,62.36,56.47,62.12,4279155.0,257950450.0,62198000.0,0.0687989163638702
2018-04-25,62.1,65.2,61.01,64.81,5498753.0,351695398.0,62198000.0,0.0884072317437859
2018-04-26,64.88,65.59,62.31,64.81,3213148.0,205985008.0,62198000.0,0.0516599890671725
2018-04-27,65.22,67.5,63.66,66.99,3282640.0,217367305.0,62198000.0,0.052777259718962
2018-05-02,67.0,68.99,64.5,65.12,3084278.0,206896794.0,62198000.0,0.04958805749381
2018-05-03,64.38,66.37,63.81,65.7,2034057.0,131954439.0,62198000.0,0.0327029325701791
2018-05-04,65.67,66.66,64.08,66.04,1960480.0,128071860.0,62198000.0,0.0315199845654201
2018-05-07,66.09,66.54,65.08,66.3,2123290.0,139468775.0,62198000.0,0.0341375928486446
2018-05-08,66.39,68.23,65.08,67.97,1945272.0,129549886.0,62198000.0,0.0312754750956622
2018-05-09,68.1,68.48,67.0,68.1,1422516.0,96341752.0,62198000.0,0.0228707675487957
2018-05-10,68.1,68.52,67.15,67.72,1315804.0,89346751.0,62198000.0,0.02115508537252
2018-05-11,68.08,68.12,60.95,60.95,5163071.0,322942133.0,62198000.0,0.0830102414868645
2018-05-14,58.51,59.45,55.13,56.23,5898398.0,334461813.0,62198000.0,0.0948325991189427
2018-05-15,55.89,58.16,55.89,57.8,2624175.0,150050710.0,62198000.0,0.042190665294704
2018-05-16,57.69,60.89,57.21,59.94,3908021.0,232976267.0,62198000.0,0.0628319399337599
2018-05-17,59.95,60.06,57.0,57.78,2829524.0,163962007.0,62198000.0,0.045492202321618
2018-05-18,57.78,58.1,55.88,56.41,2362149.0,133448873.0,62198000.0,0.037977893179845
2018-05-21,56.96,57.45,55.17,56.0,2535896.0,142360131.0,62198000.0,0.0407713431300041
2018-05-22,56.11,57.5,56.11,57.32,2382189.0,135718728.0,62198000.0,0.0383000900350493
2018-05-23,57.63,57.9,55.85,56.15,1937897.0,110336614.0,62198000.0,0.0311569021511945
2018-05-24,56.3,57.0,56.01,56.52,1369571.0,77400712.0,62198000.0,0.0220195343901733
2018-05-25,56.38,56.44,55.2,55.45,1489779.0,82821806.0,62198000.0,0.023952201035403
2018-05-28,55.46,55.89,53.78,53.95,2711774.0,148449599.0,62198000.0,0.0435990546319817
2018-05-29,54.0,56.88,54.0,55.9,3043435.0,169585368.0,62198000.0,0.0489313965079263
2018-05-30,55.0,55.0,52.33,53.39,2231280.0,119783326.0,62198000.0,0.035873822309399
2018-05-31,53.93,55.39,53.29,54.42,1435056.0,77737086.0,62198000.0,0.0230723817486092
2018-06-01,54.35,55.0,53.0,53.39,1423100.0,76884217.0,62198000.0,0.0228801569182288
2018-06-04,53.06,54.99,53.06,54.56,1105735.0,60142980.0,62198000.0,0.0177776616611466
2018-06-05,54.56,56.8,54.3,56.0,1842822.0,103044523.0,62198000.0,0.0296283160230232
2018-06-06,56.08,56.28,55.5,55.8,1287306.0,71778474.0,62198000.0,0.0206969034374095
2018-06-07,56.04,57.98,56.04,57.9,2597578.0,148414668.0,62198000.0,0.0417630470433132
2018-06-08,57.83,58.84,57.14,58.0,2220182.0,128747747.0,62198000.0,0.0356953921347953
2018-06-11,57.95,58.8,57.46,58.15,1706721.0,98996614.0,62198000.0,0.0274401266921765
2018-06-12,58.1,58.43,56.02,57.36,1921570.0,109490278.0,62198000.0,0.0308944017492523
2018-06-13,57.3,58.0,56.5,56.54,1430288.0,81761143.0,62198000.0,0.0229957233351554
2018-06-14,56.54,57.4,56.25,56.87,1057854.0,60090067.0,62198000.0,0.017007845911444
2018-06-15,56.6,57.17,52.8,54.51,2419361.0,131393630.0,62198000.0,0.0388977298305411
2018-06-19,53.95,55.49,49.99,51.42,1795200.0,94747482.0,62198000.0,0.0288626643943535
2018-06-20,51.3,52.78,50.6,52.45,1345418.0,70037726.0,62198000.0,0.0216312100067526
2018-06-21,52.47,54.0,51.18,51.75,1196400.0,62797739.0,62198000.0,0.0192353451879481
2018-06-22,51.0,52.81,49.22,51.14,1306216.0,66605997.0,62198000.0,0.0210009325058683
2018-06-25,52.01,52.35,50.01,50.19,694002.0,35461933.0,62198000.0,0.0111579472008746
2018-06-26,50.02,50.95,49.32,50.9,791606.0,39682430.0,62198000.0,0.0127271938004437
2018-06-27,50.55,51.22,49.79,49.79,875200.0,44084891.0,62198000.0,0.0140711919997427
2018-06-28,49.5,50.18,48.7,48.7,715315.0,35417390.0,62198000.0,0.0115006109521206
2018-06-29,48.83,50.73,48.58,50.36,1021579.0,50744922.0,62198000.0,0.016424627801537
2018-07-02,50.35,52.39,49.95,50.98,1214850.0,62290170.0,62198000.0,0.0195319785202096
2018-07-03,51.55,52.4,49.61,51.85,1875922.0,96189630.0,62198000.0,0.0301604874754815
2018-07-04,51.58,51.78,49.01,49.21,1417377.0,71120133.0,62198000.0,0.0227881443133219
2018-07-05,49.1,49.81,47.51,47.72,901401.0,43837663.0,62198000.0,0.0144924434869288
2018-07-06,47.72,49.0,47.22,47.96,756700.0,36487182.0,62198000.0,0.0121659860445673
2018-07-09,48.1,49.2,48.1,48.55,988300.0,48203638.0,62198000.0,0.0158895784430367
2018-07-10,48.78,49.89,48.5,49.0,1314747.0,64531621.0,62198000.0,0.0211380912569536
2018-07-11,47.0,47.83,45.58,46.08,1773717.0,82751474.0,62198000.0,0.0285172674362519
2018-07-12,46.51,48.48,46.28,47.93,1687437.0,80526267.0,62198000.0,0.0271300845686356
2018-07-13,48.0,51.1,47.6,49.98,2646295.0,131904314.0,62198000.0,0.04254630373967
2018-07-16,49.9,49.9,48.0,48.67,1854300.0,90167101.0,62198000.0,0.0298128557188334
2018-07-17,48.45,48.45,46.31,47.25,2056389.0,96706900.0,62198000.0,0.0330619794848709
2018-07-18,47.26,48.38,47.26,47.55,1463682.0,70053955.0,62198000.0,0.023532621627705
2018-07-19,47.48,47.48,46.35,46.5,1097615.0,51245935.0,62198000.0,0.0176471108395768
2018-07-20,46.51,47.15,45.75,46.82,1120989.0,52086845.0,62198000.0,0.0180229107045242
2018-07-23,45.47,46.13,44.0,45.73,1894183.0,85507479.0,62198000.0,0.0304540821248271
2018-07-24,45.6,47.94,45.1,47.67,1728020.0,81355431.0,62198000.0,0.0277825653557992
2018-07-25,47.7,48.36,47.03,47.27,856429.0,40809248.0,62198000.0,0.0137693977298305
2018-07-26,47.8,47.8,46.74,46.89,747900.0,35254420.0,62198000.0,0.0120245023955754
2018-07-27,46.99,47.31,46.06,46.16,798340.0,37228141.0,62198000.0,0.0128354609472973
2018-07-30,46.16,46.55,44.9,45.11,1070404.0,48598833.0,62198000.0,0.0172096208881314
2018-07-31,44.88,45.44,44.61,45.12,531901.0,24039098.0,62198000.0,0.0085517379980063
2018-08-01,45.49,45.72,43.88,43.88,779840.0,34791688.0,62198000.0,0.0125380237306665
2018-08-02,42.56,43.79,42.05,42.82,1350000.0,57442375.0,62198000.0,0.0217048779703527
2018-08-03,42.82,43.0,41.8,41.8,899397.0,38116623.0,62198000.0,0.0144602238014084
2018-08-06,42.5,43.8,41.56,41.81,853757.0,36023267.0,62198000.0,0.0137264381491366
2018-08-07,41.82,42.65,41.02,42.56,722700.0,30428486.0,62198000.0,0.0116193446734621
2018-08-08,42.56,42.76,39.82,40.32,1281771.0,52412796.0,62198000.0,0.0206079134377311
2018-08-09,40.33,42.2,40.16,41.3,1277091.0,52897745.0,62198000.0,0.0205326698607672
2018-08-10,41.5,42.58,41.5,42.0,1036352.0,43611438.0,62198000.0,0.0166621434772822
2018-08-13,41.31,42.96,40.9,42.6,1057201.0,44781475.0,62198000.0,0.0169973471815814
2018-08-14,42.69,44.4,42.69,43.55,1354153.0,59146508.0,62198000.0,0.0217716486060645
2018-08-15,43.5,43.54,41.4,42.44,1182077.0,50560555.0,62198000.0,0.0190050644715264
2018-08-16,40.77,42.79,40.77,41.88,663126.0,27754013.0,62198000.0,0.0106615325251615
2018-08-17,42.75,42.79,41.33,41.4,832715.0,34876611.0,62198000.0,0.013388131451172
2018-08-20,41.01,42.09,40.88,41.7,560173.0,23214577.0,62198000.0,0.0090062863757677
2018-08-21,41.76,43.1,41.76,42.99,991679.0,42363374.0,62198000.0,0.0159439049487121
2018-08-22,44.0,44.87,43.19,43.35,1435154.0,62983526.0,62198000.0,0.023073957361973
2018-08-23,43.35,44.2,42.92,43.99,838110.0,36600586.0,62198000.0,0.0134748705746165
2018-08-24,44.05,44.87,43.75,44.6,1120053.0,49753727.0,62198000.0,0.0180078619891314
2018-08-27,44.79,46.26,43.9,45.98,1316140.0,59824448.0,62198000.0,0.0211604874754815
2018-08-28,45.79,46.4,45.31,45.77,1138753.0,52175076.0,62198000.0,0.0183085147432393
2018-08-29,45.77,46.23,45.12,45.48,835794.0,38262007.0,62198000.0,0.0134376346506318
2018-08-30,45.23,46.29,44.88,45.18,1074192.0,48889188.0,62198000.0,0.0172705231679475
2018-08-31,44.8,45.0,43.98,44.05,935649.0,41432843.0,62198000.0,0.0150430721245056
2018-09-03,44.33,44.89,43.7,44.51,686420.0,30430890.0,62198000.0,0.0110360461751181
2018-09-04,44.41,44.75,43.84,44.6,671111.0,29798661.0,62198000.0,0.0107899128589343
2018-09-05,44.6,44.69,43.11,43.11,739743.0,32458911.0,62198000.0,0.0118933566995723
2018-09-06,43.15,44.6,43.15,44.21,1044218.0,46122942.0,62198000.0,0.0167886105662561
2018-09-07,45.04,45.04,43.0,43.11,837200.0,36726108.0,62198000.0,0.0134602398790957
2018-09-10,43.15,43.89,41.6,41.6,771700.0,32654753.0,62198000.0,0.012407151355349
2018-09-11,41.75,42.27,41.19,41.84,720267.0,30044617.0,62198000.0,0.0115802276600533
2018-09-12,41.98,42.28,41.19,41.79,709950.0,29665731.0,62198000.0,0.0114143541592977
2018-09-13,42.02,42.32,39.93,40.74,1154825.0,47200653.0,62198000.0,0.0185669153348982
2018-09-14,40.75,41.32,40.75,40.96,655361.0,26938481.0,62198000.0,0.0105366892826135
2018-09-17,40.94,40.94,38.48,38.5,1352284.0,52883255.0,62198000.0,0.0217415994083411
2018-09-18,38.57,39.57,38.57,39.43,683888.0,26823176.0,62198000.0,0.0109953374706582
2018-09-19,39.56,40.39,39.56,40.0,835900.0,33484544.0,62198000.0,0.0134393388854947
2018-09-20,40.18,40.2,39.38,39.49,534800.0,21276030.0,62198000.0,0.0085983472137367
2018-09-21,39.84,40.1,38.95,39.98,1107494.0,44036288.0,62198000.0,0.0178059423132576
2018-09-25,39.94,40.15,39.37,40.15,807706.0,32277947.0,62198000.0,0.0129860445673494
2018-09-26,39.97,40.28,39.63,39.87,1045700.0,41784943.0,62198000.0,0.0168124376989613
2018-09-27,39.86,39.86,38.62,38.62,1065817.0,41735097.0,62198000.0,0.0171358725360944
2018-09-28,38.8,39.18,38.01,38.8,846653.0,32841897.0,62198000.0,0.0136122222579504
2018-10-08,38.0,38.47,37.5,37.5,711990.0,27068694.0,62198000.0,0.011447152641564
2018-10-09,37.53,38.1,35.82,36.19,1192860.0,43801363.0,62198000.0,0.0191784301746036
2018-10-10,36.21,36.9,36.05,36.71,729238.0,26658123.0,62198000.0,0.0117244605935882
2018-10-11,35.37,35.62,33.08,33.19,1748736.0,59502916.0,62198000.0,0.0281156307276761
2018-10-12,33.87,34.41,32.63,33.93,975547.0,32848391.0,62198000.0,0.0156845396958101
2018-10-15,34.06,35.8,34.06,34.52,1120563.0,39299955.0,62198000.0,0.018016061609698
2018-10-16,34.18,34.26,32.25,32.53,1227123.0,40774519.0,62198000.0,0.0197292999774912
2018-10-17,33.17,33.66,32.65,33.37,861585.0,28603966.0,62198000.0,0.0138522942859899
2018-10-18,33.27,33.27,32.0,32.18,901509.0,29226277.0,62198000.0,0.0144941798771664
2018-10-19,31.09,33.0,31.09,32.43,1951998.0,62735602.0,62198000.0,0.0313836136210167
2018-10-22,32.8,34.6,32.53,34.58,3265699.0,109283065.0,62198000.0,0.0525048876169651
2018-10-23,34.4,34.4,31.94,32.09,2651241.0,87546324.0,62198000.0,0.0426258239814785
2018-10-24,31.41,34.5,31.41,33.39,3077500.0,102466005.0,62198000.0,0.0494790829287115
2018-10-25,32.0,32.58,31.19,32.22,1991043.0,63501756.0,62198000.0,0.0320113669249815
2018-10-26,32.4,32.84,31.7,31.93,1234328.0,39744536.0,62198000.0,0.0198451397151033
2018-10-29,31.86,31.99,30.31,31.53,1016202.0,31922669.0,62198000.0,0.0163381780764654
2018-10-30,31.61,32.87,31.31,32.42,1558626.0,50286231.0,62198000.0,0.0250591015788289
2018-10-31,32.88,34.5,32.87,33.84,2727569.0,92438965.0,62198000.0,0.0438530017042348
2018-11-01,33.84,35.1,33.84,34.19,2455566.0,84794012.0,62198000.0,0.0394798225023312
2018-11-02,34.9,35.73,34.61,35.68,2450778.0,86455515.0,62198000.0,0.0394028425351297
2018-11-05,35.28,36.0,34.46,35.1,1695742.0,59774231.0,62198000.0,0.0272636097623717
2018-11-06,34.72,36.3,34.7,36.11,2098450.0,74622888.0,62198000.0,0.0337382230939901
2018-11-07,36.18,36.18,35.22,35.35,1586888.0,56675776.0,62198000.0,0.0255134891797163
2018-11-08,35.87,36.01,35.1,35.1,1269398.0,45278081.0,62198000.0,0.0204089842117109
2018-11-09,34.65,35.55,34.65,35.4,909821.0,32030429.0,62198000.0,0.0146278176147143
2018-11-12,35.3,36.1,34.63,36.04,1496874.0,53160892.0,62198000.0,0.0240662722274028
2018-11-13,35.79,36.74,35.35,36.49,1681678.0,60958554.0,62198000.0,0.0270374931669828
2018-11-14,36.38,37.08,36.1,36.2,1489575.0,54529613.0,62198000.0,0.0239489211871764
2018-11-15,35.9,37.9,35.9,37.84,1744410.0,64371264.0,62198000.0,0.0280460786520466
2018-11-16,37.68,37.88,36.74,37.39,1747422.0,65172772.0,62198000.0,0.0280945046464516
2018-11-19,37.19,37.45,36.64,36.95,1069597.0,39480801.0,62198000.0,0.0171966461944113
2018-11-20,36.5,36.85,35.48,35.48,1064318.0,38434502.0,62198000.0,0.0171117720827036
2018-11-21,35.05,36.0,35.05,35.88,951957.0,33951918.0,62198000.0,0.0153052670503874
2018-11-22,35.94,36.46,35.79,36.0,835698.0,30184618.0,62198000.0,0.0134360911926428
2018-11-23,36.24,36.58,34.47,34.59,1417712.0,50147805.0,62198000.0,0.022793530338596
2018-11-26,34.31,35.63,34.14,35.36,1306667.0,45678882.0,62198000.0,0.0210081835428791
2018-11-27,34.91,35.3,33.8,33.96,1717956.0,59005352.0,62198000.0,0.027620759509952
2018-11-28,33.88,35.05,33.78,35.04,1221981.0,42177572.0,62198000.0,0.0196466285089552
2018-11-29,35.0,35.89,34.16,34.2,1516351.0,53461838.0,62198000.0,0.0243794173446091
2018-11-30,34.21,35.45,34.01,35.41,1329325.0,46433468.0,62198000.0,0.0213724717836586
2018-12-03,36.49,36.62,36.0,36.23,1319900.0,47956201.0,62198000.0,0.0212209395800508
2018-12-04,36.25,36.72,35.91,36.5,936547.0,34138804.0,62198000.0,0.0150575098877777
2018-12-05,35.97,36.63,35.85,36.3,780059.0,28270180.0,62198000.0,0.0125415447442039
2018-12-06,36.3,36.49,34.71,34.88,1438681.0,50966650.0,62198000.0,0.0231306633653815
2018-12-07,34.97,35.62,34.97,35.19,1057364.0,37244584.0,62198000.0,0.0169999678446252
2018-12-10,35.11,35.26,34.51,34.8,609216.0,21268422.0,62198000.0,0.0097947843982121
2018-12-11,35.19,35.24,34.62,34.8,577429.0,20128763.0,62198000.0,0.0092837229492909
2018-12-12,35.18,35.18,34.07,34.19,903966.0,31052096.0,62198000.0,0.0145336827550725
2018-12-13,34.19,34.84,34.17,34.41,797090.0,27512264.0,62198000.0,0.0128153638380655
2018-12-14,34.58,34.58,33.03,33.13,1182949.0,39733529.0,62198000.0,0.0190190842149265
2018-12-17,32.5,33.25,32.18,32.93,899168.0,29425628.0,62198000.0,0.0144565420109971
2018-12-18,32.8,33.39,32.31,32.77,633965.0,20801311.0,62198000.0,0.0101926910833145
2018-12-19,32.73,32.77,31.5,31.68,746984.0,24011371.0,62198000.0,0.0120097752339303
2018-12-20,31.79,32.31,31.7,32.0,512250.0,16436305.0,62198000.0,0.0082357953631949
2018-12-21,32.0,32.23,31.53,31.91,488000.0,15505054.0,62198000.0,0.0078459114440978
2018-12-24,31.85,32.26,31.19,32.23,682600.0,21822461.0,62198000.0,0.0109746294093057
2018-12-25,31.61,32.01,31.19,31.65,837973.0,26396512.0,62198000.0,0.0134726679314447
2018-12-26,31.7,32.29,31.61,31.61,556320.0,17734823.0,62198000.0,0.0089443390462715
2018-12-27,32.0,32.16,31.7,31.77,684073.0,21844218.0,62198000.0,0.0109983118428245
2018-12-28,31.78,32.35,31.03,31.9,1196499.0,38053491.0,62198000.0,0.0192369368789993
2019-01-02,31.59,31.67,30.4,30.57,1326055.0,40979524.0,62198000.0,0.0213198977459082
2019-01-03,30.77,30.77,29.0,29.05,1524443.0,45246036.0,62198000.0,0.0245095179909321
2019-01-04,28.7,29.82,28.5,29.76,947165.0,27822103.0,62198000.0,0.0152282227724364
2019-01-07,29.79,30.41,29.78,30.27,1269493.0,38265818.0,62198000.0,0.0204105115920126
2019-01-08,30.26,30.46,29.9,30.12,670959.0,20260619.0,62198000.0,0.0107874690504517
2019-01-09,30.01,30.61,30.01,30.12,887682.0,26945845.0,62198000.0,0.0142718736936879
2019-01-10,30.06,30.12,29.14,29.72,877583.0,26011997.0,62198000.0,0.0141095051287822
2019-01-11,29.57,29.96,29.46,29.7,595800.0,17673540.0,62198000.0,0.009579086144249
2019-01-14,29.7,29.86,28.79,28.86,1053129.0,30702196.0,62198000.0,0.0169318788385478
2019-01-15,28.87,29.8,28.76,29.74,957977.0,28148743.0,62198000.0,0.0154020547284478
2019-01-16,29.74,31.57,29.55,31.14,2288869.0,70510170.0,62198000.0,0.0367997202482394
2019-01-17,31.0,31.19,30.4,30.55,966300.0,29789504.0,62198000.0,0.0155358693205569
2019-01-18,30.55,31.13,30.34,30.93,873891.0,26935367.0,62198000.0,0.0140501463069552
2019-01-21,30.94,31.88,30.93,31.42,1311499.0,41298693.0,62198000.0,0.0210858709283256
2019-01-22,31.42,31.77,30.58,30.85,779091.0,24100598.0,62198000.0,0.0125259815428148
2019-01-23,30.7,31.13,30.63,31.0,699747.0,21647594.0,62198000.0,0.011250313514904
2019-01-24,31.0,31.47,30.7,31.42,906195.0,28263018.0,62198000.0,0.0145695199202546
2019-01-25,31.4,32.14,31.09,31.77,1335740.0,42518499.0,62198000.0,0.0214756101482362
2019-01-28,31.89,32.1,31.46,31.93,1034209.0,32958161.0,62198000.0,0.0166276889932152
2019-01-29,31.62,31.99,31.1,31.23,655600.0,20568709.0,62198000.0,0.0105405318498987
2019-01-30,31.57,32.57,31.23,31.42,1276206.0,40675483.0,62198000.0,0.0205184411074311
2019-01-31,31.41,31.41,30.0,30.2,1645160.0,50424141.0,62198000.0,0.0264503681790411
2019-02-01,30.45,33.22,30.34,33.22,2848936.0,92227256.0,62198000.0,0.0458043023891443
2019-02-11,34.0,36.39,33.9,35.44,5133333.0,179922483.0,62198000.0,0.0825321232193961
2019-02-12,35.41,36.12,34.96,35.59,2949162.0,104886460.0,62198000.0,0.0474157046850381
2019-02-13,35.62,37.88,35.2,36.6,4025121.0,147477255.0,62198000.0,0.0647146371265957
2019-02-14,36.57,37.57,36.02,37.42,3413312.0,125584137.0,62198000.0,0.054878163284993
2019-02-15,37.2,37.4,36.73,37.2,1600400.0,59255405.0,62198000.0,0.0257307308916685
2019-02-18,37.39,39.15,36.78,38.4,3197010.0,120345368.0,62198000.0,0.0514005273481462
2019-02-19,38.3,38.49,37.1,37.63,1961600.0,74248073.0,62198000.0,0.0315379915752918
2019-02-20,37.63,37.92,36.53,37.5,2005034.0,74500064.0,62198000.0,0.0322363098491912
2019-02-21,37.09,37.77,36.72,36.87,1640400.0,61122009.0,62198000.0,0.0263738383870864
2019-02-22,36.84,37.73,36.51,37.44,1790564.0,66847105.0,62198000.0,0.0287881282356345
2019-02-25,37.88,40.8,37.83,40.47,3371182.0,133538947.0,62198000.0,0.0542008103154442
2019-02-26,41.6,44.3,41.6,42.65,4678159.0,200177634.0,62198000.0,0.0752139779414129
2019-02-27,42.18,43.9,40.8,41.47,3102778.0,131795588.0,62198000.0,0.0498854947104408
2019-02-28,42.0,45.62,42.0,43.31,3896016.0,170471554.0,62198000.0,0.0626389272966976
2019-03-01,43.7,43.99,41.84,43.05,2649901.0,112526434.0,62198000.0,0.042604279880382
2019-03-04,43.59,46.09,43.0,44.36,3633029.0,162746740.0,62198000.0,0.0584107045242612
2019-03-05,44.0,45.37,43.9,45.2,1825136.0,82021124.0,62198000.0,0.0293439660439242
2019-03-06,45.39,46.48,44.21,45.6,2745659.0,124742487.0,62198000.0,0.0441438470690375
2019-03-07,45.98,46.0,43.37,44.44,2848341.0,126616206.0,62198000.0,0.04579473616515
2019-03-08,43.23,44.55,42.5,42.5,2885848.0,125702459.0,62198000.0,0.0463977619859159
2019-03-11,42.65,46.11,42.65,45.98,3525919.0,158656876.0,62198000.0,0.056688623428406
2019-03-12,46.1,46.1,44.55,45.0,3766051.0,169758798.0,62198000.0,0.060549390655648
2019-03-13,44.99,45.7,43.65,44.0,2170356.0,96944427.0,62198000.0,0.034894305283128
2019-03-14,44.15,45.23,43.0,44.0,2709495.0,120649697.0,62198000.0,0.0435624135824303
2019-03-15,44.06,46.99,44.0,45.8,3192625.0,146752024.0,62198000.0,0.051330026688961
2019-03-18,45.78,46.85,44.65,46.29,2922722.0,134034799.0,62198000.0,0.0469906106305669
2019-03-19,46.59,47.26,44.8,45.53,2487889.0,113933699.0,62198000.0,0.039999501591691
2019-03-20,45.5,45.54,44.26,44.81,1853981.0,83079268.0,62198000.0,0.0298077269365574
2019-03-21,44.79,45.45,44.45,44.8,1505442.0,67751748.0,62198000.0,0.0242040258529213
2019-03-22,44.78,46.53,44.2,46.29,2818149.0,127898667.0,62198000.0,0.0453093186276086
2019-03-25,45.59,45.72,43.56,43.68,3094786.0,137806010.0,62198000.0,0.0497570018328563
2019-03-26,43.69,44.56,43.05,43.25,1255129.0,54929001.0,62198000.0,0.020179571690408
2019-03-27,43.6,44.1,42.71,43.63,1074798.0,46671068.0,62198000.0,0.0172802662465031
2019-03-28,43.55,43.55,40.88,41.68,2935329.0,123746648.0,62198000.0,0.0471933020354352
2019-03-29,41.69,43.66,41.69,43.6,2260145.0,97090091.0,62198000.0,0.0363379047557799
2019-04-01,44.35,45.35,44.0,44.58,1997701.0,88925784.0,62198000.0,0.0321184121675938
2019-04-02,45.1,45.48,44.1,44.39,1784027.0,79685475.0,62198000.0,0.0286830283931959
2019-04-03,44.1,44.57,43.63,44.07,1493442.0,65715982.0,62198000.0,0.0240110936042959
2019-04-04,44.08,44.57,43.15,43.73,1409446.0,61734561.0,62198000.0,0.0226606321746679
2019-04-08,43.5,44.6,42.0,42.53,2135301.0,92173924.0,62198000.0,0.0343307019518312
2019-04-09,42.74,44.2,41.75,43.17,1940772.0,83713103.0,62198000.0,0.0312031255024277
2019-04-10,43.13,44.79,42.69,44.25,2598113.0,114965611.0,62198000.0,0.0417716486060645
2019-04-11,44.0,44.79,42.01,42.31,2300623.0,98324030.0,62198000.0,0.036988697385768
2019-04-12,42.27,42.74,41.3,42.21,1126795.0,47404033.0,62198000.0,0.0181162577574841
2019-04-15,42.81,43.18,39.8,39.95,4929071.0,201604683.0,62198000.0,0.07924806263867
2019-04-16,39.76,39.95,38.11,39.91,3715111.0,145003927.0,62198000.0,0.0597303932602334
2019-04-17,39.99,41.29,39.99,40.76,2361922.0,96261559.0,62198000.0,0.0379742435448085
2019-04-18,41.23,42.6,40.4,40.78,1912167.0,78864441.0,62198000.0,0.030743223254767
2019-04-19,42.3,42.33,40.58,41.35,1734080.0,71600099.0,62198000.0,0.027879996141355
2019-04-22,40.7,40.94,39.8,40.02,1583312.0,63830021.0,62198000.0,0.025455995369626
2019-04-23,40.02,40.17,38.8,39.25,1432279.0,56320183.0,62198000.0,0.0230277340107398
2019-04-24,39.3,39.93,38.58,39.25,1523732.0,59641227.0,62198000.0,0.0244980867552011
2019-04-25,39.25,39.48,38.2,38.25,1461203.0,56705555.0,62198000.0,0.0234927650406765
2019-04-26,38.1,38.47,37.3,37.39,1314400.0,49629232.0,62198000.0,0.0211325122994308
2019-04-29,37.39,38.48,37.23,37.7,1203450.0,45443587.0,62198000.0,0.0193486928840155
2019-04-30,38.39,38.39,37.68,38.1,1455013.0,55319319.0,62198000.0,0.0233932441557606
2019-05-06,37.02,37.4,34.29,34.3,2314467.0,81984133.0,62198000.0,0.0372112768899321
2019-05-07,34.56,35.25,34.02,34.76,1247934.0,43373158.0,62198000.0,0.0200638927296697
2019-05-08,34.55,35.76,33.71,35.03,1257110.0,44038880.0,62198000.0,0.0202114215891186
2019-05-09,34.71,35.65,34.2,35.1,981501.0,34554563.0,62198000.0,0.0157802662465031
2019-05-10,35.51,36.2,34.68,35.95,1704513.0,60875204.0,62198000.0,0.0274046271584295
2019-05-13,35.5,37.2,35.3,36.59,1917800.0,70452955.0,62198000.0,0.0308337888678092
2019-05-14,35.18,36.45,35.18,35.75,1300456.0,46594105.0,62198000.0,0.0209083250265281
2019-05-15,35.79,36.39,35.45,35.75,1683199.0,60298642.0,62198000.0,0.0270619473294961
2019-05-16,35.97,35.97,35.01,35.47,1408361.0,49785492.0,62198000.0,0.0226431878838547
2019-05-17,35.5,36.16,34.5,34.72,1489210.0,52823283.0,62198000.0,0.0239430528312807
2019-05-20,34.5,34.95,33.72,34.58,1156092.0,39732803.0,62198000.0,0.0185872857648155
2019-05-21,34.87,35.96,34.2,35.37,1587801.0,56012740.0,62198000.0,0.0255281681082993
2019-05-22,35.38,35.8,34.51,34.81,886477.0,30853257.0,62198000.0,0.0142525000803884
2019-05-23,34.56,34.73,33.72,33.8,1024791.0,34800919.0,62198000.0,0.016476269333419
2019-05-24,33.49,34.17,33.43,33.85,699198.0,23681013.0,62198000.0,0.0112414868645294
2019-05-27,33.77,35.6,33.77,35.31,1743299.0,60756399.0,62198000.0,0.0280282163413614
2019-05-28,35.18,36.12,35.17,35.4,1099895.0,39228173.0,62198000.0,0.0176837679668156
2019-05-29,35.4,35.99,35.25,35.49,952190.0,34052958.0,62198000.0,0.0153090131515482
2019-05-30,35.53,35.65,34.87,35.22,664300.0,23339758.0,62198000.0,0.010680407730152
2019-05-31,35.0,36.08,35.0,35.3,754501.0,26799514.0,62198000.0,0.0121306312100067
2019-06-03,35.55,35.79,34.71,35.07,694065.0,24359352.0,62198000.0,0.0111589600951799
2019-06-04,35.0,35.0,34.0,34.15,847751.0,29210961.0,62198000.0,0.0136298755586996
2019-06-05,34.5,34.86,34.03,34.25,573839.0,19761643.0,62198000.0,0.0092260040515772
2019-06-06,33.99,34.29,32.86,32.86,1018300.0,33928032.0,62198000.0,0.0163719090646001
2019-06-10,33.0,33.38,32.85,33.13,625900.0,20720287.0,62198000.0,0.0100630245345509
2019-06-11,33.28,34.45,32.8,34.34,1050700.0,35517203.0,62198000.0,0.0168928261358886
2019-06-12,34.34,34.82,33.98,34.2,698313.0,23976476.0,62198000.0,0.0112272581111932
2019-06-13,34.05,34.6,33.86,34.44,838408.0,28718664.0,62198000.0,0.0134796617254574
2019-06-14,34.72,34.72,33.82,33.92,728735.0,24863571.0,62198000.0,0.0117163735168333
2019-06-17,33.92,34.27,32.85,33.43,1052887.0,35218913.0,62198000.0,0.0169279880382005
2019-06-18,33.9,34.2,33.46,33.84,705722.0,23885971.0,62198000.0,0.011346377697032
2019-06-19,34.42,34.85,34.3,34.35,952734.0,32858887.0,62198000.0,0.0153177594134859
2019-06-20,34.36,35.17,33.88,35.1,1280139.0,44507907.0,62198000.0,0.020581674651918
2019-06-21,35.0,35.6,35.0,35.54,1306429.0,46244700.0,62198000.0,0.0210043570532814
2019-06-24,35.6,35.63,34.95,35.26,876237.0,30829286.0,62198000.0,0.0140878645615614
2019-06-25,35.18,35.22,34.0,34.5,927059.0,31906287.0,62198000.0,0.0149049647898646
2019-06-26,34.5,35.96,34.19,35.7,1830804.0,64972150.0,62198000.0,0.0294350943760249
2019-06-27,35.99,36.0,35.24,35.4,1306900.0,46449016.0,62198000.0,0.02101192964404
2019-06-28,35.1,35.81,34.9,35.66,1232400.0,43580894.0,62198000.0,0.0198141419338242
2019-07-01,36.2,38.8,36.01,38.15,3408806.0,126633283.0,62093675.0,0.0548977975615068
2019-07-02,37.45,38.11,37.41,37.69,2056893.0,77543623.0,62093675.0,0.0331256444396309
2019-07-03,37.71,37.71,36.81,37.08,1464030.0,54237286.0,62093675.0,0.0235777637577418
2019-07-04,36.95,38.8,36.83,37.17,1320551.0,49188848.0,62093675.0,0.0212670775244016
2019-07-05,37.3,37.55,36.61,36.83,967138.0,35708371.0,62093675.0,0.0155754672275396
2019-07-08,36.76,36.82,35.09,35.47,1511796.0,53995330.0,62093675.0,0.0243470208519627
2019-07-09,35.4,35.77,35.1,35.44,880207.0,31134208.0,62093675.0,0.0141754695627211
2019-07-10,35.52,35.91,34.62,34.81,1152490.0,40502742.0,62093675.0,0.0185605055587384
2019-07-11,35.03,35.94,34.99,35.21,1400600.0,49646396.0,62093675.0,0.0225562426446816
2019-07-12,35.01,35.57,34.85,35.12,908441.0,31951462.0,62093675.0,0.014630169658987
2019-07-15,35.25,35.29,34.0,34.73,1509577.0,52268073.0,62093675.0,0.0243112845229405
2019-07-16,34.94,35.48,34.74,35.04,1222900.0,42975654.0,62093675.0,0.0196944374769249
2019-07-17,34.95,35.18,34.46,35.03,1406621.0,49123369.0,62093675.0,0.0226532090426279
2019-07-18,34.69,34.69,33.52,33.56,1655577.0,55943586.0,62093675.0,0.0266625707046651
2019-07-19,33.57,34.06,33.57,33.8,733421.0,24833500.0,62093675.0,0.0118115250868949
2019-07-22,33.88,34.18,33.13,33.27,840375.0,28111862.0,62093675.0,0.013533987157307
2019-07-23,33.2,33.53,32.98,33.42,721577.0,23987019.0,62093675.0,0.0116207810215774
2019-07-24,33.39,34.12,33.39,33.89,952801.0,32286381.0,62093675.0,0.0153445741454342
2019-07-25,34.1,34.1,33.64,33.82,857200.0,28972660.0,62093675.0,0.013804948732701
2019-07-26,33.93,33.93,33.16,33.26,1092744.0,36476871.0,62093675.0,0.0175983141600171
2019-07-29,33.26,33.68,33.13,33.68,735100.0,24606771.0,62093675.0,0.0118385648779847
2019-07-30,33.66,34.0,33.51,33.79,1165367.0,39393275.0,62093675.0,0.0187678857790266
2019-07-31,33.8,33.8,33.27,33.28,748284.0,24983768.0,62093675.0,0.0120508892411344
2019-08-01,33.2,33.5,32.92,33.13,718600.0,23809037.0,62093675.0,0.0115728373300501
2019-08-02,32.3,32.38,31.65,31.89,1473808.0,47093443.0,62093675.0,0.0237352355131178
2019-08-05,31.82,32.25,30.72,30.8,1437910.0,45218841.0,62093675.0,0.0231571089970113
2019-08-06,30.1,30.5,29.24,29.94,1605773.0,48011286.0,62093675.0,0.0258604922320993
2019-08-07,30.1,30.21,29.5,29.67,916880.0,27358833.0,62093675.0,0.0147660772212306
2019-08-08,29.7,30.56,29.7,30.47,1193470.0,36273865.0,62093675.0,0.0192204761596088
2019-08-09,30.5,31.42,30.2,30.28,1774303.0,54652027.0,62093675.0,0.0285746173020037
2019-08-12,30.62,30.95,30.02,30.82,992300.0,30358394.0,62093675.0,0.01598069368579
2019-08-13,30.68,30.71,30.07,30.15,826610.0,25043962.0,62093675.0,0.0133123059635301
2019-08-14,30.4,30.96,30.3,30.44,1039000.0,31763486.0,151095675.0,0.0068764377272876
2019-08-15,29.71,33.19,29.71,32.48,4237155.0,136042531.0,151095675.0,0.0280428609223923
2019-08-16,32.52,32.92,31.93,32.54,2785517.0,90397661.0,230742750.0,0.0120719589239531
2019-08-19,32.57,33.9,32.47,33.55,3273675.0,109248341.0,230742750.0,0.0141875530217092
2019-08-20,33.5,34.19,33.35,33.83,2518500.0,85076390.0,230742750.0,0.0109147524678456
2019-08-21,33.56,34.02,33.08,33.31,2113510.0,70755964.0,230742750.0,0.0091595943967903
2019-08-22,33.48,33.75,33.0,33.5,1799000.0,60124544.0,230742750.0,0.0077965613220783
2019-08-23,32.58,33.38,32.51,33.08,3730338.0,123133937.0,230742750.0,0.0161666531234459
2019-08-26,32.43,33.4,32.39,32.74,1992622.0,65433898.0,230742750.0,0.0086356862783337
2019-08-27,32.92,33.83,32.92,33.38,3074040.0,102626039.0,230742750.0,0.0133223687418131
2019-08-28,33.48,33.48,32.55,32.89,2110703.0,69360907.0,230742750.0,0.0091474293341827
2019-08-29,33.13,33.13,31.91,32.06,2445500.0,78732510.0,230742750.0,0.0105983828310965
2019-08-30,32.22,32.95,32.19,32.33,2571700.0,83896891.0,230742750.0,0.0111453122579149
2019-09-02,32.24,33.74,32.06,33.54,4031416.0,133937714.0,230742750.0,0.017471474184996
2019-09-03,33.64,33.77,32.92,33.14,4187972.0,138918209.0,230742750.0,0.0181499613747344
2019-09-04,33.2,35.3,33.08,34.99,8019405.0,274355739.0,230742750.0,0.0347547431067715
2019-09-05,34.86,35.19,34.38,34.45,7468865.0,259881435.0,230742750.0,0.032368795986006
2019-09-06,34.58,34.65,34.01,34.06,5406300.0,185080269.0,230742750.0,0.0234299885911908
2019-09-09,34.2,34.75,34.0,34.7,4587317.0,157605629.0,230742750.0,0.0198806549718246
2019-09-10,34.7,35.0,34.25,34.7,4109745.0,142439345.0,230742750.0,0.0178109388052279
2019-09-11,34.88,35.3,34.22,34.24,3541523.0,122435818.0,230742750.0,0.0153483608910789
2019-09-12,34.27,34.53,33.88,34.3,2197411.0,75100175.0,230742750.0,0.0095232071213505
2019-09-16,34.45,34.82,33.99,34.14,2833600.0,97262458.0,230742750.0,0.0122803425026355
2019-09-17,34.22,34.22,32.75,32.93,3308900.0,110333894.0,230742750.0,0.0143402122060173
2019-09-18,32.98,33.18,32.83,32.86,1542658.0,50899484.0,230742750.0,0.0066856185080571
2019-09-19,32.86,32.99,32.1,32.87,1822100.0,59639432.0,230742750.0,0.0078966728098715
2019-09-20,32.84,33.29,32.37,32.99,2959410.0,97115227.0,230742750.0,0.0128255817355041
2019-09-23,32.96,32.96,32.37,32.52,2085344.0,67890966.0,230742750.0,0.0090375277229728
2019-09-24,33.1,34.35,32.89,33.29,5595976.0,188181461.0,230742750.0,0.0242520122517392
2019-09-25,32.78,32.78,31.9,31.9,3733544.0,119894407.0,230742750.0,0.016180547384479
2019-09-26,31.86,31.98,30.58,30.79,2922800.0,90682446.0,230742750.0,0.0126669201957591
2019-09-27,30.86,31.15,30.74,30.91,1237583.0,38302200.0,230742750.0,0.0053634751254373
2019-09-30,31.1,31.32,30.8,30.91,1119690.0,34720568.0,230742750.0,0.0048525468297487
2019-10-08,31.1,31.86,31.06,31.4,1455260.0,45882063.0,230742750.0,0.0063068503777475
2019-10-09,31.21,31.54,31.08,31.5,968700.0,30368258.0,230742750.0,0.0041981817413548
2019-10-10,31.48,31.68,31.33,31.62,1428901.0,45042347.0,230742750.0,0.0061926149358972
2019-10-11,31.7,31.7,31.21,31.5,1159250.0,36485682.0,230742750.0,0.0050239931698829
2019-10-14,31.79,32.32,31.72,31.93,2042650.0,65433846.0,230742750.0,0.0088524991576116
2019-10-15,31.8,31.8,30.86,30.9,2059655.0,64324244.0,230742750.0,0.0089261959476516
2019-10-16,30.9,31.75,30.89,31.34,1453600.0,45591929.0,230742750.0,0.0062996562188844
2019-10-17,31.36,31.5,30.91,31.1,1108190.0,34431611.0,230742750.0,0.0048027077773841
2019-10-18,31.23,31.32,30.5,30.68,1306200.0,40450311.0,230742750.0,0.0056608495824895
2019-10-21,30.7,31.88,30.65,31.74,2165900.0,67750393.0,230742750.0,0.0093866437840408
2019-10-22,31.6,31.8,31.37,31.78,1439491.0,45496665.0,230742750.0,0.006238510202379
2019-10-23,31.78,31.96,31.39,31.47,961600.0,30334313.0,230742750.0,0.0041674115438079
2019-10-24,31.4,31.68,31.0,31.15,846441.0,26463656.0,230742750.0,0.0036683319410902
2019-10-25,31.37,31.44,30.88,31.2,700100.0,21793728.0,230742750.0,0.0030341148313435
2019-10-28,31.05,31.63,31.0,31.59,1795283.0,56291948.0,230742750.0,0.007780452473588
2019-10-29,31.7,31.7,30.89,30.89,1593900.0,49494079.0,230742750.0,0.0069076926577324
2019-10-30,30.65,30.86,29.81,29.99,1919317.0,57740516.0,230742750.0,0.0083179948232393
2019-10-31,30.38,32.15,30.38,30.87,3959106.0,124009434.0,230742750.0,0.0171580948913887
2019-11-01,30.4,31.9,30.34,31.71,3374497.0,105760709.0,230742750.0,0.0146244984945355
2019-11-04,31.85,34.88,31.85,34.25,12526576.0,425004975.0,230742750.0,0.0542880588880907
2019-11-05,34.34,34.95,34.01,34.85,7881332.0,271905634.0,230742750.0,0.0341563581087596
2019-11-06,34.83,34.83,34.19,34.69,4521652.0,156126762.0,230742750.0,0.0195960739828228
2019-11-07,34.67,35.19,34.22,34.6,3933014.0,136150217.0,230742750.0,0.0170450165823194
2019-11-08,34.85,35.28,34.42,34.71,4280318.0,148904297.0,230742750.0,0.0185501732990527
2019-11-11,34.08,34.65,33.32,33.84,4147169.0,141328714.0,230742750.0,0.0179731280831142
2019-11-12,34.03,34.59,33.58,34.3,3573826.0,122134716.0,230742750.0,0.0154883566222557
2019-11-13,34.27,35.29,33.91,34.5,5116791.0,177452506.0,230742750.0,0.0221753056163194
2019-11-14,34.48,37.09,34.46,36.18,8729008.0,315031262.0,230742750.0,0.0378300423306907
2019-11-15,36.01,37.05,35.71,36.5,6399789.0,233502447.0,230742750.0,0.0277356016602905
2019-11-18,36.55,36.88,35.78,36.71,5212832.0,189684925.0,230742750.0,0.022591531044854
2019-11-19,36.5,37.88,36.43,37.13,5557871.0,207079079.0,230742750.0,0.0240868716351868
2019-11-20,37.14,37.43,36.46,36.81,4136315.0,152501139.0,230742750.0,0.0179260886853433
2019-11-21,37.65,37.88,36.83,37.73,6063921.0,226799394.0,230742750.0,0.0262800066307608
2019-11-22,37.55,38.44,36.06,36.68,6142020.0,228050727.0,230742750.0,0.0266184744699454
2019-11-25,36.68,36.7,35.43,36.09,4296762.0,154782965.0,230742750.0,0.0186214388101034
2019-11-26,36.15,36.73,35.69,36.1,2998017.0,108197684.0,230742750.0,0.012992897935038
2019-11-27,35.78,37.24,35.56,36.3,3876302.0,141569306.0,230742750.0,0.0167992363790411
2019-11-28,36.01,36.58,35.43,35.62,3583075.0,128273169.0,230742750.0,0.0155284402218487
2019-11-29,35.59,36.16,34.3,34.91,4766480.0,166691614.0,230742750.0,0.0206571170708505
2019-12-02,34.83,35.12,34.2,34.39,2521600.0,87225441.0,230742750.0,0.0109281873428309
2019-12-03,34.11,34.33,33.76,34.16,2657834.0,90420371.0,230742750.0,0.011518602426295
2019-12-04,34.0,34.54,33.73,34.28,2637253.0,90043594.0,230742750.0,0.011429407857885
2019-12-05,34.32,35.0,34.02,34.93,3371401.0,116615120.0,230742750.0,0.0146110809548729
2019-12-06,34.71,34.94,34.33,34.73,2479591.0,85863227.0,230742750.0,0.0107461274514583
2019-12-09,34.73,34.85,33.95,34.17,2708252.0,92635571.0,230742750.0,0.0117371054995227
2019-12-10,34.2,35.28,33.83,35.23,4658044.0,162378257.0,230742750.0,0.0201871738115282
2019-12-11,35.25,35.9,35.01,35.02,4230193.0,149844979.0,230742750.0,0.0183329400382027
2019-12-12,34.84,34.97,34.33,34.58,3552740.0,122834991.0,230742750.0,0.0153969734693722
2019-12-13,34.73,35.15,34.4,35.03,3617000.0,125598502.0,230510250.0,0.0156912762013836
2019-12-16,35.21,36.18,35.06,36.08,6291769.0,224734827.0,230510250.0,0.0272949641068021
2019-12-17,36.0,36.26,35.52,36.01,3944121.0,141618375.0,230510250.0,0.0171103931386999
2019-12-18,36.0,36.64,35.8,36.25,4117771.0,148756219.0,230510250.0,0.0178637218952302
2019-12-19,35.92,37.65,35.69,37.06,6274045.0,230101215.0,230510250.0,0.027218073816674
2019-12-20,36.7,37.32,36.15,36.51,4766860.0,174632760.0,230510250.0,0.020679601015573
2019-12-23,36.2,36.97,36.02,36.6,3220135.0,117602761.0,230510250.0,0.0139695957121212
2019-12-24,36.62,37.48,36.05,36.54,3560044.0,130404542.0,230510250.0,0.0154441895750839
2019-12-25,36.12,36.46,35.91,36.23,2125339.0,76953064.0,230510250.0,0.0092201496462738
2019-12-26,36.04,36.22,35.32,35.59,3638291.0,129527462.0,230510250.0,0.0157836408576191
2019-12-27,35.55,35.88,35.0,35.22,3291696.0,116471049.0,230510250.0,0.0142800417768841
2019-12-30,34.94,35.6,34.35,35.38,2424222.0,85166540.0,230510250.0,0.0105167644388915
2019-12-31,35.41,36.97,35.31,36.6,5584969.0,203396643.0,230510250.0,0.0242287230177399
2020-01-02,36.69,37.26,36.5,37.15,4579591.0,169138139.0,230510250.0,0.0198671902876336
2020-01-03,37.3,37.34,36.63,36.86,3834885.0,141813079.0,230510250.0,0.0166365053180932
2020-01-06,36.8,37.65,36.51,37.07,3895181.0,145049161.0,230510250.0,0.0168980815386734
2020-01-07,37.05,39.3,37.05,38.96,6595504.0,254616530.0,230510250.0,0.0286126278549435
2020-01-08,38.51,38.81,37.82,38.05,4799872.0,184065420.0,230510250.0,0.0208228137360486
2020-01-09,38.69,39.58,38.28,38.67,4823704.0,186730583.0,230510250.0,0.0209262017632621
2020-01-10,38.68,39.88,38.51,39.32,4462002.0,175428886.0,230510250.0,0.01935706546672
2020-01-13,39.0,39.77,38.2,39.77,4284925.0,167130817.0,230510250.0,0.0185888696923455
2020-01-14,39.98,40.73,39.1,40.42,5515057.0,219765840.0,230510250.0,0.0239254306478779
2020-01-15,40.14,42.12,40.01,41.33,6292084.0,260111836.0,230510250.0,0.0272963306403945
2020-01-16,41.28,42.12,40.93,41.13,4013643.0,166245684.0,230510250.0,0.0174119936098286
2020-01-17,41.35,42.64,40.96,41.52,4315500.0,180373807.0,230510250.0,0.0187215102148386
2020-01-20,42.46,43.37,40.05,42.11,6187254.0,258822771.0,230510250.0,0.0268415569372728
2020-01-21,42.19,43.95,41.88,43.1,6344626.0,273444992.0,230510250.0,0.0275242684435941
2020-01-22,43.14,43.15,41.41,42.09,6077159.0,256272502.0,230510250.0,0.0263639426012509
2020-01-23,42.1,42.7,39.73,40.8,5844444.0,239652754.0,230510250.0,0.0253543779506551
2020-02-03,36.75,41.88,36.75,38.69,6747015.0,263017115.0,230510250.0,0.0292699131600438
2020-02-04,39.21,40.88,37.85,39.62,6723957.0,268262227.0,230510250.0,0.0291698829010857
2020-02-05,39.9,41.33,39.4,41.31,7113812.0,287899746.0,230510250.0,0.0308611525951665
2020-02-06,41.65,43.06,41.21,41.51,8337636.0,350166277.0,230510250.0,0.0361703481732374
2020-02-07,41.01,41.47,39.5,40.32,6652900.0,269747998.0,230510250.0,0.0288616232900706
2020-02-10,41.34,41.98,40.01,40.66,4227944.0,172486494.0,230510250.0,0.0183416746109988
2020-02-11,40.25,40.7,39.31,39.85,3821118.0,152524240.0,230510250.0,0.0165767812928058
2020-02-12,39.79,41.0,39.69,40.92,3907752.0,158084929.0,230510250.0,0.0169526170745118
2020-02-13,40.95,41.14,39.61,39.91,3371397.0,135026396.0,230510250.0,0.0146258008049533
2020-02-14,39.66,41.65,39.66,40.4,4420740.0,180469724.0,230510250.0,0.0191780625807312
2020-02-17,40.61,41.14,40.22,40.6,5279844.0,214214188.0,230510250.0,0.0229050291689848
2020-02-18,40.53,40.89,39.9,40.85,4927327.0,198541435.0,230510250.0,0.0213757392567141
2020-02-19,40.5,40.66,39.18,39.18,4407925.0,175534353.0,230510250.0,0.0191224685236339
2020-02-20,39.15,39.72,38.63,38.94,4633961.0,180471542.0,230510250.0,0.0201030583238706
2020-02-21,38.95,39.75,38.89,39.18,4429926.0,173776636.0,230510250.0,0.0192179133032045
2020-02-24,39.29,39.88,38.92,39.73,4941711.0,195357792.0,230510250.0,0.0214381399525617
2020-02-25,39.1,40.65,38.91,40.13,5785790.0,230916030.0,230510250.0,0.0250999250575625
2020-02-26,39.29,39.8,38.69,38.92,4437501.0,173977766.0,230510250.0,0.0192507751824485
2020-02-27,39.05,39.39,38.44,38.75,2929060.0,113734453.0,230510250.0,0.0127068535997856
2020-02-28,38.0,39.18,36.7,37.02,4291360.0,162362508.0,230510250.0,0.0186167860214459
2020-03-02,37.1,37.99,37.1,37.61,2896532.0,108494747.0,230510250.0,0.0125657405690202
2020-03-03,38.1,40.27,37.89,39.95,7486893.0,295615492.0,230510250.0,0.0324796532909057
2020-03-04,39.9,40.85,39.6,40.49,4815101.0,193950140.0,230510250.0,0.0208888802124851
2020-03-05,40.49,41.86,40.29,41.55,7569435.0,311616837.0,230510250.0,0.0328377371505171
2020-03-06,41.0,42.97,41.0,42.44,5863687.0,247633583.0,230510250.0,0.0254378579694395
2020-03-09,42.2,46.55,41.9,45.0,12572857.0,559623327.0,230510250.0,0.0545435918793199
2020-03-10,48.13,49.5,42.86,48.8,17613269.0,825770131.0,230510250.0,0.0764099166956784
2020-03-11,48.0,51.4,47.1,48.4,11190605.0,549525291.0,230510250.0,0.048547103653742
2020-03-12,47.01,49.5,46.01,46.5,7441602.0,352002078.0,230510250.0,0.0322831717895408
2020-03-13,42.65,45.98,42.33,44.77,7349202.0,325843716.0,230510250.0,0.0318823219357924
2020-03-16,45.46,46.29,40.29,40.48,9184889.0,395827117.0,230510250.0,0.0398459027310065
2020-03-17,40.57,41.5,37.6,38.15,9314744.0,360608553.0,230510250.0,0.040409239936185
2020-03-18,38.79,40.44,38.02,38.41,7367915.0,289503045.0,230510250.0,0.0319635027075802
2020-03-19,38.43,38.77,36.6,37.56,5392973.0,202285524.0,230510250.0,0.0233958056095119
2020-03-20,38.04,39.18,37.18,38.02,5336614.0,203567934.0,230510250.0,0.0231513088897348
2020-03-23,36.91,37.88,35.33,35.96,5555363.0,202612482.0,230510250.0,0.024100286212869
2020-03-24,36.9,36.9,35.12,36.09,3921500.0,141077930.0,230510250.0,0.0170122586739635
2020-03-25,37.01,38.38,36.43,37.9,4748116.0,178400128.0,230510250.0,0.0205982857595269
2020-03-26,37.91,39.7,37.51,39.18,5740595.0,224083413.0,230510250.0,0.0249038600235781
2020-03-27,39.36,39.82,37.66,37.99,5369665.0,205706550.0,230510250.0,0.0232946908000837
2020-03-30,37.21,37.22,35.3,35.88,4182397.0,150746526.0,230510250.0,0.0181440825299525
2020-03-31,36.3,36.39,35.4,35.6,2491054.0,89475024.0,230510250.0,0.010806695146962
2020-04-01,35.6,37.18,35.38,36.63,3565769.0,129651223.0,230510250.0,0.0154690257808492
2020-04-02,36.2,37.0,35.78,36.91,2308545.0,84172126.0,230510250.0,0.0100149342599732
2020-04-03,36.88,37.58,36.16,36.31,2047932.0,75442396.0,230510250.0,0.0088843424533182
2020-04-07,36.42,37.84,36.42,37.5,4522932.0,168613670.0,230510250.0,0.0196213921072924
2020-04-08,37.3,38.8,37.2,38.65,7284568.0,279346184.0,230510250.0,0.031601926595455
2020-04-09,39.58,42.52,39.08,42.52,8371134.0,347232603.0,230510250.0,0.0363156692598268
2020-04-10,43.16,44.6,41.55,41.8,11325259.0,486858919.0,230510250.0,0.0491312598897446
2020-04-13,42.28,42.32,40.43,41.01,5917332.0,243099690.0,230510250.0,0.0256705808093132
2020-04-14,40.11,41.2,38.8,40.79,6982691.0,280373822.0,230510250.0,0.0302923232264075
2020-04-15,39.78,44.5,39.58,43.05,10598982.0,454351177.0,230510250.0,0.0459805236426579
2020-04-16,42.68,46.6,42.15,45.4,11649395.0,524927806.0,230510250.0,0.0505374272944478
2020-04-17,45.31,48.48,44.46,44.49,12033436.0,553987805.0,230510250.0,0.0522034746827961
2020-04-20,45.6,48.8,45.57,48.38,7198882.0,343385288.0,230510250.0,0.0312302034291316
2020-04-21,47.45,48.21,45.92,46.5,5948887.0,279302569.0,230510250.0,0.025807472769649
2020-04-22,45.8,50.58,45.0,49.4,6710048.0,322167113.0,230510250.0,0.0291095428511313
2020-04-23,50.45,52.5,47.7,49.46,6327148.0,316346372.0,230510250.0,0.0274484453511286
2020-04-24,48.35,49.25,46.8,47.3,5925875.0,282650989.0,230510250.0,0.0257076420679774
2020-04-27,47.08,49.0,45.44,47.88,4306461.0,204990068.0,230510250.0,0.0186822972080417
2020-04-28,47.56,48.48,45.09,46.75,3919879.0,183556414.0,230510250.0,0.0170052264487154
2020-04-29,46.61,48.88,46.18,46.3,3368161.0,159642152.0,230510250.0,0.0146117623836684
2020-04-30,47.25,47.25,44.37,44.41,6143429.0,276089619.0,230510250.0,0.0266514352398646
2020-05-06,44.42,46.88,43.96,46.7,4222765.0,193704253.0,230510250.0,0.0183192070634603
2020-05-07,46.5,46.5,45.5,46.15,3180156.0,146182440.0,230510250.0,0.013796158739145
2020-05-08,46.2,47.97,46.0,46.2,3171104.0,148190647.0,230510250.0,0.0137568893357236
2020-05-11,46.0,47.48,45.0,45.27,3264417.0,148907481.0,230510250.0,0.0141616999677888
2020-05-12,45.06,46.21,44.5,45.9,2744369.0,124655905.0,230510250.0,0.0119056267562939
2020-05-13,46.25,47.48,45.47,46.98,3686070.0,171476639.0,230510250.0,0.0159909158052624
2020-05-14,46.6,46.6,45.0,45.15,3284371.0,149610421.0,230510250.0,0.0142482644481102
2020-05-15,45.0,47.25,44.84,46.97,4349315.0,200335784.0,230510250.0,0.0188682065114241
2020-05-18,46.88,49.28,46.29,47.9,3650287.0,174883580.0,230510250.0,0.0158356819273763
2020-05-19,48.29,52.3,48.0,52.0,6115720.0,311922533.0,230510250.0,0.0265312280039607
2020-05-20,51.27,53.53,50.48,51.7,4812203.0,249525795.0,230510250.0,0.0208763081034357
2020-05-21,51.8,56.87,51.8,56.87,9583844.0,533609920.0,230510250.0,0.0415766500621989
2020-05-22,54.91,56.5,52.61,52.99,6788705.0,367500522.0,230510250.0,0.0294507727964374
2020-05-25,53.8,56.18,53.79,55.55,4584310.0,252105498.0,230510250.0,0.0198876622623072
2020-05-26,55.55,58.32,55.2,58.01,3942999.0,225214370.0,230510250.0,0.0171055256761901
2020-05-27,57.3,59.3,55.7,56.99,3353443.0,191493118.0,230510250.0,0.0145479127283927
2020-05-28,56.9,56.9,53.41,54.14,4583871.0,249364260.0,230510250.0,0.0198857577916817
2020-05-29,53.8,57.17,53.38,56.9,3289715.0,183793709.0,230510250.0,0.014271447798959
2020-06-01,57.39,58.8,56.01,57.4,3266302.0,187942630.0,230510250.0,0.0141698774783333
2020-06-02,57.79,57.8,54.0,55.47,3041293.0,168334406.0,230510250.0,0.0131937430114279
2020-06-03,55.48,56.47,54.62,55.55,1841425.0,102471046.0,230510250.0,0.0079884733976037
2020-06-04,55.55,58.01,55.35,56.3,2740099.0,154520927.0,230510250.0,0.0118871026342646
2020-06-05,56.3,58.5,56.3,58.04,3042902.0,175100814.0,230510250.0,0.0132007231782534
2020-06-08,57.88,60.12,55.65,57.4,3752872.0,215345098.0,230510250.0,0.0162807163672765
2020-06-09,56.99,61.2,56.05,60.99,3788642.0,223959235.0,230510250.0,0.0164358938485381
2020-06-10,61.5,61.88,59.9,60.8,2961690.0,180227397.0,230510250.0,0.0128484091271429
2020-06-11,60.77,61.19,58.2,58.95,2886760.0,172001341.0,230510250.0,0.012523347660245
2020-06-12,57.62,60.94,57.5,60.57,2988815.0,178521021.0,230510250.0,0.0129660828531486
2020-06-15,60.55,65.5,60.55,64.97,3941517.0,250987485.0,230510250.0,0.0170990964610033
2020-06-16,64.79,65.3,63.05,64.41,3764673.0,242086039.0,230510250.0,0.016331911487667
2020-06-17,64.82,67.8,64.23,65.25,3574835.0,235268445.0,230510250.0,0.0155083559190968
2020-06-18,65.24,65.24,61.0,61.91,4091366.0,254593485.0,230510250.0,0.0177491716745784
2020-06-19,62.02,64.58,61.21,63.65,3276825.0,207004895.0,230510250.0,0.0142155283767207
2020-06-22,63.89,65.5,62.71,63.55,2737925.0,175416128.0,230510250.0,0.0118776713833766
2020-06-23,64.35,64.5,62.05,63.1,4281278.0,269427599.0,230510250.0,0.0185730482700877
2020-06-24,63.38,63.38,60.0,61.0,5001736.0,305210361.0,230510250.0,0.0216985405204323
2020-06-29,61.55,61.73,60.14,60.5,1902200.0,115888542.0,230510250.0,0.0082521276168847
2020-06-30,61.4,63.66,58.67,59.74,5382600.0,327375731.0,230510250.0,0.0233508054414066
2020-07-01,59.56,60.03,55.65,57.7,6714985.0,386529532.0,230510250.0,0.0291309605538148
2020-07-02,57.78,58.41,56.0,56.7,5281173.0,302967122.0,230510250.0,0.0229107946392839
2020-07-03,57.49,58.15,56.02,57.2,4216709.0,241860512.0,230510250.0,0.0182929349128726
2020-07-06,57.7,57.7,54.11,57.02,6525702.0,366788743.0,230510250.0,0.0283098126872883
2020-07-07,57.2,59.23,56.59,58.42,6779401.0,394276568.0,230510250.0,0.0294104101661422
2020-07-08,58.42,58.42,56.4,56.78,6164592.0,350267302.0,230510250.0,0.0267432446062593
2020-07-09,56.9,59.96,55.91,58.7,7491790.0,435931031.0,230510250.0,0.032500897465514
2020-07-10,59.3,60.76,58.05,60.19,6980225.0,418556438.0,230510250.0,0.0302816252205704
2020-07-13,60.21,62.75,59.22,62.75,6661347.0,405140741.0,230510250.0,0.0288982680813543
2020-07-14,62.72,63.4,60.85,62.48,5461232.0,339315261.0,230510250.0,0.0236919269316657
2020-07-15,60.08,60.77,56.43,59.4,8814041.0,517467080.0,230510250.0,0.0382370892400663
2020-07-16,58.93,58.93,54.39,55.42,3668756.0,207984871.0,230510250.0,0.0159158041779053
2020-07-17,55.42,56.95,54.16,54.7,4805386.0,267482516.0,230510250.0,0.0208467345812171
2020-07-20,55.08,55.55,53.8,55.08,2683045.0,146679818.0,230510250.0,0.0116395908641806
2020-07-21,55.48,58.93,55.13,58.37,4575009.0,264828691.0,230510250.0,0.0198473126466176
2020-07-22,59.49,64.21,58.01,64.21,6755997.0,427269777.0,230510250.0,0.0293088788893335
2020-07-23,65.0,70.63,64.95,70.63,8744103.0,603440131.0,230510250.0,0.0379336840769553
2020-07-24,73.0,77.69,71.15,72.29,17166292.0,1284166531.0,230510250.0,0.0744708402337857
2020-07-27,72.29,75.0,70.01,72.3,9778299.0,713519098.0,230510250.0,0.0424202351088509
2020-07-28,72.99,77.0,71.01,75.03,7259259.0,540987863.0,230510250.0,0.0314921310440642
2020-07-29,75.06,82.53,74.3,82.53,4099651.0,326034552.0,230510250.0,0.0177851136771575
2020-07-30,86.6,90.78,83.36,90.78,7890226.0,704357913.0,230510250.0,0.0342293932699305
2020-07-31,92.54,98.0,86.68,89.8,12400964.0,1128283153.0,230510250.0,0.0537978853434934
2020-08-03,89.79,92.8,86.01,90.95,8755339.0,786542024.0,230510250.0,0.0379824281132834
2020-08-04,88.38,88.98,81.86,81.86,8063649.0,674236124.0,230510250.0,0.034981737254634
2020-08-05,79.68,82.93,77.24,82.4,5191569.0,420637539.0,230510250.0,0.0225220743979931
2020-08-06,80.46,82.77,74.26,77.0,8423245.0,649493267.0,230510250.0,0.036541737298016
2020-08-07,77.9,79.88,74.3,77.38,5530877.0,421798600.0,230510250.0,0.0239940610016257
2020-08-10,76.95,78.11,73.68,77.25,5089135.0,388230149.0,230510250.0,0.0220776950265769
2020-08-11,77.55,78.8,75.0,75.95,3773597.0,289984844.0,230510250.0,0.0163706256012476
2020-08-12,76.5,77.33,70.1,72.5,3933090.0,286158713.0,230510250.0,0.0170625384337572
2020-08-13,71.92,79.75,71.38,75.58,5852198.0,445421957.0,230510250.0,0.0253880163680356
2020-08-14,76.0,82.0,73.68,78.1,5224324.0,409701395.0,230510250.0,0.0226641722005854
2020-08-17,77.5,78.88,74.21,75.36,6422791.0,485429640.0,230510250.0,0.0278633639935751
2020-08-18,76.35,76.58,74.62,75.09,2849576.0,214465318.0,230510250.0,0.0123620359615244
2020-08-19,74.15,74.99,70.9,72.01,4919023.0,355909197.0,230510250.0,0.0213397148282993
2020-08-20,72.96,72.98,67.5,68.43,3688362.0,257030045.0,230510250.0,0.0160008589639723
2020-08-21,69.39,69.8,66.72,67.15,3555439.0,240763619.0,230510250.0,0.0154242121554247
2020-08-24,67.25,67.5,65.4,66.35,3426152.0,227421463.0,230510250.0,0.0148633390489143
2020-08-25,66.4,66.98,64.5,65.0,3831941.0,251382045.0,230510250.0,0.0166237336517573
2020-08-26,65.16,65.95,61.69,62.3,7200311.0,458883678.0,230510250.0,0.0312364027196187
2020-08-27,62.32,63.97,61.61,63.3,3970074.0,249016073.0,230510250.0,0.0172229824921017
2020-08-28,63.28,64.36,61.8,63.85,3563777.0,225200899.0,230510250.0,0.0154603840827034
2020-08-31,63.85,64.17,61.0,61.65,4725030.0,293458465.0,230510250.0,0.0204981340309161
2020-09-01,62.19,64.36,61.61,63.5,4644494.0,293038127.0,230510250.0,0.0201487526042768
2020-09-02,64.48,64.48,61.85,62.15,3694667.0,230966426.0,230510250.0,0.0160282113268282
2020-09-03,62.6,63.22,61.11,61.58,3846167.0,238307702.0,230510250.0,0.0166854489117078
2020-09-04,61.0,61.33,60.01,60.89,2506494.0,152114037.0,230510250.0,0.0108736769839952
2020-09-07,60.99,61.6,58.3,58.68,2924572.0,174320057.0,230510250.0,0.0126873837497464
2020-09-08,58.55,59.6,57.29,58.75,3180723.0,186055237.0,230510250.0,0.0137986184996111
2020-09-09,58.01,58.75,55.01,55.39,3412825.0,191775891.0,230510250.0,0.0148055238324543
2020-09-10,55.99,56.26,53.24,53.4,3430931.0,188663937.0,230510250.0,0.0148840713157007
2020-09-11,53.36,54.6,52.6,53.92,2896212.0,155360433.0,230510250.0,0.0125643523444185
2020-09-14,54.0,54.9,52.57,53.84,3474263.0,187004999.0,230510250.0,0.0150720542795819
2020-09-15,54.4,55.4,52.77,54.48,2938663.0,158801353.0,230510250.0,0.0127485133524431
2020-09-16,54.9,55.69,52.0,52.38,4193627.0,223093386.0,230510250.0,0.0181928005370693
2020-09-17,52.99,57.2,51.91,55.59,6192346.0,338257290.0,230510250.0,0.0268636470612478
2020-09-18,55.49,58.36,55.0,57.85,6090587.0,349356029.0,230510250.0,0.0264221959761008
2020-09-21,57.0,57.46,55.7,56.29,3403158.0,191988049.0,230510250.0,0.0147635864348765
2020-09-22,55.7,60.88,55.55,59.3,5650523.0,330487479.0,230510250.0,0.0245131095038073
2020-09-23,59.3,62.87,58.86,60.14,6287547.0,383689875.0,230510250.0,0.0272766482184631
2020-09-24,59.33,59.98,55.99,56.71,5278805.0,302829612.0,230510250.0,0.0229005217772311
2020-09-25,56.26,57.38,56.0,56.09,2321111.0,131260086.0,230510250.0,0.0100694481048022
2020-09-28,56.5,56.5,53.23,53.64,4299958.0,233610557.0,230510250.0,0.0186540858812135
2020-09-29,53.98,54.36,51.67,53.98,3279621.0,174420565.0,230510250.0,0.0142276579891783
2020-09-30,54.44,56.5,54.11,54.45,3318826.0,183450670.0,230510250.0,0.0143977371938991
2020-10-09,56.18,58.4,55.0,58.23,3906986.0,222613906.0,230510250.0,0.0169492940118714
2020-10-12,58.35,60.58,57.26,59.14,4967491.0,291591491.0,230510250.0,0.0215499787970383
2020-10-13,59.28,61.25,58.61,59.6,2945866.0,175677223.0,230510250.0,0.0127797614205875
2020-10-14,58.9,58.96,57.12,57.22,4057637.0,234796890.0,230510250.0,0.0176028484633546
2020-10-15,57.19,57.21,55.56,55.85,2593747.0,145814232.0,230510250.0,0.0112521981126652
2020-10-16,55.85,56.19,54.61,55.48,1962296.0,108682279.0,230510250.0,0.0085128361970888
2020-10-19,55.75,56.29,54.18,54.38,2223691.0,122601543.0,230510250.0,0.0096468204776143
2020-10-20,54.38,54.91,53.4,54.9,1300585.0,70593846.0,230510250.0,0.0056422002926117
2020-10-21,54.9,55.47,53.45,53.53,1771951.0,96044130.0,230510250.0,0.0076870811601653
2020-10-22,53.3,53.3,51.57,52.05,2672952.0,138946713.0,230510250.0,0.0115958053926018
2020-10-23,52.26,52.26,47.5,48.26,4769442.0,237082843.0,230510250.0,0.0206908022528282
2020-10-26,48.93,50.93,48.13,50.23,2954621.0,147336309.0,230510250.0,0.0128177423780504
2020-10-27,50.5,50.79,49.0,50.1,2624972.0,130794736.0,230510250.0,0.0113876584663805
2020-10-28,50.7,50.7,48.8,49.98,2033825.0,100856869.0,230510250.0,0.0088231434393915
2020-10-29,49.79,52.0,49.58,50.68,3493816.0,178877535.0,230510250.0,0.0151568791409492
2020-10-30,50.4,51.23,49.14,49.9,2585106.0,129554156.0,230510250.0,0.0112147117102167
2020-11-02,49.9,50.51,47.99,48.49,2214326.0,108173278.0,230510250.0,0.0096061932170044
2020-11-03,49.38,52.39,49.03,51.6,2986637.0,151703343.0,230510250.0,0.0129566342494531
2020-11-04,52.25,55.0,50.8,50.88,5076980.0,268747822.0,230510250.0,0.0220249641827207
2020-11-05,51.85,51.87,49.47,51.07,3502095.0,176775667.0,230510250.0,0.015192795114317
2020-11-06,51.84,51.84,48.0,48.49,3533672.0,173234378.0,230510250.0,0.0153297825150942
2020-11-09,48.9,50.29,48.65,49.7,3175903.0,157396202.0,230510250.0,0.0137777083665476
2020-11-10,50.11,50.85,48.7,49.2,2242067.0,111245911.0,230510250.0,0.0097265392753684
2020-11-11,49.2,49.5,47.54,47.99,2440891.0,118442264.0,230510250.0,0.0105890779260358
2020-11-12,47.88,48.31,46.1,46.3,3181401.0,148965526.0,230510250.0,0.013801559800486
2020-11-13,45.82,46.49,45.29,45.69,2511700.0,114924477.0,230510250.0,0.0108962616629846
2020-11-16,45.89,46.35,45.1,46.0,1974030.0,90419082.0,230510250.0,0.0085637406579533
2020-11-17,46.4,46.4,43.84,44.82,3258966.0,145091961.0,230510250.0,0.0141380524293388
2020-11-18,44.75,45.22,43.88,43.94,2308424.0,102309877.0,230510250.0,0.0100144093375457
2020-11-19,44.07,44.74,43.38,44.24,2062472.0,91084744.0,230510250.0,0.0089474199086591
2020-11-20,44.14,45.19,44.11,44.56,1784442.0,79673791.0,230510250.0,0.0077412696398533
2020-11-23,44.57,44.95,44.01,44.6,2080037.0,92642265.0,230510250.0,0.0090236204246882
2020-11-24,44.61,45.44,43.0,43.2,3921311.0,170579942.0,230510250.0,0.0170114387538081
2020-11-25,42.8,43.1,40.87,41.0,5114147.0,213499228.0,230510250.0,0.0221862021320093
2020-11-26,41.0,41.86,40.12,40.68,3550244.0,144762889.0,230510250.0,0.0154016751966561
2020-11-27,40.75,41.9,40.3,41.16,3394627.0,139496150.0,230510250.0,0.0147265772346349
2020-11-30,41.17,41.86,40.4,41.07,3509558.0,144675427.0,230510250.0,0.0152251711149504
2020-12-01,41.43,42.59,41.07,42.38,3655184.0,153865239.0,230510250.0,0.0158569261019846
2020-12-02,42.55,43.61,42.38,42.57,2906964.0,124590238.0,230718789.0,0.0125995980327375
2020-12-03,42.57,44.4,42.02,44.1,5037648.0,220936322.0,230718789.0,0.0218345806244674
2020-12-04,43.71,44.7,43.42,44.15,3965550.0,175169348.0,297080649.0,0.0133483955058951
2020-12-07,43.5,45.2,43.3,44.73,4527093.0,201886165.0,297080649.0,0.0152385994013363
2020-12-08,44.64,46.46,44.18,46.09,5924316.0,270473114.0,297080649.0,0.0199417768203407
2020-12-09,46.01,46.45,43.78,44.5,5384403.0,239957346.0,297080649.0,0.0181243814369073
2020-12-10,44.18,45.49,43.8,45.3,3618800.0,162642167.0,297080649.0,0.0121812040339254
2020-12-11,45.3,45.3,43.67,44.29,3512307.0,155149014.0,297080649.0,0.0118227390838909
2020-12-14,44.5,44.78,43.2,44.06,2445636.0,107678962.0,297080649.0,0.0082322292220386
2020-12-15,44.36,45.65,43.6,45.22,3143061.0,141865237.0,297080649.0,0.0105798240665618
2020-12-16,45.6,45.6,43.55,43.89,2776707.0,122357222.0,297080649.0,0.0093466437795482
2020-12-17,43.85,44.8,43.05,43.2,2767400.0,120870185.0,297080649.0,0.00931531558624
2020-12-18,42.92,43.4,41.64,41.97,3298042.0,139350729.0,297080649.0,0.0111015039555807
2020-12-21,42.08,42.46,40.9,41.26,4608639.0,190403099.0,297080649.0,0.015513090521086
2020-12-22,41.6,42.56,41.26,41.39,3947928.0,165653671.0,297080649.0,0.0132890782798848
2020-12-23,41.98,42.5,40.35,40.65,4510534.0,184945862.0,297080649.0,0.015182860328274
2020-12-24,40.62,40.89,39.82,40.79,3006160.0,120943318.0,297080649.0,0.0101190030724619
2020-12-25,40.05,40.85,38.78,38.8,4888325.0,193026649.0,297080649.0,0.016454538578849
2020-12-28,38.5,39.3,37.52,38.08,4496022.0,172509062.0,297080649.0,0.0151340116400513
2020-12-29,37.86,39.17,36.68,38.29,5336030.0,202721782.0,297080649.0,0.0179615535981948
2020-12-30,38.3,38.57,37.01,37.43,4933742.0,185554097.0,297080649.0,0.0166074162575294
2020-12-31,37.25,38.25,37.1,38.06,3898796.0,147117000.0,297080649.0,0.0131236955793778
2021-01-04,38.28,38.79,37.34,38.07,3851427.0,146201393.0,297080649.0,0.0129642472943432
2021-01-05,37.9,39.13,37.4,38.16,4396285.0,167756200.0,297080649.0,0.0147982879894678
2021-01-06,38.59,38.89,37.17,37.5,5543105.0,210436010.0,297080649.0,0.0186585865442888
2021-01-07,37.09,37.2,35.1,35.54,6205613.0,222365675.0,297080649.0,0.0208886476479994
2021-01-08,35.49,37.05,34.01,36.39,5358910.0,191718838.0,297080649.0,0.0180385697218535
2021-01-11,36.23,36.24,34.83,35.06,3581530.0,126295545.0,297080649.0,0.0120557498849411
2021-01-12,35.19,35.19,34.1,34.38,3970892.0,136463580.0,297080649.0,0.0133663771550465
2021-01-13,34.31,34.75,32.12,32.67,5499594.0,182111067.0,297080649.0,0.0185121246318537
2021-01-14,32.67,34.66,32.49,34.1,4566640.0,154402481.0,297080649.0,0.0153717181357039
2021-01-15,34.11,34.35,33.32,33.99,3353421.0,113340031.0,297080649.0,0.0112879146160745
2021-01-18,34.1,34.28,33.23,33.54,4987196.0,167913094.0,297080649.0,0.0167873471960807
2021-01-19,33.55,34.68,33.28,33.62,4991993.0,169041182.0,297080649.0,0.0168034943265523
2021-01-20,33.75,34.63,33.41,33.86,4625735.0,157150130.0,297080649.0,0.0155706371841135
2021-01-21,34.39,36.2,34.39,35.5,9964471.0,351745238.0,297080649.0,0.0335412994200103
2021-01-22,35.54,39.05,35.11,39.05,14242619.0,538276528.0,297080649.0,0.0479419277153928
2021-01-25,39.96,41.25,37.01,37.82,12446334.0,483684533.0,297080649.0,0.0418954719598717
2021-01-26,37.74,37.81,35.28,36.0,7276557.0,262665634.0,297080649.0,0.0244935408095193
2021-01-27,36.12,38.5,35.8,36.65,5480068.0,201041444.0,297080649.0,0.0184463983717768
2021-01-28,35.59,35.97,34.0,34.15,4846965.0,169365435.0,297080649.0,0.0163153171245428
2021-01-29,34.0,34.1,32.29,32.71,5120765.0,168763465.0,297080649.0,0.0172369523805638
2021-02-01,32.6,32.6,30.21,30.79,7786061.0,241769465.0,297080649.0,0.0262085767827981
2021-02-02,31.14,32.9,30.67,32.49,7070132.0,226572819.0,297080649.0,0.0237986958214838
2021-02-03,32.21,35.74,32.2,35.74,9250107.0,318331741.0,297080649.0,0.031136686388483
2021-02-04,35.8,35.8,33.17,34.05,9376757.0,318901787.0,297080649.0,0.0315630016009558
2021-02-05,34.25,34.8,32.53,32.76,5365975.0,181071549.0,297080649.0,0.0180623511429046
2021-02-08,32.99,36.04,32.76,36.04,8812089.0,310608938.0,297080649.0,0.0296622786763873
2021-02-09,36.48,38.04,36.46,36.82,9437254.0,350072815.0,297080649.0,0.0317666399065931
2021-02-10,36.9,40.5,36.21,40.5,9426030.0,369919706.0,297080649.0,0.031728858920057
2021-02-18,42.0,44.49,41.72,43.39,15953877.0,689111234.0,297080649.0,0.0537021749942386
2021-02-19,42.87,43.08,41.78,42.67,8295743.0,352017116.0,297080649.0,0.0279242119199759
2021-02-22,42.57,43.5,41.19,42.6,10239516.0,434321162.0,297080649.0,0.0344671254572356
2021-02-23,42.98,46.58,42.98,43.83,12473323.0,553959470.0,297080649.0,0.0419863193445494
2021-02-24,42.0,42.88,41.2,41.61,7933572.0,333094755.0,297080649.0,0.026705111984591
2021-02-25,41.78,42.23,40.21,40.6,5732059.0,235697756.0,297080649.0,0.0192946225858016
2021-02-26,39.6,40.16,38.2,38.61,5658512.0,221416294.0,297080649.0,0.0190470568145285
2021-03-01,38.82,40.56,38.61,40.22,5002555.0,198670836.0,297080649.0,0.0168390469619581
2021-03-02,40.02,40.4,39.4,40.0,3498510.0,139187185.0,297080649.0,0.0117762971495326
2021-03-03,39.84,40.26,38.8,40.19,4506547.0,177841320.0,297080649.0,0.0151694397301521
2021-03-04,39.99,40.22,38.0,38.62,4325943.0,169302798.0,297080649.0,0.0145615105344676
2021-03-05,38.0,39.1,37.6,38.1,3686641.0,141087599.0,297080649.0,0.0124095628995343
2021-03-08,38.32,39.74,37.38,37.38,4505776.0,173902693.0,297080649.0,0.0151668444752859
2021-03-09,37.2,37.23,33.81,35.45,4213255.0,151669656.0,297080649.0,0.0141821926610911
2021-03-10,35.97,35.99,33.8,34.14,4948603.0,171244011.0,297080649.0,0.016657439710925
2021-03-11,34.2,35.95,34.06,35.23,2961466.0,103581039.0,297080649.0,0.0099685590763604
2021-03-12,35.17,35.45,34.2,34.78,2756766.0,95561186.0,297080649.0,0.0092795205924031
2021-03-15,34.5,34.5,33.5,33.95,2553690.0,86555733.0,297080649.0,0.0085959486375028
2021-03-16,34.03,34.5,33.7,34.45,1955693.0,66821843.0,297080649.0,0.006583037321963
2021-03-17,34.61,35.09,33.93,34.72,2268887.0,78568433.0,297080649.0,0.0076372763006856
2021-03-18,34.75,35.15,33.55,33.73,3453246.0,117566957.0,297080649.0,0.0116239344825182
2021-03-19,33.18,34.15,32.7,33.46,3028355.0,101376755.0,297080649.0,0.010193713424936
2021-03-22,33.41,33.99,33.1,33.94,1933439.0,65090610.0,297080649.0,0.006508128370219
2021-03-23,33.9,34.19,33.0,33.15,1862368.0,62292266.0,297080649.0,0.0062688970361041
2021-03-24,33.49,33.49,31.92,32.04,2340186.0,75998427.0,297080649.0,0.0078772751031656
2021-03-25,32.04,32.57,31.55,32.25,1582603.0,50895854.0,297080649.0,0.0053271830572848
2021-03-26,32.6,33.24,32.32,33.11,1608709.0,52787614.0,297080649.0,0.0054150581850923
2021-03-29,33.15,33.33,32.75,32.95,1399743.0,46124137.0,297080649.0,0.0047116599640927
2021-03-30,32.6,32.88,31.99,32.19,2032074.0,65642941.0,297080649.0,0.0068401425903711
2021-03-31,32.37,32.64,32.03,32.36,1257018.0,40629415.0,297080649.0,0.0042312348657889
2021-04-01,32.37,32.68,32.22,32.58,1283397.0,41616713.0,297080649.0,0.0043200289359809
2021-04-02,32.67,34.5,32.67,33.59,3566725.0,120465310.0,297080649.0,0.0120059149325474
2021-04-06,33.81,33.97,33.15,33.18,1927213.0,64268536.0,297080649.0,0.0064871710981081
2021-04-07,33.2,33.55,32.7,33.48,1585325.0,52432082.0,297080649.0,0.0053363455524159
2021-04-08,33.25,33.98,33.19,33.74,2304942.0,77617984.0,297080649.0,0.0077586406511452
2021-04-09,33.75,33.92,32.86,33.1,1910965.0,63433042.0,297080649.0,0.0064324788788245
2021-04-12,32.9,33.07,31.64,31.87,2807322.0,90297963.0,297080649.0,0.0094496966041029
2021-04-13,31.74,32.49,31.74,32.41,1414134.0,45443164.0,297080649.0,0.0047601013555076
2021-04-14,32.3,32.76,32.2,32.7,1807988.0,58898147.0,297080649.0,0.0060858490988418
2021-04-15,30.0,31.13,29.43,29.43,8006558.0,237077585.0,297080649.0,0.0269507893797552
2021-04-16,28.91,29.3,27.8,28.93,6452246.0,184826068.0,297080649.0,0.0217188363554436
2021-04-19,28.89,29.85,28.5,29.49,4225383.0,123791813.0,297080649.0,0.0142230165923732
2021-04-20,29.41,29.78,29.02,29.02,2872832.0,84330380.0,297080649.0,0.0096702091155051
2021-04-21,29.02,30.17,28.91,29.87,4131480.0,122098321.0,297080649.0,0.0139069307068869
2021-04-22,29.7,29.7,28.94,29.15,4812289.0,140977845.0,297080649.0,0.0161985946112565
2021-04-23,29.23,29.38,28.38,28.43,4808508.0,138560310.0,297080649.0,0.0161858674275348
2021-04-26,28.4,29.8,28.16,28.86,4984860.0,145471607.0,297080649.0,0.0167794840114274
2021-04-27,28.81,29.44,28.16,28.9,4101289.0,117598907.0,297080649.0,0.0138053051042042
2021-04-28,28.66,29.18,28.05,28.89,3480438.0,99968863.0,297080649.0,0.011715465183328
2021-04-29,28.48,31.78,28.32,31.78,7565758.0,235184984.0,297080649.0,0.0254670172071692
2021-04-30,31.78,32.75,29.02,29.67,15188381.0,466924590.0,297080649.0,0.0511254470835628
2021-05-06,29.9,29.9,28.35,29.0,8111719.0,234391921.0,297080649.0,0.0273047706988145
2021-05-07,28.78,28.99,27.14,27.14,8398864.0,234707101.0,297080649.0,0.0282713264168209
2021-05-10,27.12,27.79,26.51,26.74,8182492.0,220942659.0,297080649.0,0.0275429989383118
2021-05-11,26.9,27.3,26.28,26.99,5005584.0,134385394.0,297080649.0,0.0168492428465106
2021-05-12,26.86,27.88,26.55,27.82,4870514.0,133463303.0,297080649.0,0.0163945851619571
2021-05-13,27.94,28.4,27.3,27.94,4312538.0,120711199.0,297080649.0,0.014516388107123
2021-05-14,28.1,29.12,27.79,28.91,5461752.0,156557340.0,297080649.0,0.0183847450797779
2021-05-17,28.99,31.74,28.99,30.6,10233212.0,312323282.0,297080649.0,0.0344459056301576
2021-05-18,30.19,31.34,29.5,31.15,6900783.0,209948850.0,297080649.0,0.0232286519611043
2021-05-19,31.08,31.28,30.1,31.15,5742205.0,175796143.0,297080649.0,0.0193287749280499
2021-05-20,31.08,31.72,30.67,31.61,5504608.0,171989154.0,297080649.0,0.0185290022037079
2021-05-21,32.6,32.6,30.26,30.29,5480327.0,170359097.0,297080649.0,0.0184472701889108
2021-05-24,30.59,31.59,29.88,31.56,5073802.0,155659793.0,297080649.0,0.0170788707277935
2021-05-25,31.13,33.11,31.12,33.08,7099511.0,229295047.0,297080649.0,0.023897588159638
2021-05-26,32.82,33.75,32.32,33.5,6111733.0,202122995.0,297080649.0,0.0205726391825675
2021-05-27,33.5,35.66,33.18,34.86,7437967.0,256860950.0,297080649.0,0.0250368612867814
2021-05-28,34.7,35.58,34.21,34.5,4919233.0,171176603.0,297080649.0,0.0165585776675747
2021-05-31,34.28,34.78,33.8,34.4,3712300.0,127225655.0,297080649.0,0.0124959333854154
2021-06-01,35.4,36.37,33.73,33.82,6218999.0,216479927.0,297080649.0,0.0209337061196469
2021-06-02,33.82,33.82,32.66,32.96,4592023.0,152288410.0,297080649.0,0.0154571595809325
2021-06-03,32.76,33.5,32.3,32.93,3349582.0,110340751.0,297080649.0,0.0112749921991721
2021-06-04,32.93,32.93,32.11,32.11,2848010.0,92360825.0,297080649.0,0.0095866560463855
2021-06-07,32.2,33.75,31.78,33.31,4153237.0,137183048.0,297080649.0,0.0139801667122384
2021-06-08,33.38,33.5,32.0,32.15,4007650.0,130548454.0,297080649.0,0.0134901078662986
2021-06-09,32.16,32.45,30.97,31.2,4567678.0,143430055.0,297080649.0,0.0153752121364188
2021-06-10,31.43,31.43,30.31,30.91,3513366.0,107900777.0,297080649.0,0.0118263037724816
2021-06-11,30.91,31.29,30.05,31.16,4716806.0,144465620.0,297080649.0,0.0158771903046435
2021-06-15,30.9,31.45,30.25,30.31,3133250.0,96192182.0,297080649.0,0.0105467993642359
2021-06-16,30.44,30.48,29.63,29.71,2323726.0,69681585.0,297080649.0,0.0078218692729461
2021-06-17,29.63,30.07,29.11,29.28,2623832.0,77405982.0,297080649.0,0.0088320528746387
2021-06-18,29.45,29.95,28.97,29.65,2618521.0,77219410.0,297080649.0,0.0088141755742562
2021-06-21,29.59,30.5,29.21,30.0,2990843.0,89731580.0,297080649.0,0.010067444682336
2021-06-22,30.3,30.5,29.71,30.19,2310385.0,69565840.0,297080649.0,0.007776962275318
2021-06-23,30.03,30.19,29.81,30.05,2220866.0,66679641.0,297080649.0,0.0074756333254139
2021-06-24,29.98,30.12,29.58,29.7,2123300.0,63292868.0,297080649.0,0.0071472174547457
2021-06-25,29.69,30.48,29.62,30.34,2924637.0,88241749.0,297080649.0,0.0098445893727665
2021-06-28,30.4,31.49,30.35,31.04,2979932.0,92447556.0,297080649.0,0.0100307172817573
2021-06-29,31.2,31.45,30.05,30.34,2420808.0,73632526.0,297080649.0,0.008148655956383
2021-06-30,30.11,30.35,29.89,30.04,2459302.0,73793351.0,297708290.0,0.0082607776894623
2021-07-01,30.05,30.05,29.0,29.07,2559104.0,75140248.0,297708290.0,0.0085960118880129
2021-07-02,29.06,29.36,28.5,28.52,2429555.0,69844864.0,297708290.0,0.0081608577309016
2021-07-05,28.88,29.12,28.0,28.12,2694942.0,76622419.0,297708290.0,0.0090522907507882
2021-07-06,28.27,28.8,27.72,28.77,2354953.0,66478072.0,297708290.0,0.0079102701506901
2021-07-07,28.47,29.04,28.21,28.38,2285443.0,65176743.0,297708290.0,0.0076767865617715
2021-07-08,28.18,28.57,27.62,27.67,3873726.0,107976946.0,297708290.0,0.0130118177092078
2021-07-09,27.44,28.26,27.17,27.87,2436616.0,67371294.0,297708290.0,0.0081845755790005
2021-07-12,27.86,29.15,27.65,28.77,3088248.0,88029275.0,297708290.0,0.0103734027695365
2021-07-13,28.08,28.51,27.65,28.26,3180500.0,89138162.0,297708290.0,0.0106832765725133
2021-07-14,28.1,29.09,27.94,28.44,2398595.0,68564696.0,297708290.0,0.008056863314085
2021-07-15,28.4,28.6,27.9,28.06,2568211.0,72152920.0,297708290.0,0.0086266022353626
2021-07-16,28.0,28.26,26.88,27.11,4308846.0,118218872.0,297708290.0,0.0144733826525287
2021-07-19,27.06,27.22,26.6,26.79,2173021.0,58255723.0,297708290.0,0.0072991618741957
2021-07-20,26.75,27.47,26.61,27.38,2041004.0,55537329.0,297708290.0,0.0068557177228756
2021-07-21,27.61,29.5,27.61,28.5,4197000.0,119902784.0,297708290.0,0.0140976927448006
2021-07-22,28.54,28.55,27.75,27.94,2344891.0,65612222.0,297708290.0,0.0078764719652247
2021-07-23,27.84,27.88,27.0,27.14,2609800.0,71226217.0,297708290.0,0.0087662993865572
2021-07-26,27.05,27.34,26.01,26.33,3037558.0,80703432.0,297708290.0,0.010203135424949
2021-07-27,26.32,26.84,26.0,26.07,2204470.0,58038678.0,297708290.0,0.0074047988384871
2021-07-28,26.11,26.79,25.5,26.52,2939784.0,77005408.0,297708290.0,0.0098747132637791
2021-07-29,26.53,26.89,26.12,26.22,2673708.0,70901847.0,297708290.0,0.0089809658978592
2021-07-30,26.22,26.42,24.83,26.05,4487047.0,114120831.0,297708290.0,0.015071958526919
2021-08-02,26.08,26.8,25.75,26.6,3207575.0,84634901.0,297708290.0,0.0107742213023359
2021-08-03,26.5,28.45,26.27,28.39,6540414.0,181864334.0,297708290.0,0.0219692034776727
2021-08-04,28.49,28.54,27.46,27.65,5318489.0,147753034.0,297708290.0,0.0178647662112465
2021-08-05,27.5,28.15,27.17,27.24,2862800.0,79118028.0,297708290.0,0.0096161245627389
2021-08-06,27.01,27.01,26.27,26.65,3740668.0,99188919.0,297708290.0,0.0125648768463921
2021-08-09,26.4,27.03,26.37,26.91,2347625.0,62981791.0,297708290.0,0.0078856554515159
2021-08-10,27.1,27.2,26.61,27.19,2365757.0,63568409.0,297708290.0,0.0079465607088065
2021-08-11,27.26,27.26,26.59,26.59,2255952.0,60402469.0,297708290.0,0.0075777265053653
2021-08-12,26.63,26.81,26.1,26.18,2174672.0,57267629.0,297708290.0,0.007304707571294
2021-08-13,26.22,26.36,25.75,26.11,2275116.0,59247719.0,297708290.0,0.0076420982432165
2021-08-16,26.15,26.5,26.12,26.3,1512042.0,39679493.0,297708290.0,0.0050789381780399
2021-08-17,26.4,26.4,25.38,25.4,2386869.0,61461121.0,297708290.0,0.008017475764615
2021-08-18,25.46,25.74,25.2,25.36,1700700.0,43156827.0,297708290.0,0.0057126390400482
2021-08-19,25.3,25.58,25.17,25.26,1421569.0,35948702.0,297708290.0,0.0047750400232388
2021-08-20,25.25,25.25,24.43,24.7,2482098.0,61297400.0,297708290.0,0.0083373492891313
2021-08-23,24.65,24.84,24.19,24.56,2576211.0,63185507.0,297708290.0,0.0086534741776925
2021-08-24,24.59,24.81,24.38,24.51,2060718.0,50593404.0,297708290.0,0.0069219369067619
2021-08-25,24.52,24.62,24.21,24.59,1709447.0,41875928.0,297708290.0,0.0057420201499931
2021-08-26,24.6,24.6,23.71,23.75,2912604.0,69883558.0,297708290.0,0.0097834158397134
2021-08-27,23.69,23.77,23.11,23.52,2683324.0,62783888.0,297708290.0,0.0090132659725397
2021-08-30,23.2,23.51,22.6,22.74,3510612.0,80751148.0,297708290.0,0.0117921204008124
2021-08-31,22.86,23.29,22.7,22.92,1836381.0,42238228.0,297708290.0,0.0061683905409553
2021-09-01,22.93,23.15,22.23,22.81,3384003.0,76445682.0,297708290.0,0.0113668416825073
2021-09-02,22.9,22.91,22.31,22.35,2329988.0,52346369.0,297708290.0,0.007826412895657
2021-09-03,23.2,23.93,22.84,23.45,4536581.0,106498809.0,297708290.0,0.0152383428758399
2021-09-06,23.38,23.87,23.11,23.78,3015793.0,71246385.0,297708290.0,0.0101300269468478
2021-09-07,23.7,23.93,23.59,23.82,2315514.0,55011862.0,297708290.0,0.0077777948339967
2021-09-08,23.85,23.87,23.52,23.57,2218541.0,52551508.0,297708290.0,0.0074520632260525
2021-09-09,23.46,23.64,23.3,23.38,1567435.0,36661897.0,297708290.0,0.0052650028657247
2021-09-10,23.38,23.45,23.17,23.19,1938848.0,45107962.0,297708290.0,0.0065125764552945
2021-09-13,23.25,23.64,23.21,23.45,2192826.0,51429137.0,297708290.0,0.007365686726426
2021-09-14,23.45,24.79,23.31,24.16,5126050.0,123767617.0,297708290.0,0.0172183649974946
2021-09-15,24.19,24.22,23.72,24.05,2034692.0,48691545.0,297708290.0,0.0068345157603773
2021-09-16,23.91,24.48,23.8,24.0,2132925.0,51464440.0,297708290.0,0.0071644796992384
2021-09-17,23.95,24.08,23.01,23.5,2234866.0,52659257.0,297708290.0,0.0075068987833694
2021-09-22,23.11,23.65,23.01,23.24,1298514.0,30206700.0,297708290.0,0.0043616991653138
2021-09-23,23.24,23.55,23.1,23.31,1442497.0,33646977.0,297708290.0,0.0048453370243737
2021-09-24,23.29,23.39,22.5,22.59,2981512.0,68012924.0,297708290.0,0.0100148773149716
2021-09-27,22.55,22.82,22.3,22.6,2164414.0,48831080.0,297708290.0,0.0072702510232415
2021-09-28,22.61,22.69,22.31,22.39,1245400.0,27927678.0,297708290.0,0.0041832896222003
2021-09-29,22.33,22.33,21.35,21.4,2698037.0,58496458.0,297708290.0,0.0090626868334771
2021-09-30,21.4,21.63,21.31,21.45,1718300.0,36856710.0,297708290.0,0.0057717573131739
2021-10-08,21.45,22.25,21.41,22.01,2854074.0,62463712.0,297708290.0,0.0095868139916426
2021-10-11,22.01,22.58,21.88,22.07,1934866.0,42978030.0,297708290.0,0.0064992009459998
2021-10-12,21.95,22.18,21.75,21.91,1869859.0,40966814.0,297708290.0,0.0062808429016202
2021-10-13,21.92,22.55,21.92,22.48,1490853.0,33251881.0,297708290.0,0.0050077644797865
2021-10-14,22.56,22.99,22.38,22.9,2228100.0,50804100.0,297708290.0,0.0074841718381439
2021-10-15,22.12,22.15,20.65,20.85,6401364.0,134872111.0,297708290.0,0.0215021355300519
2021-10-18,20.65,20.8,19.94,20.24,3297200.0,66588115.0,297708290.0,0.01107527103125
2021-10-19,20.17,20.47,20.0,20.41,1934920.0,39200816.0,297708290.0,0.0064993823316105
2021-10-20,20.4,20.55,20.2,20.3,1885238.0,38392387.0,297708290.0,0.0063325008517565
2021-10-21,20.36,20.55,20.04,20.17,2241949.0,45499186.0,297708290.0,0.0075306905293097
2021-10-22,20.01,20.48,20.01,20.17,1620968.0,32893456.0,297708290.0,0.0054448198268177
2021-10-25,20.17,20.48,20.1,20.29,1935626.0,39174648.0,297708290.0,0.0065017537805211
2021-10-26,20.25,20.64,20.06,20.13,2021201.0,41115765.0,297708290.0,0.0067891995886308
2021-10-27,20.01,20.11,19.21,19.27,3280211.0,63866688.0,297708290.0,0.0110182051027198
2021-10-28,19.2,19.47,19.1,19.25,2069842.0,39971720.0,297708290.0,0.0069525843569891
2021-10-29,19.25,19.68,18.99,19.41,1995509.0,38754352.0,297708290.0,0.0067029003458385
2021-11-01,18.48,19.1,18.18,18.86,4955264.0,92241319.0,297708290.0,0.0166446960546513
2021-11-02,18.82,19.41,18.5,18.75,3318802.0,62848456.0,297708290.0,0.0111478319935262
2021-11-03,18.75,20.63,18.65,20.63,7051104.0,142707769.0,297708290.0,0.0236846075062269
2021-11-04,20.0,20.4,19.8,20.28,7816165.0,157348926.0,297708290.0,0.0262544418900797
2021-11-05,20.1,21.75,20.05,21.37,9543161.0,201760762.0,297708290.0,0.0320554090045661
2021-11-08,21.38,21.6,20.76,21.29,4197300.0,88937225.0,297708290.0,0.0140987004426379
2021-11-09,21.06,21.84,21.0,21.23,3987200.0,85149005.0,297708290.0,0.0133929760572001
2021-11-10,21.38,21.57,20.7,21.56,4485927.0,95169343.0,297708290.0,0.0150681964549929
2021-11-11,21.41,21.63,21.18,21.23,2964200.0,63349653.0,297708290.0,0.0099567264317698
2021-11-12,21.23,21.4,20.97,21.14,2332999.0,49250115.0,297708290.0,0.0078365268229514
2021-11-15,21.27,22.62,21.22,21.72,6691862.0,146741375.0,297708290.0,0.0224779162179192
2021-11-16,21.5,22.2,21.26,21.53,5183909.0,112022240.0,297708290.0,0.0174127129614025
2021-11-17,21.38,21.65,21.09,21.35,2704135.0,57709879.0,297708290.0,0.009083169971518
2021-11-18,21.37,21.41,20.83,20.83,2615445.0,55044296.0,297708290.0,0.0087852609008637
2021-11-19,20.83,21.0,20.55,20.99,1942739.0,40453392.0,297708290.0,0.0065256462962452
2021-11-22,20.91,21.04,20.61,20.75,2103300.0,43711050.0,297708290.0,0.0070649695377982
2021-11-23,20.7,21.48,20.68,21.4,3356288.0,71115221.0,297708290.0,0.0112737471972984
2021-11-24,21.4,21.57,21.11,21.3,2878900.0,61364296.0,297708290.0,0.0096702043466777
2021-11-25,21.26,21.77,21.26,21.52,4267784.0,91808176.0,297708290.0,0.0143354556905351
2021-11-26,21.69,22.22,21.0,21.02,4827313.0,103469779.0,297708290.0,0.0162149095680204
2021-11-29,21.02,22.3,21.02,22.07,8169156.0,177548380.0,297708290.0,0.0274401361144494
2021-11-30,21.8,22.35,21.31,22.22,8421792.0,183551640.0,297708290.0,0.0282887386172551
2021-12-01,22.0,22.59,21.79,22.24,5871192.0,130597552.0,297708290.0,0.0197212916039388
2021-12-02,22.28,24.46,22.1,24.46,18627369.0,449879864.0,297708290.0,0.062569198190618
2021-12-03,24.11,24.11,23.12,23.24,16123375.0,378957727.0,297708290.0,0.0541583003953299
2021-12-06,23.09,23.09,21.9,22.0,10249907.0,229342339.0,297708290.0,0.0344293637237982
2021-12-07,21.89,22.18,21.02,21.24,7311252.0,156927132.0,297708290.0,0.0245584427628804
2021-12-08,21.4,21.5,21.06,21.37,4906125.0,104400484.0,297708290.0,0.016479638507883
2021-12-09,21.5,21.6,21.16,21.24,5574377.0,118728647.0,297708290.0,0.0187242921586093
2021-12-10,21.17,21.32,20.7,20.82,6842244.0,143351341.0,297708290.0,0.0229830482718502
2021-12-13,20.9,21.15,20.78,21.02,3573332.0,74882480.0,297708290.0,0.0120027964286785
2021-12-14,21.03,21.43,20.99,21.39,5367718.0,114295290.0,297708290.0,0.0180301260673661
2021-12-15,21.48,21.48,20.81,20.89,4542034.0,95285511.0,297708290.0,0.0152566594635305
2021-12-16,20.8,20.94,20.28,20.6,4815064.0,98569141.0,297708290.0,0.0161737652653206
2021-12-17,20.48,20.74,20.2,20.32,3570002.0,72659317.0,297708290.0,0.0119916109826837
2021-12-20,20.4,20.89,20.37,20.45,4076399.0,83900606.0,297708290.0,0.0136925948551852
2021-12-21,20.31,20.65,19.76,20.63,3087614.0,63018000.0,297708290.0,0.0103712731681069
2021-12-22,20.68,21.05,20.68,20.81,3106162.0,64683355.0,297708290.0,0.0104335757663987
2021-12-23,20.8,20.8,20.27,20.29,3923738.0,79913405.0,297708290.0,0.0131798076566829
2021-12-24,19.3,19.59,18.46,18.75,12842037.0,242937115.0,297708290.0,0.0431363097077343
2021-12-27,18.62,20.36,18.62,19.28,9965327.0,192012719.0,297708290.0,0.0334734615552694
2021-12-28,19.11,19.53,19.04,19.16,5303460.0,101748615.0,297708290.0,0.0178142839085871
2021-12-29,19.12,19.77,18.91,19.4,6378687.0,123701783.0,297708290.0,0.0214259636505251
2021-12-30,19.59,20.24,19.33,19.44,9637709.0,190076501.0,297708290.0,0.0323729950549915
2021-12-31,19.38,19.67,19.13,19.4,5479601.0,106307780.0,297708290.0,0.0184059402578275
2022-01-04,19.46,20.36,19.4,20.06,12044295.0,240441127.0,297708290.0,0.0404567000804713
2022-01-05,19.96,20.1,19.47,19.7,6361395.0,125391461.0,297708290.0,0.0213678799471791
2022-01-06,19.65,19.84,19.1,19.77,4853917.0,94779267.0,297708290.0,0.0163042722122383
2022-01-07,19.77,20.3,19.6,19.72,7795212.0,155586596.0,297708290.0,0.026184060914125
2022-01-10,19.9,20.39,19.74,20.25,8271743.0,166422573.0,297708290.0,0.0277847251079236
2022-01-11,20.18,21.06,19.89,20.62,15428505.0,315728681.0,297708290.0,0.0518242370744865
2022-01-12,20.37,21.18,19.9,20.86,17210710.0,355396451.0,297708290.0,0.0578106508219841
2022-01-13,20.99,21.17,20.02,20.05,16616999.0,341217304.0,297708290.0,0.055816379852909
2022-01-14,19.82,21.76,19.76,21.32,26870271.0,558926893.0,297708290.0,0.0902570465874497
2022-01-17,21.21,21.21,20.2,20.9,21585602.0,447296126.0,297708290.0,0.0725058815124026
2022-01-18,20.6,20.64,19.62,19.68,18084822.0,362994299.0,297708290.0,0.0607467867287135
2022-01-19,19.47,19.91,19.35,19.6,8114194.0,159158334.0,297708290.0,0.0272555191526577
2022-01-20,19.57,19.83,18.91,19.01,8262886.0,159111945.0,297708290.0,0.0277549745087716
2022-01-21,19.0,19.0,18.5,18.51,6926700.0,129318944.0,297708290.0,0.0232667353670265
2022-01-24,18.48,18.48,17.0,17.6,7470033.0,132098169.0,297708290.0,0.025091786997265
2022-01-25,17.41,17.57,16.26,16.29,10234051.0,171712140.0,297708290.0,0.0343761035341004
2022-01-26,16.2,16.73,16.19,16.43,4429680.0,72649379.0,297708290.0,0.0148792631874644
2022-01-27,16.35,16.52,15.68,15.68,5950065.0,94776377.0,297708290.0,0.0199862254423617
2022-01-28,15.81,16.23,15.7,16.13,4653765.0,74388634.0,297708290.0,0.0156319630870877
2022-02-07,16.25,16.56,16.22,16.44,3529413.0,57971646.0,297708290.0,0.0118552728242804
2022-02-08,16.49,16.71,16.28,16.6,3875026.0,63959014.0,297708290.0,0.0130161843998364
2022-02-09,16.57,16.81,16.49,16.71,3955488.0,65833152.0,297708290.0,0.0132864556778046
2022-02-10,16.71,16.95,16.64,16.7,4346900.0,72931437.0,297708290.0,0.0146012057642062
2022-02-11,16.63,16.65,16.14,16.23,4830000.0,78960253.0,297708290.0,0.0162239351816504
2022-02-14,16.03,16.4,16.03,16.25,2612800.0,42475860.0,297708290.0,0.0087763763649309
2022-02-15,16.22,16.74,16.16,16.6,4516812.0,74506901.0,297708290.0,0.0151719389473501
2022-02-16,16.66,16.95,16.61,16.91,4039754.0,67967460.0,297708290.0,0.0135695045643505
2022-02-17,16.9,16.9,16.52,16.6,3879668.0,64774415.0,297708290.0,0.0130317768443733
2022-02-18,16.45,16.74,16.4,16.7,2790100.0,46262739.0,297708290.0,0.0093719257868163
2022-02-21,16.76,17.61,16.76,17.56,8864258.0,153490057.0,297708290.0,0.0297749787216204
2022-02-22,17.56,17.56,16.96,17.04,7016180.0,120642108.0,297708290.0,0.023567298041986
2022-02-23,17.08,18.4,17.08,17.69,10195848.0,180932401.0,297708290.0,0.034247779932497
2022-02-24,17.56,17.74,16.46,16.73,10559342.0,181105952.0,297708290.0,0.035468753658153
2022-02-25,16.95,17.5,16.9,16.98,5524794.0,94306398.0,297708290.0,0.0185577432190417
2022-02-28,16.88,17.3,16.69,17.18,6112109.0,104065883.0,297708290.0,0.0205305300702241
2022-03-01,17.19,17.25,16.9,17.08,4104900.0,69898929.0,297708290.0,0.0137883295087281
2022-03-02,16.92,17.19,16.75,17.11,4628881.0,78659972.0,297708290.0,0.0155483779104706
2022-03-03,17.25,17.45,16.98,17.0,5301039.0,91005885.0,297708290.0,0.0178061517870395
2022-03-04,16.9,18.7,16.9,18.7,19805965.0,364879492.0,297708290.0,0.0665280936583929
2022-03-07,18.71,19.78,18.51,19.22,42162013.0,812243065.0,297708290.0,0.141621897730829
2022-03-08,18.55,18.56,17.3,17.3,24826877.0,440650475.0,297708290.0,0.083393300871803
2022-03-09,17.11,17.35,15.69,16.38,20039308.0,330993186.0,297708290.0,0.0673118911132773
2022-03-10,16.67,17.08,16.59,16.88,14984809.0,252360918.0,297708290.0,0.0503338654089881
2022-03-11,16.61,18.57,16.38,18.57,25038069.0,445773725.0,297708290.0,0.0841026932773689
2022-03-14,19.2,19.78,18.68,18.68,35728070.0,685589731.0,297708290.0,0.1200103295746315
2022-03-15,18.1,19.1,18.03,18.48,22347937.0,417082081.0,297708290.0,0.0750665592819064
2022-03-16,18.66,18.83,17.38,18.27,21571919.0,388160503.0,297708290.0,0.0724599204140402
2022-03-17,18.2,19.49,17.92,18.78,23111370.0,432581018.0,297708290.0,0.077630925225495
2022-03-18,18.78,18.78,18.25,18.67,13520546.0,250752581.0,297708290.0,0.0454154165475203
2022-03-21,18.67,19.0,18.06,18.54,15151942.0,279625617.0,297708290.0,0.050895263951165
2022-03-22,18.34,18.39,17.81,18.05,11807863.0,213565674.0,297708290.0,0.0396625266968548
2022-03-23,18.05,18.16,17.45,17.51,12924870.0,230342824.0,297708290.0,0.0434145451576104
2022-03-24,17.15,17.48,16.84,17.24,11522956.0,197758991.0,297708290.0,0.0387055261376833
2022-03-25,17.21,17.36,16.81,16.82,9667995.0,165292468.0,297708290.0,0.0324747255106668
2022-03-28,16.82,17.13,16.56,16.74,7777601.0,130630382.0,297708290.0,0.0261249056920786
2022-03-29,16.77,17.55,16.77,17.19,9863102.0,169892281.0,297708290.0,0.0331300885171857
2022-03-30,17.1,17.31,16.71,17.2,7510363.0,127909877.0,297708290.0,0.0252272551765353
2022-03-31,17.1,17.47,16.87,16.96,7610163.0,130392033.0,297708290.0,0.0255624826571003
2022-04-01,16.87,16.87,16.39,16.4,8171409.0,135264615.0,297708290.0,0.0274477039252081
2022-04-06,16.38,16.84,16.22,16.74,5955285.0,99295575.0,297708290.0,0.0200037593847319
2022-04-07,16.52,16.68,16.02,16.04,7370562.0,119982158.0,297708290.0,0.0247576646253283
2022-04-08,16.06,16.2,15.56,15.73,7087935.0,111803262.0,297708290.0,0.0238083225697208
2022-04-11,15.61,15.69,14.76,14.9,7801100.0,118649425.0,297708290.0,0.0262038386636798
2022-04-12,14.91,15.39,14.88,15.38,6170083.0,93496566.0,297708290.0,0.0207252643183029
2022-04-13,15.2,16.92,15.02,16.92,13462929.0,218551605.0,297708290.0,0.0452218814598679
2022-04-14,17.3,18.61,16.98,18.61,41412538.0,752825944.0,297708290.0,0.1391044166086204
2022-04-15,18.23,18.65,17.59,17.67,38697397.0,697313553.0,297708290.0,0.129984277562442
2022-04-18,17.19,18.32,17.02,17.95,26718297.0,474532443.0,297708290.0,0.089746567016995
2022-04-19,17.7,18.77,17.6,18.02,23759285.0,431518899.0,297708290.0,0.0798072670398261
2022-04-20,18.14,18.5,17.4,17.49,23586779.0,423858111.0,297708290.0,0.0792278206293818
2022-04-21,17.71,17.75,15.74,15.74,23223781.0,376981883.0,297708290.0,0.0780085129641502
2022-04-22,15.1,15.15,14.17,14.45,26784755.0,386146884.0,297708290.0,0.0899697989599147
2022-04-25,14.19,15.43,13.81,14.0,18512973.0,271066893.0,297708290.0,0.0621849428512722
2022-04-26,13.9,14.18,12.6,12.6,19890015.0,263355048.0,297708290.0,0.0668104170024959
2022-04-27,12.34,13.08,11.87,13.01,15234711.0,189908287.0,297708290.0,0.0511732844255025
2022-04-28,12.82,12.95,12.15,12.42,10704505.0,134132102.0,297708290.0,0.0359563551287066
2022-04-29,12.45,13.18,12.37,12.99,11075100.0,141728971.0,297708290.0,0.0372011810621733
2022-05-05,12.82,14.15,12.58,13.41,13767900.0,184138927.0,297708290.0,0.0462462768504027
2022-05-06,13.0,14.5,12.86,13.79,18769773.0,254153915.0,297708290.0,0.0630475322000606
2022-05-09,13.65,15.17,13.58,15.17,14716735.0,211889340.0,297708290.0,0.0494334067754713
2022-05-10,15.0,15.26,14.12,14.42,25370051.0,368636146.0,297708290.0,0.0852178184221877
2022-05-11,14.26,14.85,14.23,14.25,21999537.0,318796790.0,297708290.0,0.0738962861934412
2022-05-12,13.94,14.4,13.81,14.04,13613716.0,191279880.0,297708290.0,0.0457283739058794
2022-05-13,14.18,14.43,13.74,13.84,10844655.0,151224882.0,297708290.0,0.0364271179683978
2022-05-16,13.86,14.24,13.52,13.71,9796927.0,135492913.0,297708290.0,0.0329078071692259
2022-05-17,13.69,13.7,13.05,13.34,9166639.0,121638740.0,297708290.0,0.0307906743208259
2022-05-18,13.34,13.45,13.21,13.31,6381454.0,84983490.0,297708290.0,0.0214352579835784
2022-05-19,13.03,13.37,12.94,13.25,9278942.0,121663563.0,297708290.0,0.0311678992882596
2022-05-20,13.41,13.8,13.18,13.41,12542221.0,168676798.0,297708290.0,0.0421292299250383
2022-05-23,13.84,14.17,13.66,13.84,17182222.0,238682548.0,297708290.0,0.0577149598353475
2022-05-24,13.67,13.9,12.85,12.86,14324676.0,191375635.0,297708290.0,0.0481164834207337
2022-05-25,12.8,13.05,12.64,13.01,6802081.0,87871289.0,297708290.0,0.022848141044376
2022-05-26,12.8,13.53,12.46,13.18,12008279.0,155396538.0,297708290.0,0.0403357225961023
2022-05-27,13.0,13.23,12.83,12.96,7424297.0,96837958.0,297708290.0,0.0249381601029652
2022-05-30,13.09,13.16,12.76,12.9,5255264.0,67812829.0,297708290.0,0.0176523938920209
2022-05-31,12.92,13.02,12.62,12.96,6304611.0,81100661.0,297708290.0,0.0211771429005218
2022-06-01,12.97,13.15,12.84,13.0,6047723.0,78672750.0,297708290.0,0.0203142579603678
2022-06-02,12.88,12.99,12.67,12.94,5394437.0,69226099.0,297708290.0,0.018119874995755
2022-06-06,12.98,13.31,12.91,13.25,7961810.0,104755613.0,297708290.0,0.0267436623951587
2022-06-07,13.28,13.4,13.02,13.33,8260158.0,109199468.0,297708290.0,0.0277458111764371
2022-06-08,13.25,13.47,12.92,13.37,9076700.0,119971291.0,297708290.0,0.0304885698681753
2022-06-09,13.33,13.37,12.94,12.99,6516800.0,85357465.0,297708290.0,0.0218898842219005
2022-06-10,12.85,13.25,12.8,13.18,5460900.0,71558143.0,297708290.0,0.0183431237336387
2022-06-13,13.18,13.34,13.03,13.15,5465868.0,72033588.0,297708290.0,0.0183598112098255
2022-06-14,13.08,13.23,12.71,13.21,6100580.0,79197398.0,297708290.0,0.020491804242334
2022-06-15,13.21,13.58,13.17,13.32,9135641.0,122545410.0,297708290.0,0.0306865522622833
2022-06-16,13.32,13.66,13.25,13.51,8025610.0,108550715.0,297708290.0,0.0269579661352393
2022-06-17,13.45,13.67,13.21,13.6,7263059.0,97845340.0,297708290.0,0.0243965628232925
2022-06-20,13.57,14.28,13.57,14.0,10024921.0,140258512.0,297708290.0,0.0336736373716701
2022-06-21,14.04,14.08,13.66,13.93,9862264.0,136795076.0,297708290.0,0.0331272736812266
2022-06-22,13.92,14.25,13.81,13.87,7925576.0,111188399.0,297708290.0,0.0266219526503611
2022-06-23,13.88,13.99,13.59,13.91,5692400.0,78485032.0,297708290.0,0.0191207305648089
2022-06-24,13.91,14.17,13.89,13.95,6386763.0,89388906.0,297708290.0,0.0214530908763071
2022-06-27,13.96,14.15,13.88,13.98,5614457.0,78657115.0,297708290.0,0.0188589205896819
2022-06-28,13.94,14.09,13.73,14.08,6113610.0,85394117.0,297708290.0,0.0205355719184037
2022-06-29,14.03,14.55,13.97,14.08,11398092.0,162328903.0,297708290.0,0.0382861088617989
2022-06-30,14.1,14.54,14.02,14.34,9045900.0,129172548.0,306520790.0,0.0295115381896281
2022-07-01,14.33,14.67,14.21,14.5,8085978.0,117186426.0,306520790.0,0.0263798680670241
2022-07-04,14.69,14.85,14.49,14.6,10024611.0,146948997.0,306520790.0,0.032704505948846
2022-07-05,14.6,14.66,14.13,14.3,8535818.0,122564872.0,306520790.0,0.027847435731847
2022-07-06,14.33,14.48,14.11,14.26,5837102.0,83451100.0,306520790.0,0.0190430867674587
2022-07-07,14.2,14.31,14.07,14.18,4704344.0,66820173.0,306520790.0,0.0153475527712165
2022-07-08,14.18,14.51,14.18,14.35,5408200.0,77672009.0,306520790.0,0.0176438276829444
2022-07-11,14.35,14.55,14.0,14.14,5637470.0,80388145.0,306520790.0,0.018391803048661
2022-07-12,14.2,14.21,13.62,13.62,6432000.0,88736663.0,306520790.0,0.0209838947628968
2022-07-13,13.63,13.74,13.47,13.64,4044800.0,55019572.0,306520790.0,0.013195842278757
2022-07-14,13.64,13.83,13.52,13.65,4057100.0,55684051.0,306520790.0,0.0132359700625853
2022-07-15,13.54,13.58,12.98,13.0,8020660.0,105443704.0,306520790.0,0.0261667732227885
2022-07-18,13.01,13.31,12.92,13.29,4500200.0,59273879.0,306520790.0,0.0146815490068389
2022-07-19,13.31,13.46,13.16,13.38,4680600.0,62431707.0,306520790.0,0.0152700898363207
2022-07-20,13.46,13.93,13.39,13.72,6287400.0,85935583.0,306520790.0,0.0205121486213055
2022-07-21,13.7,13.9,13.6,13.61,4583500.0,62744459.0,306520790.0,0.0149533087135786
2022-07-22,13.69,13.9,13.31,13.4,4838501.0,65482084.0,306520790.0,0.0157852294456111
2022-07-25,13.42,13.71,13.3,13.35,4469595.0,60367118.0,306520790.0,0.0145817025983784
2022-07-26,13.34,13.39,13.19,13.32,3455816.0,45872852.0,306520790.0,0.011274328243771
2022-07-27,13.29,13.5,13.28,13.41,2971528.0,39804993.0,306520790.0,0.0096943766848571
2022-07-28,13.45,13.64,13.43,13.45,4046518.0,54726418.0,306520790.0,0.0132014471188071
2022-07-29,13.45,13.52,13.15,13.15,4247200.0,56351442.0,306520790.0,0.0138561563801267
2022-08-01,13.19,13.21,12.9,12.99,4048233.0,52654461.0,306520790.0,0.0132070421715929
2022-08-02,12.89,12.89,12.0,12.15,10297185.0,126149324.0,306520790.0,0.0335937572130099
2022-08-03,12.05,12.39,12.03,12.07,5619192.0,68946594.0,306520790.0,0.0183321725094079
2022-08-04,12.22,12.44,12.15,12.42,4522691.0,55625192.0,306520790.0,0.0147549241276586
2022-08-05,12.47,12.95,12.4,12.91,5821200.0,73945340.0,306520790.0,0.0189912077415695
2022-08-08,12.96,13.12,12.8,12.91,3958235.0,51193944.0,306520790.0,0.0129134307659849
2022-08-09,12.88,12.88,12.65,12.83,3957246.0,50390615.0,306520790.0,0.0129102042311714
2022-08-10,12.87,12.87,12.63,12.7,2199400.0,28014598.0,306520790.0,0.0071753697359321
2022-08-11,12.77,13.18,12.74,13.15,4783876.0,62396669.0,306520790.0,0.0156070196739346
2022-08-12,13.2,13.38,13.12,13.28,3947900.0,52435366.0,306520790.0,0.0128797136403047
2022-08-15,13.31,13.41,13.1,13.18,3673300.0,48535877.0,306520790.0,0.0119838527102843
2022-08-16,13.19,13.73,13.13,13.49,6652878.0,89149560.0,306520790.0,0.0217044918878096
2022-08-17,14.04,14.56,13.58,13.58,15081710.0,210798472.0,306520790.0,0.0492028941984653
2022-08-18,13.65,13.73,13.2,13.2,8568800.0,114588523.0,306520790.0,0.027955036916093
2022-08-19,13.21,13.45,13.14,13.15,6390300.0,84697690.0,306520790.0,0.0208478517884545
2022-08-22,13.17,13.3,12.92,13.17,4301800.0,56536002.0,306520790.0,0.014034284591267
2022-08-23,13.1,13.19,12.9,12.98,4608100.0,59814734.0,306520790.0,0.0150335642812352
2022-08-24,12.93,13.06,12.6,12.66,4518200.0,57758162.0,306520790.0,0.0147402725929291
2022-08-25,12.7,12.72,12.38,12.64,3976678.0,49865042.0,306520790.0,0.0129735996047772
2022-08-26,12.64,12.91,12.58,12.79,3481170.0,44525327.0,306520790.0,0.0113570436772004
2022-08-29,12.59,12.84,12.39,12.84,3255527.0,41238012.0,306520790.0,0.010620901114081
2022-08-30,12.74,13.08,12.74,12.97,2980891.0,38632681.0,306520790.0,0.0097249227368884
2022-08-31,12.92,12.98,12.66,12.78,2940272.0,37654465.0,306520790.0,0.0095924064400329
2022-09-01,12.88,13.31,12.76,13.16,8150887.0,106860256.0,306520790.0,0.0265916285808867
2022-09-02,13.08,13.24,12.78,12.85,5826072.0,75335721.0,306520790.0,0.0190071022588712
2022-09-05,12.86,13.1,12.59,12.68,3749272.0,47748221.0,306520790.0,0.0122317053926423
2022-09-06,12.7,12.77,12.6,12.71,3138200.0,39779559.0,306520790.0,0.0102381309926807
2022-09-07,12.73,12.74,12.55,12.59,3039099.0,38360443.0,306520790.0,0.0099148217646183
2022-09-08,12.65,12.65,12.4,12.41,2878618.0,35894012.0,306520790.0,0.0093912651079882
2022-09-09,12.45,12.6,12.43,12.49,2989827.0,37424949.0,306520790.0,0.0097540757349607
2022-09-13,12.59,12.73,12.52,12.53,3222426.0,40640367.0,306520790.0,0.0105129117016826
2022-09-14,12.43,12.47,12.17,12.47,2656000.0,32788987.0,306520790.0,0.0086649913697534
2022-09-15,12.59,12.65,12.1,12.19,4073901.0,50254347.0,306520790.0,0.0132907820053576
2022-09-16,12.19,12.24,11.81,11.81,4775775.0,57178666.0,306520790.0,0.0155805907977726
2022-09-19,11.81,11.82,11.4,11.57,4218001.0,48684807.0,306520790.0,0.0137608969362241
2022-09-20,11.66,11.73,11.55,11.61,2829200.0,32902038.0,306520790.0,0.009230042764799
2022-09-21,11.58,11.72,11.36,11.69,2628035.0,30368640.0,306520790.0,0.0085737577539194
2022-09-22,11.58,11.77,11.52,11.56,2150759.0,25091755.0,306520790.0,0.0070166822942091
2022-09-23,11.57,11.62,11.21,11.28,2815500.0,32039397.0,306520790.0,0.0091853475909415
2022-09-26,11.18,11.27,10.8,10.84,4292678.0,47129670.0,306520790.0,0.0140045247828051
2022-09-27,10.83,11.42,10.83,11.26,5789900.0,64394678.0,306520790.0,0.0188890939502015
2022-09-28,11.19,11.52,11.1,11.11,4574127.0,51601784.0,306520790.0,0.0149227300373328
2022-09-29,11.24,11.44,11.17,11.25,4059027.0,45907379.0,306520790.0,0.0132422567487184
2022-09-30,11.25,11.52,11.21,11.36,4235076.0,48210957.0,306520790.0,0.0138166027824735
2022-10-10,11.36,11.66,11.2,11.28,4320300.0,49413630.0,306520790.0,0.0140946393880819
2022-10-11,11.11,11.25,10.81,11.01,3956046.0,43349678.0,306520790.0,0.012906289325432
2022-10-12,10.98,11.34,10.85,11.32,3312261.0,36578373.0,306520790.0,0.0108059913325944
2022-10-13,11.27,11.95,11.22,11.81,5865915.0,68495264.0,306520790.0,0.0191370869166818
2022-10-14,11.8,12.68,11.76,12.38,8726197.0,107895823.0,306520790.0,0.0284685322649729
2022-10-17,12.23,12.73,12.23,12.67,7480767.0,94328547.0,306520790.0,0.0244054147191777
2022-10-18,12.5,12.75,12.31,12.61,6896462.0,86794624.0,306520790.0,0.0224991655541537
2022-10-19,12.66,13.87,12.56,12.86,29584499.0,393412888.0,306520790.0,0.0965171041089904
2022-10-20,12.78,13.69,12.7,13.07,28585528.0,374436639.0,306520790.0,0.0932580396912065
2022-10-21,12.92,12.92,12.23,12.58,18789259.0,236056944.0,306520790.0,0.061298481580972
2022-10-24,12.69,12.73,12.0,12.05,11545335.0,141940179.0,306520790.0,0.0376657485451476
2022-10-25,12.1,12.1,11.38,11.63,9988359.0,116156551.0,306520790.0,0.0325862366464604
2022-10-26,11.74,12.39,11.62,12.26,12215153.0,148690053.0,306520790.0,0.0398509771555789
2022-10-27,12.22,12.61,12.11,12.46,9023045.0,111610030.0,306520790.0,0.0294369755474008
2022-10-28,12.35,12.64,11.82,11.91,8034546.0,97466046.0,306520790.0,0.0262120752070357
2022-10-31,11.99,13.1,11.98,12.68,18777159.0,239624074.0,306520790.0,0.0612590062814336
2022-11-01,12.76,13.0,12.29,12.69,13425324.0,168745012.0,306520790.0,0.0437990649834877
2022-11-02,12.53,13.07,12.52,12.77,10655047.0,136873420.0,306520790.0,0.0347612538777549
2022-11-03,12.76,13.03,12.5,12.92,9345059.0,119870129.0,306520790.0,0.0304875209280257
2022-11-04,13.02,13.05,12.8,12.95,7230319.0,93482591.0,306520790.0,0.0235883477920045
2022-11-07,12.88,13.16,12.86,13.04,5904700.0,76887887.0,306520790.0,0.019263619932599
2022-11-08,12.99,13.15,12.77,13.07,5300985.0,68782797.0,306520790.0,0.017294047167241
2022-11-09,13.15,13.51,13.01,13.23,7318500.0,97154717.0,306520790.0,0.023876031377839
2022-11-10,13.08,13.47,13.08,13.19,6782146.0,90235453.0,306520790.0,0.0221262185837378
2022-11-11,13.42,13.83,13.06,13.1,13957185.0,188238745.0,306520790.0,0.0455342197180165
2022-11-14,12.98,13.55,12.86,13.42,9855326.0,131377823.0,306520790.0,0.032152226933775
2022-11-15,13.41,13.55,13.27,13.51,6614000.0,88773126.0,306520790.0,0.0215776554666977
2022-11-16,13.45,13.84,13.39,13.5,7096200.0,96589974.0,306520790.0,0.023150795089625
2022-11-17,13.45,13.8,13.45,13.77,6760041.0,92502674.0,306520790.0,0.0220541027575976
2022-11-18,13.75,14.4,13.7,14.09,11189274.0,158004325.0,306520790.0,0.0365041275014331
2022-11-21,13.96,14.21,13.8,14.06,8403029.0,117352948.0,306520790.0,0.0274142220499953
2022-11-22,14.04,14.24,13.45,13.58,9544501.0,131462574.0,306520790.0,0.031138184786748
2022-11-23,13.41,13.61,12.96,13.09,8392002.0,110287907.0,306520790.0,0.0273782473286722
2022-11-24,13.19,13.44,13.1,13.24,7200101.0,95352563.0,306520790.0,0.0234897639406449
2022-11-25,13.2,13.38,12.9,13.24,5532843.0,72743464.0,306520790.0,0.0180504656796689
2022-11-28,13.6,13.87,12.78,12.9,12109703.0,160092966.0,306520790.0,0.0395069548137338
2022-11-29,12.75,13.66,12.75,13.43,12119974.0,162171619.0,306520790.0,0.0395404631444412
2022-11-30,13.44,13.6,13.01,13.09,8462609.0,111906882.0,306520790.0,0.0276085971199539
2022-12-01,13.17,13.26,12.68,12.82,9407201.0,120868304.0,306520790.0,0.0306902543217378
2022-12-02,12.8,13.01,12.66,12.94,5924900.0,76309438.0,306520790.0,0.019329520845878
2022-12-05,12.95,13.12,12.8,13.04,7537506.0,97566739.0,306520790.0,0.0245905212497984
2022-12-06,13.03,13.06,12.7,12.78,6888300.0,88256876.0,306520790.0,0.0224725376702833
2022-12-07,12.68,13.32,12.56,13.29,11774100.0,153828428.0,306520790.0,0.0384120763880322
2022-12-08,13.3,13.56,12.95,13.02,8306012.0,109255419.0,306520790.0,0.0270977117082335
2022-12-09,13.0,13.38,12.86,13.11,10053808.0,132125371.0,306520790.0,0.0327997588679058
2022-12-12,13.15,13.4,13.0,13.09,8115101.0,106880423.0,306520790.0,0.0264748795668965
2022-12-13,13.2,13.2,12.73,12.99,6693100.0,86158893.0,306520790.0,0.0218357130033496
2022-12-14,13.05,13.05,12.66,12.7,5733400.0,73144143.0,306520790.0,0.0187047671383073
2022-12-15,12.68,12.83,12.6,12.71,3947546.0,50124028.0,306520790.0,0.0128785587431116
2022-12-16,12.6,12.9,12.48,12.76,5521502.0,70051188.0,306520790.0,0.0180134665580106
2022-12-19,12.89,12.91,12.1,12.28,6728100.0,82915036.0,306520790.0,0.0219498977540805
2022-12-20,12.11,12.27,11.78,11.78,5509982.0,65589117.0,306520790.0,0.0179758834629129
2022-12-21,11.79,11.95,11.61,11.69,4505485.0,52925930.0,306520790.0,0.0146987909041993
2022-12-22,11.69,11.98,11.56,11.58,4865706.0,57140575.0,306520790.0,0.0158739836211436
2022-12-23,11.52,11.87,11.51,11.76,4021735.0,47232703.0,306520790.0,0.0131205945280253
2022-12-26,11.76,11.94,11.65,11.77,3598000.0,42412183.0,306520790.0,0.0117381923751403
2022-12-27,11.77,11.77,11.45,11.61,3285800.0,38017322.0,306520790.0,0.0107196643986204
2022-12-28,11.59,11.64,11.45,11.47,3358200.0,38718394.0,306520790.0,0.0109558637115609
2022-12-29,11.46,11.59,11.38,11.47,2346725.0,26964497.0,306520790.0,0.0076560059759731
2022-12-30,11.54,11.59,11.33,11.41,3441100.0,39289239.0,306520790.0,0.0112263184497208
2023-01-03,11.42,11.65,11.42,11.65,3631845.0,42076105.0,306520790.0,0.0118486090290971
2023-01-04,11.65,11.76,11.52,11.59,4055600.0,47104894.0,306520790.0,0.0132310764304111
2023-01-05,11.6,11.85,11.52,11.82,5038101.0,59073054.0,306520790.0,0.0164364087669224
2023-01-06,11.75,11.87,11.68,11.75,3674797.0,43301738.0,306520790.0,0.0119887365551941
2023-01-09,11.77,11.84,11.66,11.74,3073400.0,36026926.0,306520790.0,0.010026726082756
2023-01-10,11.73,11.76,11.59,11.64,2219200.0,25824775.0,306520790.0,0.0072399656806313
2023-01-11,11.67,11.75,11.56,11.64,3048115.0,35591475.0,306520790.0,0.0099442357564066
2023-01-12,11.67,11.67,11.51,11.56,2298600.0,26606339.0,306520790.0,0.007499001943718
2023-01-13,11.62,11.85,11.5,11.82,4786700.0,56370720.0,306520790.0,0.0156162327521079
2023-01-16,11.83,12.5,11.81,12.29,8567100.0,105248169.0,306520790.0,0.0279494907996289
2023-01-17,12.29,12.37,12.11,12.17,3729550.0,45600633.0,306520790.0,0.0121673639168162
2023-01-18,12.32,12.32,12.1,12.18,2540606.0,31004590.0,306520790.0,0.0082885275090149
2023-01-19,12.12,12.3,12.12,12.25,2536600.0,31061040.0,306520790.0,0.0082754582486884
2023-01-20,12.33,12.47,12.26,12.37,3386663.0,41868792.0,306520790.0,0.0110487220132768
2023-01-30,12.46,12.57,12.38,12.43,3896900.0,48520793.0,306520790.0,0.0127133301463825
2023-01-31,12.17,12.33,12.1,12.24,5270866.0,64430553.0,306520790.0,0.0171957862956049
2023-02-01,12.32,12.49,12.22,12.43,4860999.0,60048659.0,306520790.0,0.015858627403381
2023-02-02,12.45,12.75,12.37,12.7,6355080.0,80058579.0,306520790.0,0.0207329493050047
2023-02-03,12.75,13.9,12.75,13.33,22030113.0,295135442.0,306520790.0,0.0718715131851252
2023-02-06,13.48,13.62,13.09,13.18,12892032.0,171157086.0,306520790.0,0.0420592417238648
2023-02-07,13.16,13.39,13.07,13.25,8562918.0,113431744.0,306520790.0,0.0279358473531273
2023-02-08,13.18,13.51,13.16,13.24,8104948.0,108336793.0,306520790.0,0.0264417562019202
2023-02-09,13.32,13.43,13.21,13.41,6582190.0,87894974.0,306520790.0,0.0214738778403905
2023-02-10,13.34,14.08,13.34,13.71,11188157.0,153724381.0,306520790.0,0.036500483376674
2023-02-13,13.67,13.89,13.58,13.72,7739660.0,106132036.0,306520790.0,0.0252500327954916
2023-02-14,13.72,13.79,13.62,13.71,5003503.0,68561372.0,306520790.0,0.0163235355096142
2023-02-15,13.71,13.86,13.65,13.81,5693353.0,78347251.0,306520790.0,0.0185741169465209
2023-02-16,13.78,14.04,13.3,13.4,10544754.0,144011374.0,306520790.0,0.0344014316288301
2023-02-17,13.4,13.65,13.36,13.42,6151389.0,83077944.0,306520790.0,0.0200684234175437
2023-02-20,13.44,13.44,13.09,13.4,5403700.0,71945673.0,306520790.0,0.0176291467864218
2023-02-21,13.43,13.48,13.17,13.27,4257900.0,56555474.0,306520790.0,0.0138910642896359
2023-02-22,13.16,13.39,13.15,13.3,3005700.0,39948882.0,306520790.0,0.0098058601506279
2023-02-23,13.29,13.42,13.08,13.13,3748200.0,49565815.0,306520790.0,0.0122282080768485
2023-02-24,13.16,13.18,12.93,12.95,2977508.0,38787575.0,306520790.0,0.0097138859651249
2023-02-27,12.95,13.07,12.6,12.71,5130000.0,65392562.0,306520790.0,0.0167362220357059
2023-02-28,12.63,12.92,12.63,12.92,3737461.0,47925611.0,306520790.0,0.0121931729329028
2023-03-01,12.99,13.01,12.76,12.89,3310686.0,42572222.0,306520790.0,0.0108008530188115
2023-03-02,12.89,12.93,12.62,12.73,4386732.0,55861727.0,306520790.0,0.0143113685698121
2023-03-03,12.74,12.92,12.69,12.86,4610792.0,59168793.0,306520790.0,0.0150423467197771
2023-03-06,12.83,13.15,12.7,13.05,7116140.0,92157179.0,306520790.0,0.0232158477733272
2023-03-07,13.0,13.18,12.57,12.57,6207807.0,79595864.0,306520790.0,0.020252482710879
2023-03-08,12.56,12.75,12.54,12.69,2642446.0,33471930.0,306520790.0,0.0086207725094275
2023-03-09,12.72,12.78,12.62,12.71,2424100.0,30781064.0,306520790.0,0.0079084358356247
2023-03-10,12.74,12.87,12.52,12.84,4546500.0,57858233.0,306520790.0,0.0148325991199487
2023-03-13,12.79,12.79,12.23,12.49,5137500.0,63869794.0,306520790.0,0.0167606901965768
2023-03-14,12.53,12.63,12.16,12.25,3950869.0,48820602.0,306520790.0,0.0128893997695882
2023-03-15,12.36,12.66,12.3,12.5,4230500.0,53026679.0,306520790.0,0.0138016739419208
2023-03-16,12.41,12.5,12.26,12.29,3127072.0,38642647.0,306520790.0,0.0102018267667912
2023-03-17,12.38,12.43,12.1,12.23,3494025.0,42816751.0,306520790.0,0.0113989821049332
2023-03-20,12.2,12.29,12.0,12.06,3507267.0,42442539.0,306520790.0,0.0114421830897669
2023-03-21,12.07,12.36,12.06,12.33,2755075.0,33758388.0,306520790.0,0.0089882157748582
2023-03-22,12.34,12.67,12.33,12.54,4169900.0,52356230.0,306520790.0,0.0136039712020838
2023-03-23,12.57,12.61,12.36,12.43,3952500.0,49297451.0,306520790.0,0.0128947207789722
2023-03-24,12.54,12.83,12.47,12.54,5849000.0,73626482.0,306520790.0,0.0190819030578643
2023-03-27,12.53,13.79,12.46,13.79,14003375.0,186456271.0,306520790.0,0.0456849109647668
2023-03-28,14.19,14.28,13.6,13.73,38947443.0,540660963.0,306520790.0,0.1270629734446397
2023-03-29,13.51,14.26,13.45,13.89,25656568.0,355799081.0,306520790.0,0.0837025377626098
2023-03-30,13.85,13.97,13.58,13.64,13428300.0,184722101.0,306520790.0,0.0438087739497213
2023-03-31,13.78,13.84,13.3,13.66,12657155.0,171119743.0,306520790.0,0.041292973961081
2023-04-03,13.67,13.86,13.52,13.67,10523091.0,143961365.0,306520790.0,0.0343307577929705
2023-04-04,13.61,13.74,13.34,13.39,8768300.0,118298219.0,306520790.0,0.0286058899952593
2023-04-06,13.34,13.6,13.25,13.49,8205056.0,110211031.0,306520790.0,0.0267683506883823
2023-04-07,13.42,13.96,13.41,13.69,10108200.0,138634521.0,306520790.0,0.0329772084953846
2023-04-10,13.69,13.85,13.3,13.38,9188862.0,124535989.0,306520790.0,0.0299779404848852
2023-04-11,13.4,13.53,13.29,13.43,4920744.0,66055753.0,306520790.0,0.0160535407728787
2023-04-12,13.35,13.98,13.32,13.72,9272085.0,126566979.0,306520790.0,0.0302494489851732
2023-04-13,13.82,15.09,13.73,15.09,14509591.0,210925753.0,306520790.0,0.0473364009012243
2023-04-14,16.6,16.6,16.6,16.6,4113000.0,68275800.0,306520790.0,0.0134183394216098
2023-04-17,16.27,16.27,14.94,14.95,48348949.0,738891864.0,306520790.0,0.1577346482762229
2023-04-18,14.52,14.74,14.0,14.12,33865839.0,484559696.0,306520790.0,0.1104846395574016
2023-04-19,14.0,14.37,13.9,14.11,21273920.0,300872354.0,306520790.0,0.0694044929219972
2023-04-20,14.12,14.45,13.72,14.44,22817497.0,324475510.0,306520790.0,0.0744402916356831
2023-04-21,14.25,14.45,13.46,13.62,19171801.0,267009763.0,306520790.0,0.0625464948070896
2023-04-24,13.62,13.95,13.45,13.8,11453400.0,157201868.0,306520790.0,0.0373658178291919
2023-04-25,13.7,13.89,12.65,12.68,19143739.0,249009890.0,306520790.0,0.0624549447363749
2023-04-26,12.57,12.88,12.49,12.75,10626101.0,135644760.0,306520790.0,0.0346668198264789
2023-04-27,12.62,12.85,12.45,12.55,9038458.0,114140050.0,306520790.0,0.0294872592492013
2023-04-28,12.47,12.75,12.39,12.66,7774797.0,98061183.0,306520790.0,0.0253646644979611
2023-05-04,12.49,13.41,12.47,13.06,17944949.0,233965674.0,306520790.0,0.0585439865269823
2023-05-05,13.2,14.13,13.06,13.64,25794088.0,350649901.0,306520790.0,0.0841511859603389
2023-05-08,13.3,13.3,12.51,12.73,21829932.0,279592912.0,306520790.0,0.0712184383969518
2023-05-09,12.75,12.8,12.26,12.28,12311991.0,152809814.0,306520790.0,0.0401669035239012
2023-05-10,12.17,12.44,12.07,12.22,7354400.0,90053748.0,306520790.0,0.0239931523078744
2023-05-11,12.22,12.43,12.22,12.32,5558953.0,68510995.0,306520790.0,0.0181356475037141
2023-05-12,12.3,12.34,12.0,12.09,5956217.0,72378550.0,306520790.0,0.0194316900984106
2023-05-15,12.08,12.19,11.88,12.19,5791168.0,69891689.0,306520790.0,0.0188932307005994
2023-05-16,12.21,12.26,12.07,12.11,4285700.0,52018635.0,306520790.0,0.0139817596059308
2023-05-17,12.11,12.19,11.94,12.19,3625200.0,43901595.0,306520790.0,0.0118269302385655
2023-05-18,12.18,12.34,12.14,12.22,4533061.0,55385923.0,306520790.0,0.0147887554380895
2023-05-19,12.16,12.17,11.98,12.1,5180435.0,62553044.0,306520790.0,0.0169007622615092
2023-05-22,12.1,12.15,11.96,11.98,4076411.0,48985505.0,306520790.0,0.0132989706831957
2023-05-23,11.98,12.25,11.96,12.09,4818100.0,58488343.0,306520790.0,0.0157186727856208
2023-05-24,11.97,12.05,11.77,11.93,5030533.0,59984401.0,306520790.0,0.0164117187613929
2023-05-25,11.88,11.96,11.66,11.76,5430000.0,63939877.0,306520790.0,0.0177149484705425
2023-05-26,11.79,11.83,11.63,11.72,3975499.0,46533822.0,306520790.0,0.0129697532098883
2023-05-29,11.73,11.87,11.52,11.55,4434500.0,51654950.0,306520790.0,0.0144672079176097
2023-05-30,11.56,11.77,11.53,11.7,4830700.0,56329291.0,306520790.0,0.0157597792958839
2023-05-31,11.61,12.15,11.59,11.78,7594133.0,90289696.0,306520790.0,0.0247752623892167
2023-06-01,11.7,12.12,11.6,11.99,6462449.0,77017247.0,306520790.0,0.0210832322336113
2023-06-02,12.0,12.12,11.95,11.95,4220933.0,50712965.0,306520790.0,0.0137704623559139
2023-06-05,11.95,12.07,11.92,12.06,3661100.0,43955790.0,306520790.0,0.0119440511686009
2023-06-06,12.08,12.27,11.91,11.91,7543000.0,91078165.0,306520790.0,0.0246084449932417
2023-06-07,11.87,11.97,11.75,11.83,3887933.0,46146940.0,306520790.0,0.0126840760132453
2023-06-08,11.78,11.86,11.57,11.61,4607701.0,53798289.0,306520790.0,0.0150322625750768
2023-06-09,11.6,11.69,11.37,11.37,6740835.0,77320923.0,306520790.0,0.0219914446912393
2023-06-12,11.29,11.5,11.16,11.46,5213245.0,58878569.0,306520790.0,0.0170078023092658
2023-06-13,11.5,11.52,11.27,11.36,4267100.0,48467100.0,306520790.0,0.0139210785669709
2023-06-14,11.34,11.45,11.26,11.35,4273400.0,48560403.0,306520790.0,0.0139416318221025
2023-06-15,11.32,11.41,11.22,11.39,3160987.0,35816929.0,306520790.0,0.0103124717902495
2023-06-16,11.51,11.87,11.42,11.64,7217087.0,84133334.0,306520790.0,0.0235451794313853
2023-06-19,11.68,11.8,11.56,11.62,4027935.0,46961411.0,306520790.0,0.0131408215410119
2023-06-20,11.59,11.72,11.48,11.59,4224646.0,48999103.0,306520790.0,0.0137825757267557
2023-06-21,11.57,11.57,11.2,11.22,4210300.0,47753373.0,306520790.0,0.0137357730286418
2023-06-26,11.18,11.22,11.02,11.02,3427833.0,38024840.0,306520790.0,0.0111830359043508
2023-06-27,11.01,11.34,11.01,11.32,3212686.0,36135169.0,306520790.0,0.0104811357167649
2023-06-28,11.33,11.36,11.01,11.1,3700400.0,41109412.0,306520790.0,0.0120722643315645
2023-06-29,11.11,11.37,11.1,11.23,2905700.0,32722583.0,306520790.0,0.0094796180056824
2023-06-30,11.23,11.44,11.23,11.41,2971500.0,33838127.0,310762040.0,0.0095619786766749
2023-07-03,11.4,11.51,11.38,11.43,2327300.0,26612480.0,310762040.0,0.007489009918972
2023-07-04,11.48,11.61,11.35,11.52,3481500.0,39956925.0,310762040.0,0.0112031057589916
2023-07-05,11.57,11.58,11.41,11.44,2097300.0,24097852.0,310762040.0,0.0067488937838096
2023-07-06,11.43,11.43,11.26,11.3,2613101.0,29586788.0,310762040.0,0.0084086878822136
2023-07-07,11.29,11.32,11.17,11.22,1696301.0,19076610.0,310762040.0,0.0054585206095313
2023-07-10,11.19,11.27,11.15,11.17,2737800.0,30659521.0,310762040.0,0.008809956325425
2023-07-11,11.17,11.26,11.15,11.25,2520429.0,28250439.0,310762040.0,0.0081104790018755
2023-07-12,11.24,11.28,11.07,11.07,4047025.0,45148982.0,310762040.0,0.0130229065300253
2023-07-13,11.12,11.19,11.08,11.19,2320692.0,25858410.0,310762040.0,0.0074677460606192
2023-07-14,11.19,11.35,11.14,11.3,3569737.0,40221063.0,310762040.0,0.0114870432695061
2023-07-17,11.18,11.18,10.4,10.63,12261642.0,130795412.0,310762040.0,0.0394566916860244
2023-07-18,10.71,10.71,10.49,10.58,3357302.0,35473769.0,310762040.0,0.0108034494817964
2023-07-19,10.59,10.87,10.58,10.6,4092017.0,43745492.0,310762040.0,0.013167686117648
2023-07-20,10.61,10.69,10.44,10.47,3342897.0,35204095.0,310762040.0,0.0107570956864615
2023-07-21,10.47,10.63,10.41,10.54,3332029.0,35124707.0,310762040.0,0.010722123590127
2023-07-24,10.55,10.63,10.51,10.58,2085317.0,22065570.0,310762040.0,0.0067103337331676
2023-07-25,10.61,10.79,10.61,10.79,4403344.0,47268245.0,310762040.0,0.0141695041003077
2023-07-26,10.79,10.88,10.72,10.86,2691314.0,29086103.0,310762040.0,0.00866036920082
2023-07-27,10.86,10.88,10.73,10.76,2338914.0,25201405.0,310762040.0,0.0075263825659015
2023-07-28,10.71,10.88,10.69,10.86,2405600.0,26015435.0,310762040.0,0.0077409711945513
2023-07-31,10.98,11.19,10.89,11.06,4204245.0,46481491.0,310762040.0,0.0135288241768524
2023-08-01,11.06,11.16,11.0,11.05,2172500.0,24051449.0,310762040.0,0.0069908795810453
2023-08-02,11.05,11.06,10.84,10.96,3218100.0,35199219.0,310762040.0,0.0103555118894186
2023-08-03,10.9,11.21,10.89,11.14,4410300.0,48970882.0,310762040.0,0.014191887786552
2023-08-04,11.16,11.2,11.05,11.06,2927400.0,32564188.0,310762040.0,0.0094200694524981
2023-08-07,11.07,11.09,10.79,10.84,3032200.0,32967598.0,310762040.0,0.009757304978433
2023-08-08,10.84,10.9,10.71,10.84,2218001.0,23972661.0,310762040.0,0.0071372970778541
2023-08-09,10.8,11.15,10.8,11.03,4560601.0,50314842.0,310762040.0,0.0146755408092957
2023-08-10,11.08,11.13,10.89,10.94,2587900.0,28397902.0,310762040.0,0.0083275936790735
2023-08-11,10.94,11.08,10.84,10.87,2631611.0,28864756.0,310762040.0,0.008468251141613
2023-08-14,10.78,10.93,10.66,10.9,2831101.0,30475278.0,310762040.0,0.009110189262498
2023-08-15,10.88,10.9,10.7,10.82,2635100.0,28418123.0,310762040.0,0.0084794783815938
2023-08-16,10.82,11.9,10.73,11.9,10415501.0,122266719.0,310762040.0,0.0335160015039159
2023-08-17,11.69,12.01,11.61,11.83,23821507.0,280542235.0,310762040.0,0.076655137802545
2023-08-18,11.7,11.75,11.41,11.42,11111900.0,127988116.0,310762040.0,0.035756941227442
2023-08-21,11.31,11.54,11.14,11.42,9629735.0,109712298.0,310762040.0,0.0309874880471244
2023-08-22,11.19,11.2,10.28,10.28,20307844.0,211855278.0,310762040.0,0.0653485348467914
2023-08-23,10.09,10.26,9.85,9.9,11293419.0,113057714.0,310762040.0,0.0363410505350009
2023-08-24,9.86,9.97,9.69,9.8,8454800.0,82953449.0,310762040.0,0.0272066691285718
2023-08-25,9.72,9.82,9.36,9.39,9147507.0,87613337.0,310762040.0,0.0294357283791804
2023-08-28,9.97,10.05,9.56,9.56,12363228.0,121824950.0,310762040.0,0.0397835848934445
2023-08-29,9.55,9.97,9.55,9.97,7120400.0,69865087.0,310762040.0,0.0229127083861336
2023-08-30,9.96,10.2,9.88,10.08,6187400.0,62071743.0,310762040.0,0.0199104111943659
2023-08-31,10.06,10.13,9.93,10.1,4157510.0,41688977.0,310762040.0,0.0133784357960837
2023-09-01,10.12,10.13,9.96,9.99,2780200.0,27812593.0,310762040.0,0.0089463951259941
2023-09-04,10.03,10.1,9.97,10.1,3073700.0,30879131.0,310762040.0,0.0098908476723862
2023-09-05,10.09,10.2,10.0,10.04,2705848.0,27261158.0,310762040.0,0.0087071381047698
2023-09-06,10.0,10.08,9.96,10.03,2258200.0,22660857.0,310762040.0,0.0072666532887993
2023-09-07,10.03,10.08,9.84,9.84,3165400.0,31442592.0,310762040.0,0.0101859287575792
2023-09-08,9.84,9.92,9.8,9.85,2439700.0,24039139.0,310762040.0,0.0078507014563297
2023-09-11,9.85,10.07,9.75,10.05,4095600.0,40915710.0,310762040.0,0.0131792158398754
2023-09-12,10.1,10.23,10.03,10.16,4398500.0,44597679.0,310762040.0,0.0141539166109219
2023-09-13,10.14,10.16,9.89,9.98,2820500.0,28202156.0,310762040.0,0.0090760763444595
2023-09-14,9.95,10.02,9.85,9.91,2932901.0,29046721.0,310762040.0,0.0094377710997134
2023-09-15,9.91,10.25,9.89,10.14,5243607.0,52983064.0,310762040.0,0.0168733832484817
2023-09-18,10.1,10.28,10.08,10.27,3504300.0,35813403.0,310762040.0,0.0112764737932599
2023-09-19,10.27,10.38,10.12,10.16,2856341.0,29229577.0,310762040.0,0.0091914089635915
2023-09-20,10.13,10.26,10.11,10.12,1949841.0,19847124.0,310762040.0,0.0062743860221795
2023-09-21,10.04,10.15,9.93,9.99,2726500.0,27308161.0,310762040.0,0.0087735940979149
2023-09-22,9.96,10.19,9.88,10.16,2450932.0,24660715.0,310762040.0,0.0078868448668955
2023-09-25,10.18,10.28,10.14,10.23,2374032.0,24237173.0,310762040.0,0.0076393886460521
2023-09-26,10.2,10.23,10.07,10.08,1948626.0,19732949.0,310762040.0,0.0062704762782481
2023-09-27,10.1,10.39,10.05,10.29,3615714.0,37177180.0,310762040.0,0.0116349924849251
2023-09-28,10.29,10.38,10.21,10.26,2224939.0,22847424.0,310762040.0,0.0071596228419661
2023-10-09,10.26,10.27,10.02,10.14,2283200.0,23096203.0,310762040.0,0.0073471006947952
2023-10-10,10.13,10.2,9.98,10.0,2574700.0,25860665.0,310762040.0,0.0082851174487077
2023-10-11,10.09,10.36,9.99,10.21,4114100.0,42168858.0,310762040.0,0.0132387469203124
2023-10-12,10.28,10.66,10.27,10.44,5773000.0,60308879.0,310762040.0,0.0185769149925776
2023-10-13,10.43,10.61,10.31,10.55,4870600.0,51300111.0,310762040.0,0.0156730854257489
2023-10-16,10.61,10.66,10.29,10.37,3793632.0,39503645.0,310762040.0,0.0122075141481243
2023-10-17,10.31,10.38,10.13,10.23,3035200.0,30973174.0,310762040.0,0.0097669586671525
2023-10-18,10.18,10.23,9.92,9.94,3714041.0,37172771.0,310762040.0,0.0119513985684995
2023-10-19,9.88,9.93,9.68,9.75,3478662.0,34063769.0,310762040.0,0.011193973369463
2023-10-20,9.72,9.74,9.54,9.55,2962741.0,28488768.0,310762040.0,0.0095337931235101
2023-10-23,9.49,9.55,9.21,9.25,3934700.0,36727063.0,310762040.0,0.0126614563348856
2023-10-24,9.27,9.51,9.2,9.48,3197300.0,29986710.0,310762040.0,0.01028857964763
2023-10-25,9.51,9.68,9.51,9.61,2504510.0,24056602.0,310762040.0,0.0080592533116335
2023-10-26,9.59,9.78,9.5,9.76,3057710.0,29495937.0,310762040.0,0.0098393935115112
2023-10-27,9.77,10.22,9.6,10.15,4732500.0,47283920.0,305745075.0,0.0154785812984886
2023-10-30,10.1,10.63,10.07,10.55,7664885.0,80600716.0,305745075.0,0.0250695289204576
2023-10-31,10.56,10.88,10.52,10.76,7116200.0,76669692.0,305745075.0,0.0232749456389444
2023-11-01,10.79,10.9,10.63,10.83,8080800.0,87041483.0,305745075.0,0.0264298615439676
2023-11-02,10.9,10.95,10.62,10.67,5262581.0,56280913.0,305745075.0,0.0172123165025634
2023-11-03,10.71,10.81,10.66,10.71,3293900.0,35366869.0,305745075.0,0.010773354239639
2023-11-06,10.8,11.07,10.8,10.94,4021700.0,44014445.0,305745075.0,0.0131537687074763
2023-11-07,10.95,10.95,10.81,10.83,2707310.0,29395200.0,305745075.0,0.0088547951262992
2023-11-08,10.85,11.17,10.8,10.98,5072100.0,55963823.0,305745075.0,0.0165893105555338
2023-11-09,11.0,11.16,10.82,10.86,3725465.0,40812959.0,305745075.0,0.0121848732968143
2023-11-10,10.89,10.92,10.7,10.83,4125610.0,44612789.0,305745075.0,0.0134936270028225
2023-11-13,10.91,10.95,10.75,10.79,3329550.0,36021124.0,305745075.0,0.0108899546460396
2023-11-14,10.86,10.91,10.75,10.81,2999112.0,32455772.0,305745075.0,0.0098091915299044
2023-11-15,10.91,10.92,10.77,10.81,2718100.0,29428791.0,305745075.0,0.0088900859645899
2023-11-16,10.84,10.84,10.66,10.67,2534000.0,27189286.0,305745075.0,0.0082879503455615
2023-11-17,10.67,10.86,10.62,10.82,3245600.0,35009422.0,305745075.0,0.0106153794954832
2023-11-20,10.95,11.9,10.95,11.9,13669350.0,158871214.0,305745075.0,0.0447083244104586
2023-11-21,12.73,13.09,12.46,13.09,45873525.0,590144185.0,304660675.0,0.1505725180973882
2023-11-22,14.19,14.4,14.05,14.4,17418425.0,248882776.0,304660675.0,0.0571731976895278
2023-11-23,15.84,15.84,13.03,13.05,89883594.0,1284703642.0,304660675.0,0.2950285395382912
2023-11-24,13.06,13.94,12.4,13.14,78361346.0,1028104279.0,304660675.0,0.2572086010116008
2023-11-27,12.77,14.2,12.63,13.55,69442357.0,937823910.0,304660675.0,0.2279334443147281
2023-11-28,13.1,14.91,13.07,14.5,75146182.0,1051640026.0,304660675.0,0.2466553387633635
2023-11-29,14.26,15.54,13.65,14.11,68826981.0,1014319876.0,304660675.0,0.2259135708932569
2023-11-30,14.05,14.27,12.95,13.53,53667950.0,727011532.0,304660675.0,0.176156473099129
2023-12-01,13.6,14.88,13.6,14.5,73284737.0,1073173780.0,304660675.0,0.2405454428931466
2023-12-04,14.43,15.3,14.04,14.2,65188442.0,958580921.0,304660675.0,0.2139706478363182
2023-12-05,14.41,15.62,14.32,15.62,37341537.0,576219336.0,304660675.0,0.122567630364503
2023-12-06,15.62,16.48,14.4,14.67,86236286.0,1315332969.0,304660675.0,0.2830568336395893
2023-12-07,14.27,15.95,14.25,15.34,54623812.0,828711925.0,304660675.0,0.1792939374272705
2023-12-08,15.02,16.39,14.51,16.0,60943592.0,943467577.0,304660675.0,0.2000376057723892
2023-12-11,14.68,15.46,14.66,15.02,40645345.0,611070931.0,304660675.0,0.1334118523829831
2023-12-12,14.6,14.8,13.53,13.53,54428639.0,758484927.0,304660675.0,0.1786533132311874
2023-12-13,13.4,13.49,12.88,13.08,43241510.0,567220265.0,304660675.0,0.1419333492909776
2023-12-14,13.06,13.18,12.38,12.45,37071668.0,470822443.0,304660675.0,0.1216818284801607
2023-12-15,12.45,12.59,12.22,12.28,22878119.0,282618745.0,304660675.0,0.0750937711275011
2023-12-18,12.2,12.42,11.92,12.04,19025630.0,229958483.0,304660675.0,0.0624485913713675
2023-12-19,11.99,12.07,11.7,11.84,17367193.0,205683110.0,304660675.0,0.0570050368331915
2023-12-20,11.8,12.08,11.76,11.78,16558200.0,197302187.0,304660675.0,0.0543496465370858
2023-12-21,11.63,11.83,11.48,11.81,17344187.0,201956171.0,304660675.0,0.0569295233131089
2023-12-22,11.77,11.78,11.35,11.41,16742902.0,192377047.0,304660675.0,0.0549559013482787
2023-12-25,11.48,11.51,11.2,11.25,10053388.0,113741685.0,304660675.0,0.0329986402084876
2023-12-26,11.26,11.32,10.95,11.04,11693464.0,129559002.0,304660675.0,0.038381927697101
2023-12-27,11.02,11.16,10.91,11.13,9937400.0,109967689.0,304660675.0,0.0326179281261029
2023-12-28,11.18,11.33,10.92,11.27,12527738.0,140115129.0,304660675.0,0.0411202988373868
2023-12-29,11.32,11.63,11.26,11.52,15816800.0,180878096.0,304660675.0,0.0519161194663538
2024-01-02,11.5,11.57,11.32,11.34,11324700.0,129381414.0,300024604.0,0.037745904332566
2024-01-03,11.35,11.54,11.23,11.35,8192900.0,93125524.0,300024604.0,0.0273074270935459
2024-01-04,11.3,11.38,11.23,11.29,6926400.0,78283416.0,300024604.0,0.0230861066314414
2024-01-05,11.32,11.35,10.95,11.02,8536100.0,94863442.0,300024604.0,0.0284513332779867
2024-01-08,11.02,11.09,10.83,10.83,9656901.0,105977656.0,300024604.0,0.0321870302343603
2024-01-09,10.92,11.07,10.86,10.94,7190900.0,78839568.0,300024604.0,0.0239677009956156
2024-01-10,10.96,11.04,10.76,10.83,6308600.0,68659809.0,300024604.0,0.0210269421770489
2024-01-11,10.88,11.08,10.82,11.04,6458300.0,70952078.0,300024604.0,0.0215259012557516
2024-01-12,11.0,11.06,10.8,10.82,6088600.0,66429665.0,300024604.0,0.0202936689818945
2024-01-15,10.76,11.03,10.7,10.9,6840800.0,74522710.0,300024604.0,0.0228007966973268
2024-01-16,10.91,11.0,10.63,10.8,8503700.0,91498274.0,300024604.0,0.0283433421347003
2024-01-17,10.79,10.83,10.52,10.53,6412220.0,68278566.0,300024604.0,0.0213723138519666
2024-01-18,10.51,10.51,10.17,10.46,9824246.0,101430432.0,300024604.0,0.0327448011563744
2024-01-19,10.49,10.5,10.27,10.29,5002700.0,51787553.0,300024604.0,0.0166742991518122
2024-01-22,10.27,10.29,9.61,9.7,8172700.0,81352946.0,300024604.0,0.0272400992819908
2024-01-23,9.71,9.76,9.48,9.66,6836000.0,65607768.0,300024604.0,0.0227847980094325
2024-01-24,9.75,9.89,9.35,9.72,7613196.0,73218340.0,300024604.0,0.0253752388920743
2024-01-25,9.8,10.09,9.65,10.07,6855220.0,67903126.0,300024604.0,0.0228488594222092
2024-01-26,10.06,10.2,9.95,10.0,5954800.0,60080765.0,300024604.0,0.0198477055568415
2024-01-29,10.01,10.06,9.6,9.61,4812721.0,46985871.0,300024604.0,0.0160410877502566
2024-01-30,9.63,9.68,9.34,9.34,4660000.0,44191806.0,300024604.0,0.0155320594973604
2024-01-31,9.02,9.08,8.41,8.41,14603624.0,126343329.0,300024604.0,0.0486747546877855
2024-02-01,8.26,8.4,8.09,8.19,9712500.0,80059509.0,300024604.0,0.0323723450360757
2024-02-02,8.27,8.52,7.5,7.78,11144200.0,88755933.0,300024604.0,0.0371442870065416
2024-02-05,7.7,7.79,7.0,7.0,8783200.0,62734364.0,300024604.0,0.0292749323985442
2024-02-06,6.43,7.01,6.3,6.65,20865525.0,135163354.0,300024604.0,0.069546046296923
2024-02-07,6.72,6.76,5.99,5.99,20878562.0,127005486.0,300024604.0,0.0695894993998558
2024-02-08,5.59,6.37,5.4,6.32,27616010.0,160070103.0,300024604.0,0.0920458176823391
2024-02-19,6.37,6.95,6.33,6.95,12565035.0,84329240.0,300024604.0,0.0418800152803468
2024-02-20,7.0,7.27,6.79,7.09,22294536.0,157491912.0,300024604.0,0.0743090256691081
2024-02-21,7.09,7.44,6.93,7.23,20007111.0,145062220.0,300024604.0,0.0666849009489901
2024-02-22,7.21,7.64,7.21,7.56,14865600.0,110631098.0,300024604.0,0.0495479364085753
2024-02-23,7.63,8.22,7.54,7.96,18692986.0,146991347.0,300024604.0,0.0623048435054346
2024-02-26,7.96,8.39,7.85,8.19,17934500.0,145725712.0,300024604.0,0.0597767641749808
2024-02-27,8.15,8.55,8.11,8.54,13983844.0,117561729.0,300024604.0,0.0466089907746366
2024-02-28,8.8,9.39,8.35,8.35,35786075.0,317360991.0,300024604.0,0.119277134351288
2024-02-29,8.35,8.55,7.9,8.43,28463201.0,237608091.0,300024604.0,0.0948695560981392
2024-03-01,8.45,8.49,8.14,8.29,18261600.0,151059468.0,300024604.0,0.0608670080937762
2024-03-04,8.29,8.86,8.25,8.57,24042000.0,204857186.0,300024604.0,0.080133427990459
2024-03-05,8.41,8.43,8.14,8.2,15922591.0,131703327.0,300024604.0,0.0530709508077544
2024-03-06,8.18,8.3,8.05,8.14,10457700.0,85469494.0,300024604.0,0.0348561413316622
2024-03-07,8.11,8.21,7.8,7.82,11603400.0,92838805.0,300024604.0,0.0386748281484274
2024-03-08,7.82,8.0,7.8,7.89,7311300.0,57631748.0,300024604.0,0.0243690014169637
2024-03-11,8.09,8.14,7.95,8.12,7132201.0,57474287.0,300024604.0,0.0237720537079685
2024-03-12,8.15,8.49,8.13,8.37,12213332.0,101642095.0,300024604.0,0.0407077680869133
2024-03-13,8.15,8.33,8.05,8.26,12113400.0,98976785.0,300024604.0,0.0403746887371943
2024-03-14,8.6,8.68,8.07,8.21,14598904.0,121477955.0,300024604.0,0.0486590226446895
2024-03-15,8.12,8.28,8.05,8.16,8631300.0,70299705.0,300024604.0,0.0287686405878899
2024-03-18,8.35,8.98,8.35,8.98,11928700.0,105248376.0,300024604.0,0.0397590725592625
2024-03-19,9.88,9.88,9.88,9.88,16065843.0,158730529.0,300024604.0,0.0535484183157192
2024-03-20,9.7,10.87,9.4,10.87,45269523.0,450522096.0,300024604.0,0.1508860353332888
2024-03-21,11.95,11.96,11.41,11.96,44415057.0,528065765.0,300024604.0,0.148038048906149
2024-03-22,11.96,13.16,11.28,11.55,96952411.0,1205552629.0,300024604.0,0.3231482008722191
2024-03-25,10.41,11.4,10.4,10.4,51586985.0,551025744.0,300024604.0,0.1719425150878626
2024-03-26,9.91,10.25,9.42,9.83,50252171.0,489333042.0,300024604.0,0.1674934999664227
2024-03-27,9.76,9.91,9.15,9.21,34766519.0,328377979.0,300024604.0,0.1158788930523844
2024-03-28,9.14,9.65,9.13,9.54,31923188.0,302988301.0,300024604.0,0.1064019002921507
2024-03-29,9.51,9.59,9.33,9.45,18043455.0,170098771.0,300024604.0,0.0601399177248809
2024-04-01,9.48,9.82,9.45,9.68,23157600.0,222752537.0,300024604.0,0.0771856697459385
2024-04-02,9.7,9.75,9.32,9.42,17286273.0,163630663.0,300024604.0,0.0576161847046384
2024-04-03,9.44,9.45,9.03,9.07,15009960.0,137462579.0,300024604.0,0.0500290969469957
2024-04-08,9.0,9.04,8.58,8.59,15230160.0,133202756.0,300024604.0,0.0507630367541456
2024-04-09,8.61,8.98,8.61,8.89,12363600.0,108935873.0,300024604.0,0.0412086203436835
2024-04-10,8.88,8.89,8.41,8.5,11403100.0,97874569.0,300024604.0,0.0380072162348391
2024-04-11,8.37,8.58,8.31,8.44,9775900.0,82654274.0,300024604.0,0.0325836610386793
2024-04-12,8.46,8.53,8.3,8.32,7717300.0,64824495.0,300024604.0,0.0257222237680213
2024-04-15,8.08,8.24,7.5,7.7,16424462.0,127713570.0,300024604.0,0.0547437169519603
2024-04-16,7.53,7.69,6.93,6.93,12153156.0,85973032.0,300024604.0,0.0405071978696787
2024-04-17,6.76,7.49,6.72,7.35,14523456.0,105366946.0,300024604.0,0.0484075499354712
2024-04-18,7.44,7.78,7.15,7.44,15971957.0,118750826.0,300024604.0,0.0532354906466271
2024-04-19,7.43,7.44,7.11,7.17,11501502.0,83211803.0,300024604.0,0.0383351960027918
2024-04-22,7.23,7.26,6.88,7.02,8166400.0,57593749.0,300024604.0,0.0272191010041296
2024-04-23,7.02,7.42,7.02,7.35,11695901.0,84934160.0,300024604.0,0.03898313952945
2024-04-24,7.35,7.47,7.23,7.36,9249201.0,67986505.0,300024604.0,0.0308281416813402
2024-04-25,7.99,8.1,7.6,8.1,10040095.0,79687133.0,300024604.0,0.0334642388195602
2024-04-26,8.45,8.55,8.13,8.18,33552281.0,277099577.0,300024604.0,0.1118317649708488
2024-04-29,8.1,8.71,8.08,8.58,26187962.0,222119507.0,300024604.0,0.0872860480469128
2024-04-30,8.54,9.09,8.47,8.7,26946893.0,235203378.0,300024604.0,0.0898156105890568
2024-05-06,8.79,9.23,8.69,8.97,25100028.0,224066626.0,300024604.0,0.0836598987728353
2024-05-07,8.9,9.28,8.87,9.23,22975142.0,209350441.0,300024604.0,0.0765775262884773
2024-05-08,9.5,10.15,9.45,9.69,44699381.0,438914936.0,300024604.0,0.1489857178513266
2024-05-09,9.3,9.55,9.26,9.27,34432528.0,322166436.0,300024604.0,0.1147656810172808
2024-05-10,9.22,9.99,9.13,9.29,31304690.0,296630438.0,300024604.0,0.1043404093618935
2024-05-13,9.17,9.35,8.86,8.94,23726700.0,214232165.0,300024604.0,0.0790825141794037
2024-05-14,8.87,9.37,8.87,9.09,16951433.0,155275191.0,300024604.0,0.0565001429016134
2024-05-15,9.01,9.1,8.82,8.86,11492300.0,102708052.0,300024604.0,0.0383045251848745
2024-05-16,8.77,9.03,8.77,8.91,10764600.0,96121843.0,300024604.0,0.0358790574389025
2024-05-17,8.93,9.0,8.83,8.91,8003000.0,71192835.0,300024604.0,0.0266744790037286
2024-05-20,8.9,9.03,8.8,9.02,9002201.0,80524645.0,300024604.0,0.0300048758667805
2024-05-21,8.96,8.97,8.81,8.95,7174600.0,63792062.0,300024604.0,0.0239133721179746
2024-05-22,9.11,9.22,8.84,8.91,10899700.0,97770346.0,300024604.0,0.0363293538419269
2024-05-23,8.85,8.86,8.5,8.56,12865200.0,111349599.0,300024604.0,0.0428804832286354
2024-05-24,8.65,8.78,8.46,8.54,8199500.0,70569576.0,300024604.0,0.0273294252894005
2024-05-27,8.49,8.57,8.25,8.46,7730100.0,64642370.0,300024604.0,0.0257648869357394
2024-05-28,8.37,8.46,8.23,8.27,6440800.0,53546739.0,300024604.0,0.0214675727061371
2024-05-29,8.27,8.34,8.21,8.27,5104000.0,42239813.0,300024604.0,0.017011938127581
2024-05-30,8.27,8.33,8.09,8.15,5989100.0,48963515.0,300024604.0,0.0199620295140861
2024-05-31,8.26,8.4,8.16,8.37,7589500.0,63052330.0,300024604.0,0.0252962587028362
2024-06-03,8.37,8.39,7.96,8.01,8762686.0,70998396.0,300024604.0,0.029206558006156
2024-06-04,8.0,8.01,7.77,7.87,6904200.0,54134466.0,300024604.0,0.0230121126999304
2024-06-05,7.96,7.96,7.7,7.72,5387800.0,42114449.0,300024604.0,0.0179578605493301
2024-06-06,7.76,7.79,7.01,7.17,13876568.0,100756331.0,300024604.0,0.0462514334324394
2024-06-07,7.23,7.53,7.23,7.48,12240501.0,90789317.0,300024604.0,0.0407983239934548
2024-06-11,7.65,7.65,7.31,7.49,7668796.0,56970407.0,300024604.0,0.0255605570268497
2024-06-12,7.49,7.97,7.44,7.9,9783119.0,75989959.0,300024604.0,0.0326077223986603
2024-06-13,7.93,7.99,7.73,7.81,6580096.0,51336484.0,300024604.0,0.021931854628829
2024-06-14,7.82,7.88,7.67,7.79,5479300.0,42657535.0,300024604.0,0.0182628355373148
2024-06-17,7.8,7.8,7.6,7.63,4740762.0,36359834.0,300024604.0,0.0158012440873015
2024-06-18,7.44,7.56,7.25,7.5,9217500.0,68728133.0,300024604.0,0.0307224803469784
2024-06-19,7.62,7.76,7.44,7.46,5975500.0,45177184.0,300024604.0,0.0199166998983856
2024-06-20,7.46,7.63,7.26,7.28,6762199.0,50133668.0,300024604.0,0.0225388148499981
2024-06-21,7.28,7.45,7.09,7.31,6219600.0,45386059.0,300024604.0,0.0207302998390092
2024-06-24,7.23,7.29,6.94,7.02,6205450.0,43901405.0,300024604.0,0.0206831370403208
2024-06-25,7.05,7.16,7.0,7.05,4629900.0,32732342.0,300024604.0,0.0154317343920233
2024-06-26,7.0,7.44,7.0,7.43,6776900.0,49142436.0,300024604.0,0.0225878141647343
2024-06-27,7.43,7.53,7.28,7.28,5287500.0,39141429.0,300024604.0,0.0176235546335393
2024-06-28,7.3,7.38,7.16,7.18,5331000.0,38774279.0,300024604.0,0.0177685427425812
2024-07-01,7.19,7.35,7.04,7.33,5050590.0,36359696.0,318258593.0,0.0158694536803912
2024-07-02,7.33,7.55,7.3,7.48,7152800.0,53461036.0,318258593.0,0.0224748055742205
2024-07-03,7.48,7.55,7.38,7.45,4583200.0,34107676.0,318258593.0,0.0144008680387775
2024-07-04,7.48,7.5,7.09,7.12,5093800.0,36774218.0,318258593.0,0.0160052237772571
2024-07-05,7.13,7.38,7.03,7.37,4722600.0,34256918.0,318258593.0,0.0148388766363961
2024-07-08,7.37,7.37,7.08,7.11,4190200.0,29975013.0,318258593.0,0.0131660231401827
2024-07-09,7.17,7.18,6.86,7.13,5499969.0,38678190.0,318258593.0,0.0172814469773012
2024-07-10,7.01,7.17,6.97,7.01,4367669.0,30773668.0,318258593.0,0.0137236483038181
2024-07-11,7.1,7.45,7.1,7.42,8379000.0,61287041.0,318258593.0,0.0263276473417954
2024-07-12,7.42,7.72,7.35,7.51,7618500.0,57714724.0,318258593.0,0.0239380810685604
2024-07-15,7.63,7.72,7.4,7.42,5503301.0,41230816.0,318258593.0,0.0172919164510979
2024-07-16,7.47,7.5,7.31,7.41,4184700.0,30878062.0,318258593.0,0.0131487415958003
2024-07-17,7.39,7.52,7.29,7.37,4745600.0,35084807.0,318258593.0,0.0149111449129042
2024-07-18,7.3,7.42,7.14,7.42,5159500.0,37542809.0,318258593.0,0.0162116596801519
2024-07-19,7.35,7.42,7.25,7.37,4455600.0,32731189.0,318258593.0,0.0139999362091065
2024-07-22,7.1,7.14,6.95,7.1,13121926.0,92588712.0,318258593.0,0.0412303902820308
2024-07-23,7.1,7.33,7.07,7.12,10159500.0,72796875.0,318258593.0,0.0319221545732152
2024-07-24,7.04,7.14,6.91,6.95,6724600.0,46965525.0,318258593.0,0.0211293587915786
2024-07-25,7.0,7.11,6.88,7.04,5071900.0,35581011.0,318258593.0,0.0159364118096255
2024-07-26,7.02,7.17,7.01,7.06,3921800.0,27713466.0,318258593.0,0.0123226837743231
2024-07-29,7.1,7.15,6.97,7.12,4613600.0,32664856.0,318258593.0,0.0144963878477273
2024-07-30,7.11,7.33,7.08,7.3,6452300.0,46685777.0,318258593.0,0.0202737652397024
2024-07-31,7.27,7.55,7.26,7.55,7822200.0,58284705.0,318258593.0,0.0245781266305038
2024-08-01,7.55,7.72,7.5,7.61,7033100.0,53547810.0,318258593.0,0.0220986963264806
2024-08-02,7.58,7.82,7.51,7.62,9861400.0,76157319.0,318258593.0,0.0309854948676908
2024-08-05,7.56,7.77,7.37,7.38,9760601.0,74097103.0,318258593.0,0.0306687744327456
2024-08-06,7.51,7.73,7.36,7.7,8334157.0,63037790.0,318258593.0,0.0261867461972974
2024-08-07,7.7,7.71,7.57,7.61,5378500.0,41051927.0,318258593.0,0.0168997793564681
2024-08-08,7.63,7.84,7.53,7.68,10633101.0,82280650.0,318258593.0,0.0334102557915851
2024-08-09,7.7,7.72,7.47,7.5,6945300.0,52650240.0,318258593.0,0.0218228200361584
2024-08-12,7.52,8.25,7.52,8.25,11326784.0,91695177.0,318258593.0,0.0355898764373661
2024-08-13,8.16,8.16,7.68,7.95,43284929.0,338287106.0,318258593.0,0.1360055312002211
2024-08-14,7.8,8.56,7.63,8.02,45311782.0,363116763.0,318258593.0,0.1423741039413192
2024-08-15,8.04,8.24,7.78,7.91,31451075.0,250539019.0,318258593.0,0.0988223906337699
2024-08-16,7.8,7.98,7.66,7.85,28679688.0,222984194.0,318258593.0,0.0901144183717295
2024-08-19,7.7,7.77,7.55,7.59,18363884.0,139969679.0,318258593.0,0.0577011411597612
2024-08-20,7.61,7.68,7.05,7.14,22717004.0,166050274.0,318258593.0,0.0713790750655395
2024-08-21,7.08,7.22,6.95,7.13,12236704.0,86964388.0,318258593.0,0.0384489351399853
2024-08-22,7.13,7.2,6.96,6.96,10765099.0,76193669.0,318258593.0,0.033825006572564
2024-08-23,7.01,7.03,6.66,6.8,11294469.0,76767452.0,318258593.0,0.0354883395088722
2024-08-26,6.85,7.03,6.67,6.97,9460178.0,65436834.0,318258593.0,0.0297248156312938
2024-08-27,6.95,7.17,6.88,6.92,7524089.0,52607568.0,318258593.0,0.0236414323618907
2024-08-28,6.85,7.04,6.79,6.98,6218123.0,43179884.0,318258593.0,0.0195379579271878
2024-08-29,6.98,7.09,6.85,7.08,7365384.0,51717669.0,318258593.0,0.0231427655434899
2024-08-30,7.05,7.25,7.04,7.17,8671476.0,62195445.0,318258593.0,0.0272466358826641
2024-09-02,7.15,7.27,7.04,7.05,8537800.0,61140702.0,318258593.0,0.0268266126595991
2024-09-03,7.03,7.14,6.98,7.06,5879976.0,41517869.0,318258593.0,0.0184754665838669
2024-09-04,7.03,7.08,6.93,7.01,5699499.0,39967446.0,318258593.0,0.0179083899865038
2024-09-05,7.05,7.14,6.99,7.13,6267099.0,44494933.0,318258593.0,0.0196918453667643
2024-09-06,7.14,7.19,6.95,6.96,5684699.0,40002534.0,318258593.0,0.0178618869216203
2024-09-09,7.12,7.61,6.98,7.3,22825406.0,166424083.0,318258593.0,0.0717196848790191
2024-09-10,7.46,7.66,7.03,7.29,23981104.0,174293930.0,318258593.0,0.0753510023844038
2024-09-11,7.14,7.4,7.06,7.16,16320351.0,117584731.0,318258593.0,0.0512801582076999
2024-09-12,7.17,7.27,7.0,7.04,13149500.0,94056005.0,318258593.0,0.041317030519267
2024-09-13,7.03,7.12,7.01,7.01,7628700.0,53819710.0,318258593.0,0.0239701304781423
2024-09-18,7.01,7.08,6.78,6.89,8181200.0,56216990.0,318258593.0,0.0257061401638258
2024-09-19,6.97,7.14,6.9,7.14,8785600.0,62087933.0,318258593.0,0.0276052247864993
2024-09-20,7.14,7.14,7.02,7.06,5505900.0,38901506.0,318258593.0,0.0173000827663434
2024-09-23,7.07,7.23,7.07,7.13,6756100.0,48352618.0,318258593.0,0.0212283349094049
2024-09-24,7.16,7.33,7.11,7.32,11392500.0,82490238.0,318258593.0,0.0357963626138446
2024-09-25,7.36,7.53,7.36,7.47,12715100.0,94936177.0,318258593.0,0.0399521027229577
2024-09-26,7.45,7.62,7.39,7.61,11897901.0,89417868.0,318258593.0,0.0373843825797344
2024-09-27,7.75,8.16,7.69,7.92,17326149.0,136490916.0,318258593.0,0.0544404750761906
2024-09-30,8.25,8.71,8.1,8.71,28690149.0,243759449.0,318258593.0,0.0901472878691448
2024-10-08,9.58,9.58,8.76,9.4,31552276.0,291852754.0,318258593.0,0.0991403741925045
2024-10-09,9.16,9.19,8.46,8.48,22624726.0,199017396.0,318258593.0,0.0710891284559911
2024-10-10,8.48,8.94,8.32,8.49,16546001.0,142225178.0,318258593.0,0.0519891728422239
2024-10-11,8.46,8.47,8.01,8.1,12815701.0,105404079.0,318258593.0,0.0402682010223051
2024-10-14,8.1,8.26,7.95,8.25,9808780.0,79832081.0,318258593.0,0.0308201576194362
2024-10-15,8.35,8.46,8.2,8.2,12835800.0,107069631.0,318258593.0,0.0403313540696762
2024-10-16,8.02,8.89,8.0,8.47,22164377.0,187840924.0,318258593.0,0.0696426663332857
2024-10-17,8.46,8.79,8.4,8.55,18624030.0,159712652.0,318258593.0,0.0585185456406514
2024-10-18,8.54,8.75,8.41,8.63,18792148.0,161176186.0,318258593.0,0.0590467890367378
2024-10-21,8.63,8.81,8.58,8.81,15075707.0,131217616.0,318258593.0,0.0473693635665636
2024-10-22,8.8,8.97,8.72,8.95,14451201.0,128133514.0,318258593.0,0.0454071039018261
2024-10-23,8.94,8.95,8.76,8.79,11226700.0,99323846.0,318258593.0,0.0352754026031906
2024-10-24,8.9,9.06,8.85,8.91,13421705.0,119902206.0,318258593.0,0.0421723255717403
2024-10-25,8.98,9.12,8.89,9.11,11820528.0,106439649.0,318258593.0,0.0371412689554622
2024-10-28,9.22,9.56,9.11,9.48,15105303.0,140865633.0,318258593.0,0.0474623571279346
2024-10-29,10.1,10.43,9.55,9.57,50198218.0,503328772.0,318258593.0,0.1577277695059752
2024-10-30,9.33,9.5,9.2,9.34,27476018.0,256922044.0,318258593.0,0.0863323680941428
2024-10-31,9.36,9.52,9.3,9.4,16517919.0,155709751.0,318258593.0,0.0519009364187065
2024-11-01,9.35,9.56,8.84,8.9,21538229.0,196081410.0,318258593.0,0.0676752473420254
2024-11-04,9.0,9.08,8.86,9.03,11251200.0,101073194.0,318258593.0,0.0353523840281666
2024-11-05,9.0,9.24,8.95,9.19,14120700.0,128958392.0,318258593.0,0.0443686370472956
2024-11-06,9.36,9.42,9.15,9.31,14106910.0,131161411.0,318258593.0,0.0443253075023806
2024-11-07,9.5,9.88,9.29,9.79,21126600.0,202693432.0,318258593.0,0.066381868281558
2024-11-08,9.95,10.3,9.82,10.1,24281951.0,243655535.0,318258593.0,0.0762962934358224
2024-11-11,10.01,10.07,9.8,10.02,18318931.0,182167668.0,318258593.0,0.0575598943843756
2024-11-12,9.92,10.3,9.81,9.94,21663080.0,217908939.0,318258593.0,0.0680675415416041
2024-11-13,9.79,10.02,9.57,9.8,14670550.0,143297932.0,318258593.0,0.0460963201706858
2024-11-14,9.77,9.82,9.46,9.47,9908700.0,95546706.0,318258593.0,0.0311341161493791
2024-11-15,9.5,10.01,9.44,9.46,16003925.0,155071023.0,318258593.0,0.0502859163962935
2024-11-18,9.51,9.63,9.04,9.14,12730400.0,117459918.0,318258593.0,0.0400001768373305
2024-11-19,9.12,9.33,9.02,9.33,9080213.0,83279123.0,318258593.0,0.0285309279928853
2024-11-20,9.27,9.6,9.24,9.56,8592900.0,81519522.0,318258593.0,0.0269997423133206
2024-11-21,9.51,10.0,9.38,9.79,17606830.0,170757551.0,318258593.0,0.0553224025596066
2024-11-22,9.78,9.83,9.18,9.19,11391600.0,108285738.0,318258593.0,0.0357935347247639
2024-11-25,10.11,10.11,9.83,10.11,17304550.0,174815663.0,318258593.0,0.0543726088803515
2024-11-26,10.58,10.87,9.65,9.65,61891061.0,633419998.0,318258593.0,0.1944678395533534
2024-11-27,9.57,9.94,9.24,9.65,33458198.0,315965123.0,318258593.0,0.1051289697620199
2024-11-28,9.56,10.18,9.47,9.72,30792500.0,300571615.0,318258593.0,0.0967530827989301
2024-11-29,9.64,9.75,9.4,9.68,20733601.0,198612386.0,318258593.0,0.0651470265250622
2024-12-02,9.72,10.03,9.72,9.94,20427100.0,201854181.0,318258593.0,0.0641839700460185
2024-12-03,9.94,9.95,9.71,9.86,13492491.0,132603960.0,318258593.0,0.0423947421900404
2024-12-04,9.77,9.85,9.45,9.5,14460699.0,139303186.0,318258593.0,0.045436947557925
2024-12-05,9.5,9.71,9.45,9.67,10912500.0,104746778.0,318258593.0,0.0342881551041105
2024-12-06,9.63,9.97,9.63,9.9,17525200.0,172210356.0,318258593.0,0.0550659130199824
2024-12-09,10.37,10.89,10.35,10.89,18792450.0,201884378.0,318258593.0,0.0590477379506293
2024-12-10,11.04,11.81,10.93,11.02,70804429.0,797382903.0,318258593.0,0.2224745240421521
2024-12-11,10.82,11.17,10.73,10.93,31409928.0,342287291.0,318258593.0,0.0986931026870969
2024-12-12,10.9,11.35,10.9,11.2,33412188.0,374252440.0,318258593.0,0.1049844017880139
2024-12-13,11.1,11.48,10.96,11.06,31607100.0,354295171.0,318258593.0,0.0993126366269079
2024-12-16,11.18,11.36,10.87,11.02,21550300.0,239190124.0,318258593.0,0.0677131756187962
2024-12-17,10.89,10.92,10.19,10.25,22189100.0,232491825.0,318258593.0,0.069720348446334
2024-12-18,10.25,10.88,10.0,10.5,20597611.0,214044633.0,318258593.0,0.0647197324849607
2024-12-19,10.31,10.5,10.03,10.18,13384000.0,136422848.0,318258593.0,0.0420538527297517
2024-12-20,10.23,10.4,10.08,10.15,15033400.0,153445982.0,318258593.0,0.0472364307850754
2024-12-23,10.06,10.1,9.2,9.28,23113600.0,220614878.0,318258593.0,0.0726252189520614
2024-12-24,9.29,9.35,8.99,9.12,14154900.0,128870890.0,318258593.0,0.0444760968323642
2024-12-25,9.18,9.33,8.65,8.84,13133225.0,116575685.0,318258593.0,0.0412658928583901
2024-12-26,8.82,8.98,8.73,8.86,9241100.0,82192797.0,318258593.0,0.0290364508712573
2024-12-27,8.83,9.14,8.83,9.06,10246051.0,92728070.0,318258593.0,0.0321941063819131
2024-12-30,8.93,8.93,8.41,8.52,16096641.0,137942041.0,318258593.0,0.0505772392451945
2024-12-31,8.58,8.71,8.43,8.45,9700313.0,83127928.0,326879311.0,0.0296755183750372
2025-01-02,8.39,8.59,8.25,8.33,8684700.0,73252042.0,326879311.0,0.0265685214932431
2025-01-03,8.32,8.42,7.95,7.98,10050100.0,81412516.0,326879311.0,0.0307455983349157
2025-01-06,7.93,8.12,7.67,8.05,9281810.0,73656244.0,326879311.0,0.0283952201551232
2025-01-07,8.06,8.2,7.98,8.2,7035900.0,56833941.0,326879311.0,0.0215244579978939
2025-01-08,8.21,8.34,7.96,8.19,8910300.0,72897332.0,326879311.0,0.0272586844751395
2025-01-09,8.07,8.44,8.03,8.22,8892000.0,73361569.0,326879311.0,0.0272027005098527
2025-01-10,8.16,8.21,7.85,7.85,7486000.0,60130008.0,326879311.0,0.0229014188053033
2025-01-13,7.83,7.98,7.56,7.95,6977200.0,54655800.0,326879311.0,0.0213448810163455
2025-01-14,7.99,8.59,7.98,8.4,10841801.0,89318614.0,326879311.0,0.0331675962202453
2025-01-15,8.4,8.46,8.25,8.35,7230800.0,60196151.0,326879311.0,0.0221207025243638
2025-01-16,8.34,8.52,8.33,8.47,7083100.0,59799959.0,326879311.0,0.0216688537990708
2025-01-17,8.4,8.55,8.4,8.47,5619100.0,47634509.0,326879311.0,0.0171901365761261
2025-01-20,8.52,8.7,8.37,8.63,6994300.0,60041113.0,326879311.0,0.0213971939019413
2025-01-21,8.65,8.71,8.43,8.55,6488300.0,55276531.0,326879311.0,0.0198492219655957
2025-01-22,8.57,8.57,8.37,8.42,4440900.0,37446749.0,326879311.0,0.0135857481662398
2025-01-23,8.35,8.45,8.1,8.1,11892100.0,98395995.0,326879311.0,0.0363807056605059
2025-01-24,8.1,8.16,7.95,8.1,6271600.0,50630327.0,326879311.0,0.0191862861580737
2025-01-27,8.35,8.65,8.16,8.19,7811501.0,65173534.0,326879311.0,0.0238972022307034
2025-02-05,8.3,8.48,8.29,8.42,8215150.0,69119891.0,326879311.0,0.0251320586025097
2025-02-06,8.35,8.98,8.18,8.72,20163700.0,173415751.0,326879311.0,0.0616854579701436
2025-02-07,8.77,9.59,8.77,9.59,43600161.0,410297760.0,326879311.0,0.1333830546406162
2025-02-10,10.2,10.55,10.1,10.55,34392660.0,359263152.0,326879311.0,0.1052151630361213
2025-02-11,11.61,11.61,11.2,11.55,56657339.0,656522961.0,326879311.0,0.1733280054545881
2025-02-12,10.8,11.2,10.52,10.65,79359202.0,855856424.0,326879311.0,0.2427782956260575
2025-02-13,11.0,11.35,10.58,10.58,65505223.0,717638817.0,326879311.0,0.2003957448380696
2025-02-14,10.55,11.64,10.52,11.64,52863163.0,608966797.0,326879311.0,0.1617207367400502
2025-02-17,12.8,12.8,12.44,12.8,35705348.0,455373053.0,326879311.0,0.1092309815839033
2025-02-18,12.8,12.8,11.52,11.52,76669494.0,915078311.0,326879311.0,0.2345498519482623
2025-02-19,11.0,12.67,11.0,12.67,78166692.0,938706992.0,326879311.0,0.2391301295908568
2025-02-20,12.91,13.94,12.66,12.7,98292994.0,1307256087.0,326879311.0,0.3007011783624324
2025-02-21,12.67,13.41,12.48,13.39,76298052.0,981961551.0,326879311.0,0.2334135242961277
2025-02-24,13.13,14.46,12.92,13.61,72576343.0,991949249.0,326879311.0,0.2220279490248925
2025-02-25,13.08,14.97,12.97,14.33,82361852.0,1176198404.0,326879311.0,0.251964101821054
2025-02-26,14.07,14.78,13.8,14.1,65709515.0,931995390.0,326879311.0,0.2010207216815872
2025-02-27,13.93,14.4,13.25,13.65,43995201.0,607810774.0,326879311.0,0.1345915740748731
2025-02-28,13.27,14.07,12.8,12.88,41149301.0,554349592.0,326879311.0,0.1258853026645054
2025-03-03,12.87,14.17,12.67,14.17,62442338.0,870146260.0,326879311.0,0.1910256657387533
2025-03-04,14.19,15.59,14.13,15.59,63561805.0,956073847.0,326879311.0,0.1944503762123997
2025-03-05,15.59,16.06,14.92,15.31,88240474.0,1364645312.0,326879311.0,0.2699481766834732
2025-03-06,15.77,16.84,15.4,16.84,84277040.0,1356598794.0,326879311.0,0.2578231082969947
2025-03-07,16.55,18.52,16.55,17.31,84409260.0,1494606461.0,326879311.0,0.2582276000942745
2025-03-10,18.0,18.5,17.02,18.1,79936957.0,1428057101.0,326879311.0,0.2445457828317559
2025-03-11,17.15,19.55,16.75,18.88,71648976.0,1334902249.0,326879311.0,0.2191909172251039
2025-03-12,19.0,19.05,17.5,18.3,64744200.0,1190201442.0,326879311.0,0.1980675981050388
2025-03-13,17.8,18.0,16.81,17.18,49230414.0,850478044.0,326879311.0,0.1506073108432365
2025-03-14,17.01,17.63,16.5,17.27,43547187.0,747202834.0,326879311.0,0.1332209948276598
2025-03-17,17.3,17.3,16.1,16.19,55219650.0,904016226.0,326879311.0,0.1689297797131002
2025-03-18,16.4,17.14,16.1,16.48,44851584.0,741668479.0,326879311.0,0.1372114492740105
2025-03-19,16.36,16.58,15.9,16.0,37358301.0,601875297.0,326879311.0,0.1142877500742162
2025-03-20,15.98,16.0,15.51,15.73,29090179.0,457674602.0,326879311.0,0.0889936377772162
2025-03-21,15.64,15.68,14.89,14.9,32460850.0,491517975.0,326879311.0,0.099305305987995
2025-03-24,14.96,15.46,14.39,14.73,31352602.0,468181035.0,326879311.0,0.0959149170502259
2025-03-25,14.56,15.35,14.32,14.78,45086929.0,671062190.0,326879311.0,0.1379314244822304
2025-03-26,14.65,14.91,14.33,14.48,26729641.0,387871251.0,326879311.0,0.0817722018509761
2025-03-27,14.3,14.43,13.92,13.92,26766800.0,378467401.0,326879311.0,0.0818858798928391
2025-03-28,13.98,14.13,13.73,13.76,19584412.0,272449618.0,326879311.0,0.05991328096014
2025-03-31,13.54,13.66,13.06,13.53,24336250.0,324106039.0,326879311.0,0.0744502609404973
2025-04-01,13.55,14.55,13.55,13.84,38691200.0,545006292.0,326879311.0,0.1183653987816928
2025-04-02,13.89,13.98,13.7,13.8,19668200.0,271718000.0,326879311.0,0.0601696079810936
2025-04-03,13.6,14.21,13.54,13.67,19012300.0,263364535.0,326879311.0,0.0581630570066883
2025-04-07,12.8,13.22,12.3,12.3,10920500.0,136599723.0,326879311.0,0.0334083548040763
2025-04-08,11.45,12.05,11.07,11.31,32944100.0,374473201.0,326879311.0,0.1007836803718666
2025-04-09,10.8,11.88,10.18,11.73,33626499.0,372628861.0,326879311.0,0.1028712979635471
2025-04-10,12.05,12.38,11.94,12.09,23022900.0,280465592.0,326879311.0,0.0704324171804192
2025-04-11,12.6,13.3,12.52,13.3,12275371.0,160341893.0,326879311.0,0.037553220980694
2025-04-14,13.7,13.96,13.27,13.36,43562400.0,588178912.0,326879311.0,0.1332675349404416
2025-04-15,13.7,14.21,13.39,13.79,42912378.0,588488469.0,326879311.0,0.1312789661380557
2025-04-16,13.48,13.88,12.75,12.95,31236528.0,411695869.0,326879311.0,0.0955598196301876
2025-04-17,13.13,13.89,13.02,13.08,24958108.0,331372193.0,326879311.0,0.0763526695025369
2025-04-18,12.95,13.07,12.6,12.67,18992500.0,241748238.0,326879311.0,0.0581024841917878
2025-04-21,12.51,12.88,12.4,12.86,17555400.0,222273264.0,326879311.0,0.0537060603385816
2025-04-22,12.94,13.04,12.53,12.54,14960700.0,189293128.0,326879311.0,0.0457682682768503
2025-04-23,12.61,12.92,12.6,12.67,17868900.0,228025173.0,326879311.0,0.0546651299078392
2025-04-24,12.67,12.69,12.22,12.27,15322400.0,189637449.0,326879311.0,0.0468747928803606
2025-04-25,12.92,13.38,12.25,12.3,33641122.0,428195327.0,326879311.0,0.1029160331288143
2025-04-28,11.25,11.85,11.25,11.79,26131600.0,303629319.0,326879311.0,0.0799426550431024
2025-04-29,11.66,12.17,11.47,11.93,19496000.0,230992563.0,326879311.0,0.059642808045444
2025-04-30,11.95,12.41,11.95,12.13,17435301.0,212578957.0,326879311.0,0.0533386495054133
2025-05-06,12.28,12.76,12.2,12.73,18358500.0,230903264.0,326879311.0,0.0561629304217421
2025-05-07,12.91,13.3,12.63,12.79,24946230.0,323943520.0,326879311.0,0.0763163319320628
2025-05-08,12.81,13.2,12.67,12.97,20847900.0,271963525.0,326879311.0,0.0637785852405935
2025-05-09,12.92,13.02,12.48,12.51,13804861.0,173988824.0,326879311.0,0.0422322873777716
2025-05-12,12.67,12.79,12.46,12.69,11426100.0,144474271.0,326879311.0,0.0349551030471916
2025-05-13,12.83,13.96,12.73,13.96,41145052.0,548697197.0,326879311.0,0.1258723039831664
2025-05-14,13.99,14.59,13.72,14.35,67702692.0,960065882.0,326879311.0,0.207118314685875
2025-05-15,14.18,14.18,13.55,13.68,35231801.0,484139539.0,326879311.0,0.107782290938566
2025-05-16,13.65,14.49,13.39,14.19,42887050.0,598718823.0,326879311.0,0.1312014818827123
2025-05-19,13.76,13.82,13.18,13.4,33692595.0,452260612.0,326879311.0,0.103073501032924
2025-05-20,13.34,13.66,13.05,13.12,22684701.0,299125455.0,326879311.0,0.0693977876134228
2025-05-21,12.98,13.24,12.74,12.87,23585112.0,305516790.0,326879311.0,0.0721523547264207
2025-05-22,12.8,12.95,12.49,12.57,18758801.0,237620918.0,326879311.0,0.0573875444812106
2025-05-23,12.57,13.83,12.57,13.83,35711563.0,479470139.0,326879311.0,0.1092499947174692
2025-05-26,14.0,14.55,13.97,14.22,68716401.0,977418721.0,326879311.0,0.2102194867878928
2025-05-27,14.49,15.6,14.23,14.63,65071816.0,963837360.0,326879311.0,0.1990698518083942
2025-05-28,14.64,14.75,14.07,14.15,48150514.0,690154870.0,326879311.0,0.1473036450446997
2025-05-29,14.27,14.7,14.01,14.45,42377108.0,608828291.0,326879311.0,0.1296414504495819
2025-05-30,14.26,15.02,14.17,14.64,46740049.0,686324276.0,326879311.0,0.1429887038644669
2025-06-03,14.3,15.94,14.06,15.3,55310768.0,837942271.0,326879311.0,0.1692085309124993
2025-06-04,15.01,15.15,14.73,14.91,36464257.0,542837307.0,326879311.0,0.1115526610982118
2025-06-05,14.77,14.8,14.36,14.49,31272847.0,453383918.0,326879311.0,0.0956709279162669
2025-06-06,14.39,14.54,14.23,14.36,17882032.0,256149848.0,326879311.0,0.0547053037565904
2025-06-09,14.15,14.8,14.15,14.5,32089410.0,466876373.0,326879311.0,0.0981689844543266
2025-06-10,14.49,14.95,13.76,13.9,38246610.0,545589799.0,326879311.0,0.1170052943485309
2025-06-11,14.2,14.79,14.15,14.22,35728400.0,515311007.0,326879311.0,0.1093015030247662
2025-06-12,14.01,14.05,13.58,13.79,29066901.0,399874226.0,326879311.0,0.0889224249496781
2025-06-13,13.8,14.0,13.3,13.32,23982400.0,324194905.0,326879311.0,0.0733677513166319
2025-06-16,13.3,13.65,13.23,13.53,15524028.0,209465183.0,326879311.0,0.0474916199269644
2025-06-17,13.65,14.1,13.55,13.9,28035072.0,387318806.0,326879311.0,0.0857658195443271
2025-06-18,14.0,14.22,13.43,13.51,23512917.0,323735402.0,326879311.0,0.0719314933945146
2025-06-19,13.31,13.38,12.78,12.79,22945800.0,297619936.0,326879311.0,0.0701965503102764
2025-06-20,12.68,12.86,12.51,12.63,12953269.0,163716838.0,326879311.0,0.0396270689643004
2025-06-23,12.61,12.98,12.45,12.89,12636200.0,161090740.0,326879311.0,0.0386570809921953
2025-06-24,12.91,13.2,12.83,13.2,16174836.0,210647604.0,326879311.0,0.0494825932865478
2025-06-25,13.22,13.28,12.93,13.19,16231188.0,212934188.0,326879311.0,0.0496549871888343
2025-06-26,13.21,13.55,13.13,13.24,17896802.0,238366836.0,326879311.0,0.0547504886291197
2025-06-27,13.11,13.73,13.0,13.49,22457900.0,301094068.0,326879311.0,0.0687039504926024
2025-06-30,13.51,13.54,13.25,13.53,14952000.0,200420951.0,329529923.0,0.0453737246799283
2025-07-01,13.57,13.91,13.45,13.68,20525000.0,281865559.0,329529923.0,0.062285694158342
2025-07-02,13.66,13.68,13.18,13.24,16833668.0,224905119.0,329529923.0,0.0510838829043151
2025-07-03,13.25,13.5,13.25,13.32,11338268.0,151448548.0,329529923.0,0.0344074003865196
2025-07-04,13.45,14.65,13.41,14.65,48468245.0,702265140.0,329529923.0,0.1470829858446572
2025-07-07,14.66,14.76,14.19,14.28,58382210.0,844133096.0,329529923.0,0.1771681596271911
2025-07-08,14.21,14.69,14.1,14.28,37175510.0,534959139.0,329529923.0,0.1128137610738312
2025-07-09,14.31,14.57,14.22,14.46,38158133.0,549871299.0,329529923.0,0.1157956541627935
2025-07-10,14.47,15.1,14.36,14.98,54461200.0,808487324.0,329529923.0,0.1652693615929986
2025-07-11,14.73,14.77,14.4,14.75,35256407.0,514387326.0,329529923.0,0.1069900016333266
2025-07-14,14.77,14.9,14.47,14.55,22912106.0,335835900.0,329529923.0,0.0695296675683076
2025-07-15,14.26,14.6,13.51,14.1,40696302.0,564854834.0,329529923.0,0.1234980472471387
2025-07-16,13.88,14.24,13.8,14.22,19524071.0,275553404.0,329529923.0,0.0592482492098297
2025-07-17,14.2,14.5,14.08,14.28,19500400.0,279131449.0,329529923.0,0.0591764165829638
2025-07-18,14.45,14.64,14.11,14.31,16244201.0,232265497.0,329529923.0,0.0492950711489712
2025-07-21,14.23,14.39,14.12,14.22,16729200.0,238042159.0,329529923.0,0.0507668616182087
2025-07-22,14.23,14.23,13.89,13.95,16807900.0,235252384.0,329529923.0,0.0510056866671862
2025-07-23,13.71,14.38,13.57,13.83,23560442.0,329821348.0,329529923.0,0.0714971247087628
2025-07-24,13.84,14.79,13.84,14.32,32209500.0,458771274.0,329529923.0,0.0977437790983248
2025-07-25,14.26,14.5,14.15,14.18,21002606.0,300251104.0,329529923.0,0.0637350496391795
2025-07-28,14.16,14.48,13.96,14.0,15098800.0,212710555.0,329529923.0,0.0458192077446029
2025-07-29,14.6,14.8,14.01,14.15,32484706.0,462190564.0,329529923.0,0.0985789263210552
2025-07-30,13.97,14.35,13.86,13.95,22711002.0,317718921.0,329529923.0,0.0689193921852128
2025-07-31,13.98,15.15,13.92,14.64,56748332.0,829574117.0,329529923.0,0.1722099513251183
2025-08-01,14.58,15.14,14.5,14.68,44690165.0,662310279.0,329529923.0,0.1356179268733662
2025-08-04,14.36,14.8,14.05,14.68,33798001.0,484612180.0,329529923.0,0.1025642851863258
2025-08-05,14.7,15.5,14.63,15.0,40325399.0,607663131.0,329529923.0,0.1223724954410285
2025-08-06,15.31,15.83,14.75,14.84,38372501.0,579640462.0,329529923.0,0.1164461808222496
2025-08-07,14.71,16.32,14.54,15.62,77287534.0,1221578201.0,329529923.0,0.2345387432388044
2025-08-08,15.39,15.49,14.79,14.79,50374780.0,756486901.0,329529923.0,0.1528686061083442
2025-08-11,14.8,14.98,14.76,14.97,26138629.0,389250216.0,329529923.0,0.0793209574476185
2025-08-12,14.9,14.97,14.6,14.67,24668429.0,363367226.0,329529923.0,0.0748594506241547
2025-08-13,14.67,14.82,14.5,14.74,22548600.0,330706539.0,329529923.0,0.0684265628891006
2025-08-14,14.7,14.78,14.23,14.41,28165900.0,407808628.0,329529923.0,0.0854729662896197
2025-08-15,14.32,14.49,14.28,14.47,14138266.0,203998526.0,329529923.0,0.0429043465045206
2025-08-18,14.48,14.73,14.44,14.66,21653390.0,316970774.0,329529923.0,0.0657099355435469
2025-08-19,14.65,14.79,14.53,14.6,21113100.0,309895621.0,329529923.0,0.0640703575802431
2025-08-20,14.58,14.58,14.3,14.52,17112751.0,246601095.0,329529923.0,0.0519307953711991
2025-08-21,14.5,14.6,14.3,14.35,15071500.0,217468669.0,329529923.0,0.0457363624607772
2025-08-22,14.36,15.79,14.26,15.79,74993750.0,1153416662.0,329529923.0,0.2275779671759884
2025-08-25,15.79,17.37,15.65,16.61,105776079.0,1730833829.0,329529923.0,0.3209908163635871
2025-08-26,16.21,16.28,15.8,15.94,60970053.0,976864137.0,329529923.0,0.1850212947125897
2025-08-27,16.3,16.5,15.48,15.49,41014900.0,655369484.0,329529923.0,0.1244648729517653
2025-08-28,15.47,15.6,14.82,15.28,31237600.0,475884110.0,329529923.0,0.0947944263016138
2025-08-29,15.28,15.36,15.01,15.05,22718800.0,343351515.0,329529923.0,0.0689430561970543
2025-09-01,15.03,15.24,14.83,15.14,24393132.0,368485031.0,329529923.0,0.0740240272504782
2025-09-02,15.15,15.2,14.43,14.55,27223132.0,400041155.0,329529923.0,0.0826120182111656
2025-09-03,14.7,14.7,13.83,13.93,22154195.0,316005396.0,329529923.0,0.0672296913078816
2025-09-04,13.93,14.36,13.75,14.07,20952667.0,295230929.0,329529923.0,0.063583503462294
2025-09-05,14.08,14.29,13.61,14.28,17725676.0,248329047.0,329529923.0,0.0537907933781175
2025-09-08,14.29,14.68,14.17,14.5,19089469.0,276294207.0,329529923.0,0.0579293947760853
2025-09-09,14.42,14.75,14.17,14.21,17635213.0,253169878.0,329529923.0,0.0535162720260763
2025-09-10,14.15,14.28,14.05,14.1,10894843.0,154029819.0,329529923.0,0.033061771449508
2025-09-11,14.08,14.2,13.7,14.19,14602692.0,204548457.0,329529923.0,0.0443137056175623
2025-09-12,14.51,14.69,14.2,14.37,22827359.0,329579073.0,329529923.0,0.0692724921372315
2025-09-15,14.2,14.24,14.0,14.06,13562500.0,190895475.0,329529923.0,0.0411571121570043
2025-09-16,14.09,14.45,13.86,14.22,15820860.0,222791957.0,329529923.0,0.0480103896361484
2025-09-17,14.15,14.15,13.95,13.97,12529200.0,175376135.0,329529923.0,0.03802143333733
2025-09-18,13.95,14.09,13.69,13.77,13905101.0,193422528.0,329529923.0,0.042196777984256
2025-09-19,13.7,13.78,13.19,13.21,18225474.0,243129819.0,329529923.0,0.0553074932742906
2025-09-22,13.12,13.18,12.86,13.11,12038652.0,156924305.0,329529923.0,0.0365328037296327
2025-09-23,13.1,13.11,12.5,12.77,14739400.0,187262535.0,329529923.0,0.0447285632388534
2025-09-24,12.64,13.09,12.64,13.08,10223101.0,132264307.0,329529923.0,0.031023285858019
2025-09-25,13.09,13.24,12.96,13.0,9437600.0,123467567.0,329529923.0,0.0286395842722908
2025-09-26,12.99,12.99,12.77,12.81,7522100.0,96786677.0,329529923.0,0.0228267585884757
2025-09-29,12.82,12.92,12.58,12.88,6816832.0,87123728.0,329529923.0,0.0206865341330474
2025-09-30,12.9,13.1,12.9,12.97,6754400.0,87717605.0,329529923.0,0.0204970763762779
2025-10-09,12.99,13.2,12.83,13.18,10673800.0,139269907.0,329529923.0,0.0323909886629627
2025-10-10,13.29,13.3,13.0,13.13,7588300.0,99848261.0,329529923.0,0.0230276508151886
2025-10-13,12.59,13.02,12.42,12.91,7619653.0,97529901.0,329529923.0,0.0231227954373054
2025-10-14,12.91,13.01,12.72,12.74,7080200.0,91071163.0,329529923.0,0.0214857574557804
2025-10-15,12.72,13.03,12.62,13.03,7233617.0,93296015.0,329529923.0,0.0219513206392488
2025-10-16,13.03,13.12,12.85,12.88,6180894.0,80104750.0,329529923.0,0.0187567002830271
2025-10-17,12.87,12.99,12.6,12.6,6148694.0,78596487.0,329529923.0,0.0186589853328737
2025-10-20,12.7,12.79,12.64,12.74,4581697.0,58172300.0,329529923.0,0.0139037358376708
2025-10-21,12.76,13.26,12.76,13.22,14206817.0,186558880.0,329529923.0,0.043112373136445
2025-10-22,13.16,13.21,12.98,13.0,8303751.0,108688697.0,329529923.0,0.0251987768649464
2025-10-23,12.98,13.0,12.68,12.87,7435900.0,95234609.0,329529923.0,0.0225651738461396
2025-10-24,12.9,12.95,12.78,12.8,5149200.0,66036226.0,329529923.0,0.0156258950723573
2025-10-27,12.87,12.91,12.77,12.82,5344600.0,68602651.0,329529923.0,0.0162188609499963
2025-10-28,12.82,12.94,12.66,12.89,6393800.0,82309265.0,329529923.0,0.0194027903195911
2025-10-29,12.89,12.89,12.68,12.84,6581200.0,84005195.0,329529923.0,0.0199714791909807
2025-10-30,12.83,13.13,12.75,12.85,9601701.0,123994828.0,329529923.0,0.0291375693976052
2025-10-31,12.75,13.11,12.52,13.09,13366666.0,173271680.0,329529923.0,0.0405628292517763
2025-11-03,13.61,14.4,13.42,13.89,49369661.0,691797777.0,329529923.0,0.1498184460778088
2025-11-04,13.6,13.72,13.4,13.56,29134100.0,393563665.0,329529923.0,0.0884110909709404
2025-11-05,14.23,14.92,14.01,14.13,47971501.0,691387467.0,329529923.0,0.1455755536956199
2025-11-06,14.11,14.29,13.77,13.79,27735850.0,385037531.0,329529923.0,0.0841679254724312
2025-11-07,13.65,13.82,13.49,13.58,16647700.0,227584115.0,329529923.0,0.0505195396170441
2025-11-10,13.65,13.72,13.55,13.66,12745501.0,173868859.0,329529923.0,0.038677825928421
2025-11-11,13.6,13.65,13.45,13.53,9367400.0,126791110.0,329529923.0,0.0284265535424532
2025-11-12,13.46,14.28,13.35,13.92,31531100.0,436574057.0,329529923.0,0.0956850889683848
2025-11-13,13.7,13.78,13.45,13.77,17676400.0,240645203.0,329529923.0,0.053641259158125
2025-11-14,13.61,14.14,13.59,13.8,16265550.0,226143928.0,329529923.0,0.0493598573747732
2025-11-17,13.74,13.84,13.55,13.66,10806730.0,147270196.0,329529923.0,0.0327943814680526
2025-11-18,13.6,14.15,13.4,13.93,23250554.0,321156147.0,329529923.0,0.0705567305946901
2025-11-19,13.82,13.97,13.63,13.96,15054272.0,208453982.0,329529923.0,0.0456840819278193
2025-11-20,13.7,13.73,12.58,12.69,29866072.0,391000581.0,329529923.0,0.0906323520732288
2025-11-21,12.39,12.5,11.59,11.59,23321500.0,277740242.0,329529923.0,0.0707720251553604
2025-11-24,11.62,12.06,11.45,11.97,13786600.0,162739921.0,329529923.0,0.0418371717945626
2025-11-25,12.08,12.56,11.97,12.23,12768449.0,157081545.0,329529923.0,0.0387474645208471
2025-11-26,12.19,12.6,12.14,12.18,13324300.0,164730557.0,329529923.0,0.0404342642959316
2025-11-27,12.2,12.2,12.01,12.08,6851942.0,82974138.0,329529923.0,0.020793079844224
2025-11-28,12.17,12.23,12.01,12.23,5531100.0,67021758.0,329529923.0,0.0167848186581829
2025-12-01,12.33,12.33,12.12,12.16,5628777.0,68505346.0,329529923.0,0.0170812318006095
2025-12-02,12.14,12.14,11.85,11.96,8126554.0,97000263.0,329529923.0,0.024661050280402
2025-12-03,11.96,12.0,11.63,11.69,7170500.0,84141567.0,329529923.0,0.0217597841638193
2025-12-04,11.69,11.75,11.39,11.43,7465600.0,85829153.0,329529923.0,0.0226553022318401
2025-12-05,11.38,11.62,11.21,11.61,7638200.0,87170185.0,329529923.0,0.0231790786416686
2025-12-08,11.67,11.7,11.55,11.58,6174000.0,71680993.0,329529923.0,0.0187357795728917
2025-12-09,11.5,11.66,11.43,11.45,4784200.0,55032474.0,329529923.0,0.0145182566622333
2025-12-10,11.38,11.47,11.27,11.37,5262100.0,59762366.0,329529923.0,0.0159685043230505
2025-12-11,11.5,11.56,11.1,11.1,8065350.0,90295180.0,329529923.0,0.0244753190440917
2025-12-12,11.08,11.26,11.0,11.18,6310300.0,70609596.0,329529923.0,0.0191493990668641
2025-12-15,11.18,11.31,11.08,11.19,4512550.0,50651675.0,329529923.0,0.0136939005687808
2025-12-16,11.28,11.36,11.02,11.05,6414900.0,71217157.0,329529923.0,0.0194668209235736
2025-12-17,11.18,11.63,11.04,11.31,11667123.0,131416758.0,329529923.0,0.0354053522477835
2025-12-18,11.22,11.97,11.18,11.75,18994454.0,221739647.0,329529923.0,0.0576410598074882
2025-12-19,11.77,11.79,11.49,11.68,10137172.0,118046903.0,329529923.0,0.0307625234992695
2025-12-22,11.65,11.68,11.48,11.58,6224698.0,71913816.0,329529923.0,0.0188896290307451
2025-12-23,11.58,11.6,11.26,11.28,6566300.0,74630803.0,329529923.0,0.0199262632668414
2025-12-24,11.28,11.36,11.18,11.35,4789500.0,54154406.0,329529923.0,0.0145343401788735
2025-12-25,11.35,11.53,11.28,11.51,6957300.0,79508788.0,329529923.0,0.0211128019472756
2025-12-26,11.47,11.55,11.26,11.35,6364700.0,72627383.0,329529923.0,0.0193144827093592
2025-12-29,11.28,11.35,11.21,11.25,5222100.0,58826278.0,329529923.0,0.015847119291804
2025-12-30,11.25,11.33,11.15,11.16,4908876.0,55070790.0,329529923.0,0.0148966016661254
2025-12-31,11.22,11.43,11.1,11.29,6215000.0,70041961.0,329529923.0,0.0188601992299194
2026-01-05,11.33,12.19,11.32,12.08,21087200.0,249380310.0,329529923.0,0.063991760772511
2026-01-06,12.05,12.3,11.93,11.98,16384700.0,197620895.0,329529923.0,0.0497214330365986
2026-01-07,11.96,11.99,11.66,11.7,11684471.0,137684187.0,329529923.0,0.0354579969358351
2026-01-08,11.65,12.26,11.65,12.22,16758509.0,202080497.0,329529923.0,0.0508558034652288
2026-01-09,12.26,12.75,12.26,12.66,25216007.0,315761028.0,329529923.0,0.0765211449401516
2026-01-12,13.0,13.19,12.75,13.14,26667400.0,346029162.0,329529923.0,0.0809255795565491
2026-01-13,13.61,14.45,13.41,14.45,38800806.0,545136539.0,329529923.0,0.11774592621745
2026-01-14,14.57,15.63,14.48,15.0,95689578.0,1449109678.0,329529923.0,0.2903820603872747
2026-01-15,14.28,14.35,13.5,13.5,45728660.0,632985526.0,329529923.0,0.1387693705739736
2026-01-16,13.5,13.52,12.73,12.77,36710314.0,477990473.0,329529923.0,0.1114020652989379
2026-01-19,12.7,12.85,12.55,12.64,16028110.0,203457260.0,329529923.0,0.0486393158292942
2026-01-20,12.65,12.9,12.61,12.68,14664719.0,186471817.0,329529923.0,0.0445019343508905
2026-01-21,12.55,12.92,12.42,12.66,15854901.0,201483104.0,329529923.0,0.0481136913323649
2026-01-22,12.66,12.95,12.62,12.94,14767970.0,189610793.0,329529923.0,0.0448152624974212
2026-01-23,13.0,13.26,12.91,13.19,17458709.0,228883564.0,329529923.0,0.0529806484371982
2026-01-26,13.18,13.56,13.0,13.31,23553300.0,312680386.0,329529923.0,0.0714754514114337
2026-01-27,13.28,13.28,12.65,12.98,18430589.0,236437777.0,329529923.0,0.0559299405413935
2026-01-28,12.88,12.98,12.45,12.46,15684400.0,197976566.0,329529923.0,0.0475962846020511
2026-01-29,12.38,12.88,12.12,12.54,16612700.0,208875912.0,329529923.0,0.0504133277147034
2026-01-30,12.32,12.4,11.97,12.05,14371000.0,174445519.0,329529923.0,0.0436106071010734
2026-02-02,12.05,12.23,11.83,11.83,9632600.0,115906226.0,329529923.0,0.0292313362996173
2026-02-03,12.0,12.22,11.87,12.21,10379001.0,125450661.0,329529923.0,0.0314963840173021
2026-02-04,12.14,12.31,12.03,12.28,7699231.0,93726283.0,329529923.0,0.0233642848877186
2026-02-05,12.21,12.39,12.2,12.24,6987700.0,85867234.0,329529923.0,0.0212050545710229
2026-02-06,12.26,12.84,12.16,12.63,16110968.0,202118922.0,329529923.0,0.0488907588522696
2026-02-09,12.64,12.7,12.51,12.55,9832800.0,123552083.0,329529923.0,0.0298388683810058
2026-02-10,12.51,12.86,12.48,12.7,9507300.0,120670797.0,329529923.0,0.0288510976892377
2026-02-11,12.7,12.71,12.49,12.52,6639500.0,83438476.0,329529923.0,0.0201483978740225
2026-02-12,12.58,12.58,12.32,12.35,7137400.0,88495560.0,329529923.0,0.0216593380504628
2026-02-13,12.4,12.55,12.29,12.3,4839645.0,60016594.0,329529923.0,0.0146865114886698
2026-02-24,12.4,12.52,12.27,12.28,6496500.0,80116374.0,329529923.0,0.0197144463873163
2026-02-25,12.31,12.59,12.3,12.49,6314255.0,78841330.0,329529923.0,0.0191614010118286
2026-02-26,12.49,12.89,12.26,12.36,15461300.0,193342651.0,329529923.0,0.0469192595902739
2026-02-27,12.36,12.48,12.22,12.43,9224800.0,114142664.0,329529923.0,0.0279938159060596
2026-03-02,12.21,12.29,11.78,11.85,12406100.0,148472540.0,329529923.0,0.037647870903669
2026-03-03,11.94,12.05,11.39,11.41,9689853.0,113575975.0,329529923.0,0.0294050777294661
2026-03-04,11.3,11.52,11.2,11.31,7229600.0,82021775.0,329529923.0,0.0219391305474859
2026-03-05,11.47,11.63,11.46,11.54,6308900.0,72824893.0,329529923.0,0.0191451505907704
2026-03-06,11.7,12.15,11.6,11.82,12274268.0,145545287.0,329529923.0,0.0372478101176869
2026-03-09,11.53,11.82,11.43,11.77,7707400.0,89873651.0,329529923.0,0.0233890747457249
2026-03-10,11.89,12.02,11.82,11.91,5250500.0,62537916.0,329529923.0,0.015933302663989
2026-03-11,11.91,11.96,11.62,11.7,6061106.0,71120760.0,329529923.0,0.0183931885299533
2026-03-12,11.7,11.7,11.47,11.48,6200300.0,71589206.0,329529923.0,0.0188155902309363
2026-03-13,11.43,11.53,11.32,11.35,5696100.0,65081082.0,329529923.0,0.0172855319120746
2026-03-16,11.26,11.47,11.22,11.36,5844200.0,66384388.0,329529923.0,0.0177349599902646
2026-03-17,11.4,11.48,11.12,11.13,6605100.0,74656544.0,329529923.0,0.0200440067471505
2026-03-18,11.13,11.42,11.11,11.4,5604600.0,63175555.0,329529923.0,0.0170078636530983
2026-03-19,11.25,11.39,10.93,10.99,8185500.0,91021981.0,329529923.0,0.0248399293316983
2026-03-20,10.97,11.09,10.5,10.5,9130000.0,97834178.0,329529923.0,0.0277061333820054
2026-03-23,10.28,10.4,9.77,9.81,11373327.0,114423635.0,329529923.0,0.0345137913317814
2026-03-24,10.0,10.37,9.92,10.36,10886800.0,110610721.0,329529923.0,0.0330373639543502
2026-03-25,10.37,10.41,10.18,10.27,7306775.0,75223560.0,329529923.0,0.0221733277921471
2026-03-26,10.21,10.43,10.01,10.05,6173100.0,62821028.0,329529923.0,0.0187330484096887
2026-03-27,10.03,10.48,9.96,10.41,8334855.0,85887384.0,329529923.0,0.0252931658652437
2026-03-30,10.39,10.54,10.28,10.44,5823200.0,60668857.0,329529923.0,0.0176712328488602
2026-03-31,10.42,10.67,10.31,10.32,6015754.0,63187767.0,329529923.0,0.018255562181526
2026-04-01,10.55,10.73,10.31,10.72,8683200.0,92031591.0,329529923.0,0.0263502625829824
2026-04-02,10.71,11.41,10.5,10.81,22337464.0,243013444.0,329529923.0,0.0677858441401693
2026-04-03,10.63,10.7,10.31,10.31,15597776.0,162874148.0,329529923.0,0.0473334131783838
2026-04-07,10.35,10.62,10.14,10.48,9504400.0,99469104.0,329529923.0,0.0288422972744724
2026-04-08,10.68,10.7,10.48,10.69,7948200.0,84391054.0,329529923.0,0.0241198126338287
2026-04-09,10.6,10.71,10.3,10.35,9030600.0,94502698.0,329529923.0,0.027404491579358
2026-04-10,10.36,10.52,10.32,10.35,6722100.0,69982410.0,329529923.0,0.0203990579635464
2026-04-13,10.28,10.29,10.11,10.18,5697338.0,57994951.0,329529923.0,0.0172892887787917
2026-04-14,10.21,10.28,10.06,10.26,6845000.0,69544384.0,329529923.0,0.0207720134720512
2026-04-15,10.38,10.49,10.16,10.27,5747907.0,59121772.0,329529923.0,0.0174427467699192
2026-04-16,10.28,10.35,10.13,10.32,4682722.0,47979924.0,329529923.0,0.0142103089072126
2026-04-17,10.32,10.32,10.0,10.06,7625600.0,76874960.0,329529923.0,0.0231408423568259
2026-04-20,10.03,10.25,9.98,10.23,5525800.0,55989902.0,329529923.0,0.0167687351415428
2026-04-21,10.22,10.22,9.86,9.95,8044518.0,80042130.0,329529923.0,0.0244121017198186
2026-04-22,9.95,9.97,9.77,9.97,6093510.0,60071595.0,329529923.0,0.018491522543766
2026-04-23,9.95,9.98,9.66,9.7,6957109.0,67770925.0,329529923.0,0.0211122223337514
2026-04-24,9.65,9.73,9.42,9.68,6382800.0,61157868.0,329529923.0,0.0193694094359983
2026-04-27,9.62,9.89,9.47,9.86,7536988.0,73143790.0,329529923.0,0.0228719380971056
2026-04-28,9.86,9.99,9.68,9.75,5988000.0,58943196.0,329529923.0,0.0181713391775957
2026-04-29,9.79,10.02,9.7,9.92,7645000.0,76115632.0,329529923.0,0.0231997140969805
2026-04-30,9.9,10.04,9.82,9.99,4885631.0,48659062.0,329529923.0,0.0148260617898423
2026-05-06,9.99,10.13,9.93,10.0,6484171.0,65047808.0,329529923.0,0.0196770324860604
2026-05-07,10.01,10.05,9.92,9.99,5355400.0,53409484.0,329529923.0,0.0162516349084328
2026-05-08,10.06,10.99,10.06,10.99,21655519.0,231731183.0,329529923.0,0.065716396261835
2026-05-11,10.97,12.09,10.66,11.41,43291374.0,485579768.0,329529923.0,0.1313731196423093
2026-05-12,11.21,11.25,10.69,10.72,27429500.0,297829880.0,329529923.0,0.0832382678643723
2026-05-13,10.72,10.8,10.53,10.59,12713958.0,134661292.0,329529923.0,0.0385821047274058
2026-05-14,10.63,10.77,10.3,10.3,12982802.0,136635536.0,329529923.0,0.0393979456609165
2026-05-15,10.39,10.6,10.28,10.41,11840600.0,123919529.0,329529923.0,0.0359317900244221
2026-05-18,10.43,10.71,10.38,10.6,11626822.0,122288232.0,329529923.0,0.0352830537941769
2026-05-19,10.5,10.68,10.32,10.46,10874700.0,114242408.0,329529923.0,0.0330006449823981
2026-05-20,10.36,10.37,10.09,10.14,11508500.0,117031643.0,329529923.0,0.0349239908024983
2026-05-21,10.12,10.25,9.56,9.57,17392600.0,171612504.0,329529923.0,0.0527800323614314
2026-05-22,9.57,9.67,9.42,9.48,8498200.0,80758696.0,329529923.0,0.0257888568134675
2026-05-25,9.5,9.88,9.31,9.42,9301600.0,88913607.0,329529923.0,0.0282268751660528
2026-05-26,9.42,9.48,9.0,9.14,9522700.0,87248951.0,329529923.0,0.0288978309262676
2026-05-27,9.1,9.14,8.7,8.77,9653300.0,85213032.0,329529923.0,0.0292941530532873
2026-05-28,8.83,8.9,8.63,8.86,6728222.0,59347100.0,329529923.0,0.0204176359425787
2026-05-29,9.03,9.03,8.74,8.82,6989700.0,61803511.0,329529923.0,0.0212111238225853
2026-06-01,8.75,9.05,8.7,8.98,6019500.0,53681764.0,329529923.0,0.0182669298897023
2026-06-02,8.95,8.95,8.63,8.72,5988900.0,52260261.0,329529923.0,0.0181740703407987
2026-06-03,8.72,8.72,8.47,8.55,5693900.0,48875337.0,329529923.0,0.017278855735356
2026-06-04,8.53,8.61,8.23,8.3,7394501.0,61741555.0,329529923.0,0.0224395433734253
2026-06-05,8.35,8.51,8.27,8.32,7340700.0,61459005.0,329529923.0,0.022276277471773
2026-06-08,8.18,8.41,8.03,8.19,7585800.0,62485989.0,329529923.0,0.0230200642507357
2026-06-09,8.21,8.33,8.06,8.27,5389200.0,44296339.0,329529923.0,0.0163542052598361
2026-06-10,8.18,8.26,7.94,8.11,5611500.0,45261259.0,329529923.0,0.0170288025709883
2026-06-11,8.0,8.07,7.86,7.93,6249200.0,49587529.0,329529923.0,0.0189639834316351
2026-06-12,8.01,8.14,7.87,8.06,6035000.0,48537793.0,329529923.0,0.0183139665893103
2026-06-15,8.18,8.3,7.99,8.04,6207300.0,50275285.0,329529923.0,0.0188368326114044
2026-06-16,8.04,8.08,7.87,8.06,5697999.0,45439047.0,329529923.0,0.017291294666433
2026-06-17,8.07,8.07,7.8,7.84,6490200.0,51113526.0,329529923.0,0.019695328244895
2026-06-18,7.84,8.06,7.82,7.86,7447622.0,59020122.0,329529923.0,0.0226007457295463
2026-06-22,7.8,7.93,7.45,7.92,10969700.0,83746917.0,329529923.0,0.0332889344316085
2026-06-23,7.9,8.37,7.86,8.13,11824200.0,96804323.0,329529923.0,0.0358820221616111
2026-06-24,8.13,8.17,7.8,7.84,8840200.0,70140888.0,329529923.0,0.0268266988306248
2026-06-25,7.8,7.84,7.51,7.68,7027500.0,53800613.0,329529923.0,0.0213258326771132
2026-06-26,7.58,7.65,7.35,7.37,7273500.0,54073765.0,329529923.0,0.0220723506192789
2026-06-29,7.35,7.64,7.2,7.64,10036442.0,75164520.0,329529923.0,0.0304568456443331
2026-06-30,7.6,7.67,7.39,7.46,7901400.0,59135617.0,329529923.0,0.0239777921472703
2026-07-01,7.51,7.93,7.41,7.88,11448100.0,88682206.0,329529923.0,0.0347406994053162
2026-07-02,7.85,8.15,7.8,7.85,9023500.0,71953091.0,329529923.0,0.0273829457363117
2026-07-03,8.0,8.1,7.76,8.03,8296200.0,65982700.0,329529923.0,0.0251758624056729
2026-07-06,8.83,8.83,7.98,8.05,23272501.0,191397596.0,329529923.0,0.0706233315267093
2026-07-07,7.84,7.92,7.59,7.6,14307294.0,110383867.0,329529923.0,0.0434172832310588
2026-07-08,7.6,7.75,7.47,7.52,8778800.0,66466295.0,329529923.0,0.0266403728076615
2026-07-09,7.5,7.75,7.29,7.44,9065436.0,67824487.0,329529923.0,0.0275102058030705
2026-07-10,7.43,7.98,7.24,7.83,16374500.0,127136139.0,329529923.0,0.0496904798536307
2026-07-13,7.83,7.93,7.57,7.6,10035300.0,77051221.0,329529923.0,0.0304533801016911
2026-07-14,7.63,7.89,7.44,7.87,10336100.0,79784488.0,329529923.0,0.0313661955366645
2026-07-15,7.76,8.24,7.73,8.1,13740800.0,111520284.0,329529923.0,0.0416981859337854
2026-07-16,8.02,8.39,8.02,8.33,14750200.0,121973721.0,329529923.0,0.0447613371972899
2026-07-17,8.41,8.41,7.78,7.84,14352400.0,115743576.0,329529923.0,0.0435541630615438
2026-07-20,7.83,8.04,7.68,7.82,9425000.0,73956608.0,329529923.0,0.0286013479874481
2026-07-21,7.73,7.74,7.33,7.69,11400600.0,86203841.0,329529923.0,0.034596554680711
2026-07-22,7.65,7.91,7.61,7.67,7260800.0,56198426.0,329529923.0,0.0220338108718582
2026-07-23,7.61,7.84,7.54,7.83,7241900.0,55766821.0,329529923.0,0.0219764564445942
2026-07-24,7.78,7.86,7.57,7.58,6125700.0,47089084.0,329529923.0,0.0185892071476616
2026-07-27,7.57,7.9,7.48,7.89,9364900.0,73151252.0,329529923.0,0.0284189669780003
2026-07-28,7.88,8.07,7.8,7.97,5573100.0,44406162.0,329529923.0,0.0169122729409917
2026-07-29,8.03,8.13,7.97,8.08,6869114.0,55436714.0,329529923.0,0.0208451904381381
2026-07-30,8.08,8.22,7.95,7.97,6815700.0,55058694.0,329529923.0,0.0206830989366631
2026-07-31,7.9,8.77,7.89,8.5,25991936.0,220958311.0,329529923.0,0.0788757990879025
2026-08-03,8.38,8.5,8.28,8.4,17521600.0,146332657.0,329529923.0,0.05317149908720126
2026-08-04,8.51,9.24,8.45,9.24,33050000.0,297998023.0,329529923.0,0.10029438206739119
2026-08-05,9.35,9.79,9.11,9.19,53413793.0,501177483.0,329529923.0,0.1620908733074295
2026-08-06,9.18,9.35,8.85,8.91,31748777.0,285723004.0,329529923.0,0.09634565720455074
2026-08-07,8.91,9.2,8.71,9.08,28287144.0,252539810.0,329529923.0,0.0858408964578309
2026-08-10,9.2,9.99,9.02,9.99,21058700.0,205478932.0,329529923.0,0.0639052739377479
2026-08-11,9.74,9.8,9.5,9.57,37508300.0,360387048.0,329529923.0,0.11382365418754399
2026-08-12,9.53,9.63,9.43,9.46,21981000.0,208647357.0,329529923.0,0.06670410929571334
2026-08-13,9.41,9.66,9.32,9.61,31346378.0,298314087.0,329529923.0,0.09512452682483709
2026-08-14,9.66,9.71,9.08,9.17,25745978.0,238196738.0,329529923.0,0.0781294086000196
2026-08-17,9.07,9.16,8.83,9.06,16607500.0,149643290.0,329529923.0,0.0503975476606414
2026-08-18,9.15,9.15,8.86,8.92,11340400.0,101396994.0,329529923.0,0.03441387020868512
