date,open,high,low,close,volume,amount
2015-01-05,1256.423,1257.3,1230.73,1248.527,58244913,1026979920.0
2015-01-06,1244.281,1280.364,1230.423,1280.239,85771706,1716103000.0
2015-01-07,1276.526,1283.183,1263.467,1278.83,54690321,1041236300.0
2015-01-08,1274.673,1291.107,1274.226,1282.794,57557528,1130868880.0
2015-01-09,1279.178,1306.0,1267.167,1285.942,71317159,1839213400.0
2015-01-12,1271.582,1275.537,1256.248,1272.147,53281882,1210715890.0
2015-01-13,1273.631,1336.563,1272.609,1336.332,99954454,2475452600.0
2015-01-14,1342.649,1373.87,1335.117,1358.928,121434514,3178667400.0
2015-01-15,1347.315,1354.233,1338.544,1347.315,67552703,1813071000.0
2015-01-16,1344.865,1369.851,1339.966,1367.647,71794398,2010349100.0
2015-01-19,1338.802,1405.568,1325.125,1351.608,117533466,3094959900.0
2015-01-20,1358.857,1412.798,1358.611,1409.972,103658959,2712373000.0
2015-01-21,1406.895,1426.507,1406.254,1414.714,99137272,2478690300.0
2015-01-22,1416.385,1465.515,1416.385,1465.257,106311476,2685768000.0
2015-01-23,1472.316,1474.581,1440.88,1453.401,96454582,2481201700.0
2015-01-26,1454.193,1477.58,1447.851,1477.316,78593240,1967568700.0
2015-01-27,1476.375,1482.419,1443.337,1465.363,78906685,2031298500.0
2015-01-28,1464.563,1474.688,1452.307,1455.371,60542816,1561803700.0
2015-01-29,1451.798,1456.826,1428.38,1428.777,58921150,1521088400.0
2015-01-30,1430.062,1435.141,1406.046,1412.021,57453529,1329296480.0
2015-02-02,1406.09,1418.233,1399.312,1407.926,82449829,1394366600.0
2015-02-03,1421.749,1434.42,1414.325,1434.42,61601749,1431314900.0
2015-02-04,1446.286,1449.546,1430.247,1438.071,68021805,1694078800.0
2015-02-05,1440.685,1458.988,1435.848,1442.646,75045892,1990621800.0
2015-02-06,1439.367,1443.957,1400.678,1409.727,68201587,1848221600.0
2015-02-09,1407.471,1412.29,1394.732,1399.602,47907141,1310092690.0
2015-02-10,1403.164,1422.122,1398.584,1420.468,42616787,1219784250.0
2015-02-11,1417.784,1441.904,1417.784,1438.804,45680796,1321544320.0
2015-02-12,1438.28,1447.567,1433.833,1445.867,47840603,1294523920.0
2015-02-13,1447.97,1500.941,1447.838,1496.34,95186283,2493832100.0
2015-02-16,1499.332,1531.708,1489.81,1528.171,106250885,2734322700.0
2015-02-17,1541.797,1604.961,1541.16,1591.972,144322140,4026215600.0
2015-02-25,1609.048,1640.986,1603.724,1612.907,118016661,3256859300.0
2015-02-26,1609.681,1629.573,1579.707,1615.191,103196695,3247078200.0
2015-02-27,1617.344,1651.667,1614.921,1649.244,113253138,3592924300.0
2015-03-02,1645.258,1721.673,1635.362,1718.924,151758180,4859941200.0
2015-03-03,1712.764,1805.872,1700.302,1749.148,191990070,5973334000.0
2015-03-04,1741.859,1876.398,1741.859,1875.232,203886480,6000120000.0
2015-03-05,1915.236,1929.457,1874.606,1879.607,232756430,7190900800.0
2015-03-06,1858.931,1870.992,1800.506,1801.759,174500920,5660344100.0
2015-03-09,1796.503,1919.173,1791.549,1893.198,187283830,5805882900.0
2015-03-10,1893.355,1975.078,1887.833,1961.984,185401720,6456257500.0
2015-03-11,1972.685,1972.685,1900.181,1911.135,149227150,5491818300.0
2015-03-12,1907.66,1908.876,1827.204,1885.812,144077030,4709398200.0
2015-03-13,1876.382,1909.541,1851.867,1906.084,125821838,4132432200.0
2015-03-16,1923.874,2013.142,1923.874,1991.381,226831130,7737104500.0
2015-03-17,1979.764,2022.081,1948.234,1997.521,207377070,7140461500.0
2015-03-18,1985.036,2024.321,1972.052,2022.323,145169170,4573511000.0
2015-03-19,2020.469,2027.378,1988.449,2011.031,186146930,4476143100.0
2015-03-20,2004.997,2053.932,2002.316,2023.264,171045940,4744117000.0
2015-03-23,2025.961,2055.299,2003.874,2054.455,162087900,5565960800.0
2015-03-24,2053.77,2055.139,1971.934,2049.49,191392980,6632635500.0
2015-03-25,2044.878,2086.893,2000.302,2072.546,179247710,7016444400.0
2015-03-26,2047.33,2053.202,1980.317,1996.552,161191850,5264632600.0
2015-03-27,1982.076,2048.961,1979.414,2039.644,173312620,5143795000.0
2015-03-30,2026.386,2028.765,1988.312,2015.508,162343950,5378037400.0
2015-03-31,2038.182,2097.304,2014.836,2075.973,181965390,6555424300.0
2015-04-01,2088.601,2142.75,2079.605,2138.944,162297000,6085248600.0
2015-04-02,2149.282,2168.889,2125.575,2168.532,156618740,5437907100.0
2015-04-03,2155.52,2210.818,2135.461,2203.589,189214690,5269892700.0
2015-04-07,2194.958,2272.634,2176.044,2241.233,175871690,5978546100.0
2015-04-08,2250.758,2251.131,2120.393,2151.957,163461220,5596583300.0
2015-04-09,2164.51,2164.51,2019.97,2116.27,147969530,5533447700.0
2015-04-10,2123.853,2238.308,2116.799,2231.077,151153800,5375511200.0
2015-04-13,2281.276,2348.952,2274.025,2334.264,212298260,6778365200.0
2015-04-14,2365.776,2428.412,2327.261,2427.829,200444570,6928006700.0
2015-04-15,2402.888,2408.406,2300.257,2315.486,146882900,6039933100.0
2015-04-16,2276.964,2437.785,2231.286,2372.741,160211790,6618423500.0
2015-04-17,2368.642,2377.702,2312.991,2316.01,150916220,5982881900.0
2015-04-20,2293.692,2311.377,2203.999,2223.79,169363740,5537805900.0
2015-04-21,2219.14,2330.329,2217.32,2329.925,139550630,4687116900.0
2015-04-22,2344.751,2414.225,2344.751,2400.881,152301820,5547149900.0
2015-04-23,2399.353,2537.731,2389.313,2504.555,200292200,7433495000.0
2015-04-24,2486.34,2533.243,2442.624,2522.086,159444960,6737868800.0
2015-04-27,2532.93,2561.43,2472.905,2504.683,134347290,4830414700.0
2015-04-28,2514.952,2524.219,2361.415,2388.465,130135143,4317625700.0
2015-04-29,2368.64,2451.998,2355.981,2413.543,99123995,3643595500.0
2015-04-30,2436.581,2470.37,2404.327,2416.175,130592527,4557544800.0
2015-05-04,2413.319,2431.111,2347.643,2421.885,109730749,3474743900.0
2015-05-05,2409.335,2417.701,2331.394,2348.788,117623036,3764746900.0
2015-05-06,2353.272,2432.063,2348.147,2376.546,135651090,5270025800.0
2015-05-07,2378.922,2429.046,2355.373,2370.064,123557501,4745129100.0
2015-05-08,2390.532,2518.947,2387.947,2517.438,148400950,6061469400.0
2015-05-11,2548.696,2663.659,2502.543,2647.715,213241680,9332276300.0
2015-05-12,2646.832,2702.213,2628.96,2696.035,171787400,7618777500.0
2015-05-13,2669.074,2755.572,2627.96,2755.123,169573350,7210579200.0
2015-05-14,2762.469,2770.505,2701.168,2742.036,151496820,6386669400.0
2015-05-15,2740.893,2772.426,2672.571,2739.293,138514750,5532948500.0
2015-05-18,2734.042,2871.007,2724.226,2865.072,166159110,6422701400.0
2015-05-19,2863.878,2923.089,2803.711,2903.272,197427030,6559953500.0
2015-05-20,2908.594,2998.596,2903.513,2960.611,185123060,6946984400.0
2015-05-21,2964.805,3115.796,2957.156,3106.667,213247430,7491888700.0
2015-05-22,3158.444,3192.359,3066.798,3175.272,263141010,9794792900.0
2015-05-25,3106.209,3207.289,3059.374,3198.821,220694450,7454998800.0
2015-05-26,3200.953,3336.903,3177.762,3321.975,194882650,7660087800.0
2015-05-27,3320.59,3347.166,3222.869,3313.393,218680500,8661061900.0
2015-05-28,3312.012,3367.511,3133.641,3137.507,209623320,8941332500.0
2015-05-29,3137.245,3250.195,2947.164,3193.459,173459000,7474272400.0
2015-06-01,3251.739,3438.556,3249.344,3433.766,180780010,8654422100.0
2015-06-02,3495.859,3624.34,3488.706,3614.324,182252230,8351458900.0
2015-06-03,3619.143,3619.143,3429.993,3615.227,173304800,8030238000.0
2015-06-04,3546.236,3591.125,3320.887,3579.074,172808130,8688867500.0
2015-06-05,3627.391,3666.463,3529.861,3593.688,196122570,8454141500.0
2015-06-08,3585.003,3585.003,3375.371,3412.805,171010300,7632852900.0
2015-06-09,3379.814,3434.419,3325.209,3390.621,120240495,5301905000.0
2015-06-10,3374.798,3512.965,3347.39,3473.408,135453800,5652905200.0
2015-06-11,3480.933,3553.296,3463.277,3547.217,216235580,7386279500.0
2015-06-12,3551.059,3624.96,3530.958,3607.815,186336400,7658620500.0
2015-06-15,3609.919,3612.625,3475.829,3526.037,165659630,7128737900.0
2015-06-16,3498.122,3498.122,3320.351,3368.246,164882600,6604049300.0
2015-06-17,3363.193,3462.837,3229.867,3441.505,146541190,5881104800.0
2015-06-18,3423.15,3446.38,3230.712,3248.207,143704520,5471124300.0
2015-06-19,3149.136,3192.446,3007.568,3021.644,122331992,4713960900.0
2015-06-23,2987.65,3059.162,2806.855,3056.896,139468050,4935341200.0
2015-06-24,3077.275,3128.733,2979.454,3064.538,127773881,4694631100.0
2015-06-25,3056.621,3077.306,2924.846,2970.814,145567060,5138084500.0
2015-06-26,2803.477,2815.446,2637.618,2640.061,119206572,4185529600.0
2015-06-29,2693.287,2693.287,2373.636,2412.768,154360720,4754838400.0
2015-06-30,2309.421,2551.301,2182.549,2545.671,198216340,5968517900.0
2015-07-01,2516.82,2631.587,2382.111,2396.749,214328930,6885549800.0
2015-07-02,2350.811,2350.811,2168.658,2182.439,176740540,5226590700.0
2015-07-03,2062.404,2262.098,1977.289,2030.104,158813420,4585318600.0
2015-07-06,2223.775,2223.775,1832.777,1923.32,254094070,5927595400.0
2015-07-07,1799.586,1799.586,1729.919,1729.919,104852731,2140945200.0
2015-07-08,1556.71,1659.208,1556.71,1623.961,259950470,6832815700.0
2015-07-09,1518.078,1785.382,1518.078,1785.382,156327390,2356800900.0
2015-07-10,1894.647,1963.563,1858.582,1963.563,112619075,1347842900.0
2015-07-13,2113.775,2157.628,2103.303,2154.355,126882393,1494204500.0
2015-07-14,2284.813,2344.416,2284.813,2318.325,124676708,1909837800.0
2015-07-15,2412.088,2412.088,2200.348,2238.729,208591990,6067064700.0
2015-07-16,2160.149,2390.067,2089.853,2325.815,211889960,5721324200.0
2015-07-17,2345.584,2538.627,2345.351,2518.857,230030860,5830251400.0
2015-07-20,2544.297,2653.867,2518.101,2640.769,233697490,5208856700.0
2015-07-21,2629.413,2756.962,2596.14,2725.009,209123450,4428378500.0
2015-07-22,2735.636,2812.754,2685.496,2789.319,236713560,4818329400.0
2015-07-23,2824.312,2933.602,2795.151,2918.895,211837080,4834835300.0
2015-07-24,2965.862,3027.159,2881.214,2919.425,215966230,5667616300.0
2015-07-27,2816.183,2949.415,2654.288,2656.411,194344420,5828616100.0
2015-07-28,2469.254,2664.621,2398.014,2470.945,202111330,5366044900.0
2015-07-29,2530.247,2622.121,2364.02,2621.223,183556710,5366617200.0
2015-07-30,2597.155,2653.154,2451.796,2463.949,164715430,4464637800.0
2015-07-31,2399.438,2480.076,2338.063,2385.774,123592483,3310248900.0
2015-08-03,2331.118,2343.48,2184.718,2208.142,121647899,3245001500.0
2015-08-04,2217.376,2406.071,2206.134,2404.867,147370630,3320336200.0
2015-08-05,2415.579,2501.936,2368.138,2410.769,169225210,4053748200.0
2015-08-06,2322.447,2448.683,2318.721,2411.645,160281520,3029199200.0
2015-08-07,2449.354,2565.113,2449.354,2564.017,240738140,4917128000.0
2015-08-10,2584.296,2746.528,2566.814,2722.986,252423290,5640507400.0
2015-08-11,2721.079,2780.713,2682.958,2728.159,281795930,5711562800.0
2015-08-12,2694.875,2752.439,2671.14,2672.777,229504550,4412119400.0
2015-08-13,2652.731,2793.586,2628.408,2793.586,224094210,4578559200.0
2015-08-14,2803.518,2868.081,2785.826,2810.968,197814090,4031540000.0
2015-08-17,2795.351,2842.2,2701.34,2836.266,191872980,4227690700.0
2015-08-18,2838.471,2888.264,2553.269,2557.996,200483290,4638036100.0
2015-08-19,2444.875,2665.147,2376.378,2639.851,186241790,3682762400.0
2015-08-20,2656.57,2679.742,2559.188,2565.935,147118600,3360665000.0
2015-08-21,2447.901,2505.207,2359.519,2371.779,141772210,2913947300.0
2015-08-24,2223.147,2241.594,2134.601,2134.601,95559671,1902417100.0
2015-08-25,1939.166,2001.781,1920.429,1920.429,88713821,1633006900.0
2015-08-26,1901.651,2005.568,1778.744,1803.922,165080210,2760311300.0
2015-08-27,1861.447,1897.725,1730.762,1897.725,125346774,1999026700.0
2015-08-28,1926.823,2060.718,1911.219,2059.875,138545800,2431486000.0
2015-08-31,2029.434,2029.434,1933.993,1936.511,123849141,2150352900.0
2015-09-01,1902.514,1902.514,1754.263,1755.769,95036443,1505072500.0
2015-09-02,1635.206,1835.168,1632.279,1687.489,102455782,1620241400.0
2015-09-07,1737.176,1813.488,1727.426,1748.613,95704958,1582373400.0
2015-09-08,1731.709,1897.633,1721.218,1897.633,101574213,1649888500.0
2015-09-09,1933.898,2004.743,1930.314,2004.743,150173040,2825301300.0
2015-09-10,1962.866,2021.449,1948.832,1958.633,102417306,1928358600.0
2015-09-11,1948.186,2011.08,1933.388,1979.525,80085195,1619462800.0
2015-09-14,1987.882,1995.581,1781.352,1781.572,96344991,1714717900.0
2015-09-15,1694.67,1756.827,1643.401,1654.684,91158748,1419244000.0
2015-09-16,1656.504,1819.159,1634.662,1809.727,120345472,2065754800.0
2015-09-17,1803.573,1893.517,1775.704,1790.362,141986510,2718622700.0
2015-09-18,1809.16,1847.653,1771.384,1836.732,100867430,1919864200.0
2015-09-21,1802.568,1993.956,1797.609,1992.67,120565330,2295426200.0
2015-09-22,2073.572,2118.606,2068.789,2096.886,200085630,3533474300.0
2015-09-23,2073.994,2154.725,2071.898,2120.825,223888160,4679914300.0
2015-09-24,2127.364,2168.72,2087.952,2123.476,168314690,4023645200.0
2015-09-25,2106.488,2141.171,1980.849,2030.75,166852060,3812749900.0
2015-09-28,2052.919,2167.148,1990.642,2161.225,161737860,4090267000.0
2015-09-29,2099.81,2152.399,2079.098,2101.971,147627030,3642004500.0
2015-09-30,2101.27,2120.012,2013.688,2048.721,98567170,2367982300.0
2015-10-08,2149.791,2194.521,2126.401,2160.205,158393810,3758784800.0
2015-10-09,2149.764,2206.109,2124.741,2197.828,155375560,3527373400.0
2015-10-12,2190.22,2314.312,2186.838,2274.075,197754840,4697737200.0
2015-10-13,2229.992,2299.789,2221.421,2288.769,130988660,3393253800.0
2015-10-14,2251.985,2312.31,2225.337,2255.908,200099330,7124209800.0
2015-10-15,2207.567,2315.206,2202.088,2311.822,278688330,11281502200.0
2015-10-16,2317.106,2348.811,2277.309,2329.656,224242030,8468242900.0
2015-10-19,2334.814,2335.812,2272.413,2305.028,212989370,7825941900.0
2015-10-20,2303.71,2353.268,2278.355,2345.53,180583530,6434692400.0
2015-10-21,2348.21,2474.701,2211.834,2227.918,315702970,11905488600.0
2015-10-22,2250.674,2414.585,2249.56,2414.267,289138090,10995613300.0
2015-10-23,2547.741,2589.818,2536.532,2555.674,342193170,13324075500.0
2015-10-26,2582.143,2582.326,2437.565,2476.813,298014320,10757858000.0
2015-10-27,2442.668,2548.286,2342.18,2525.464,232868520,8260136700.0
2015-10-28,2496.962,2525.824,2403.159,2417.229,196205490,6986051200.0
2015-10-29,2432.423,2457.458,2369.402,2409.631,139561450,4950842100.0
2015-10-30,2423.056,2445.086,2352.316,2377.273,147113550,5242526400.0
2015-11-02,2284.559,2371.499,2259.428,2264.012,143719160,5032702200.0
2015-11-03,2252.541,2280.161,2207.26,2228.391,122539980,4269306500.0
2015-11-04,2239.384,2385.566,2239.384,2385.566,197770450,7116933500.0
2015-11-05,2371.103,2406.737,2317.875,2361.263,276162460,9151605100.0
2015-11-06,2349.874,2443.739,2349.726,2438.139,239922530,8129472100.0
2015-11-09,2432.5,2546.026,2427.014,2532.769,283329550,10467799500.0
2015-11-10,2551.624,2597.213,2526.859,2573.293,286595830,10667346600.0
2015-11-11,2562.856,2692.951,2553.993,2692.951,368728400,11826580600.0
2015-11-12,2715.392,2745.613,2660.635,2712.25,376340340,12748823600.0
2015-11-13,2662.525,2683.922,2564.583,2604.513,284522380,10166201300.0
2015-11-16,2532.4,2662.463,2527.028,2662.3,182937450,6560510100.0
2015-11-17,2685.095,2713.549,2561.964,2568.953,254766640,9145812700.0
2015-11-18,2568.31,2584.206,2480.003,2483.535,167975300,5825296600.0
2015-11-19,2486.788,2556.323,2484.46,2555.857,139306170,4568805800.0
2015-11-20,2551.863,2588.923,2541.799,2572.949,180028910,6043131800.0
2015-11-23,2571.984,2624.89,2537.41,2555.099,206397550,7371006100.0
2015-11-24,2560.509,2582.904,2525.339,2582.904,153665540,5173714900.0
2015-11-25,2590.956,2702.325,2589.893,2695.336,268391160,9633559000.0
2015-11-26,2725.301,2725.301,2655.698,2664.101,265803430,9186537400.0
2015-11-27,2632.915,2647.802,2430.913,2449.405,250828630,8271216800.0
2015-11-30,2448.54,2488.451,2310.509,2448.828,207323040,6941366400.0
2015-12-01,2464.673,2519.411,2427.652,2473.028,165808050,5854708100.0
2015-12-02,2468.518,2468.518,2344.285,2433.605,143171370,4694588900.0
2015-12-03,2437.47,2510.621,2436.468,2510.335,142372060,4604501500.0
2015-12-04,2519.785,2556.702,2481.096,2496.158,175549670,5472098500.0
2015-12-07,2494.689,2526.699,2479.859,2519.504,137962960,4458070600.0
2015-12-08,2503.497,2503.497,2445.845,2464.667,154949480,5258276800.0
2015-12-09,2446.399,2457.562,2415.663,2434.801,120537580,4392794700.0
2015-12-10,2429.215,2501.113,2428.642,2452.131,135164180,4832626600.0
2015-12-11,2443.548,2445.928,2393.856,2396.02,102830710,3673805900.0
2015-12-14,2365.436,2434.079,2354.583,2434.079,112946048,3891674400.0
2015-12-15,2442.598,2501.66,2439.251,2487.342,144125320,5368347900.0
2015-12-16,2486.61,2520.555,2483.391,2515.726,148594620,5063702600.0
2015-12-17,2530.82,2581.134,2530.82,2579.655,199561950,6570606300.0
2015-12-18,2584.527,2681.551,2577.505,2654.035,316614610,11879395600.0
2015-12-21,2729.232,2819.322,2722.745,2742.06,364954240,14706095000.0
2015-12-22,2728.197,2813.658,2714.03,2797.053,292164350,11314692000.0
2015-12-23,2783.214,2804.56,2693.267,2705.633,258381410,9906701400.0
2015-12-24,2710.617,2764.16,2701.503,2758.179,199191460,8228354800.0
2015-12-25,2771.679,2830.036,2769.066,2813.052,192881250,8130770800.0
2015-12-28,2838.488,2858.345,2730.906,2732.536,313667660,10366776200.0
2015-12-29,2729.803,2744.041,2680.905,2738.432,207307250,7310627700.0
2015-12-30,2748.625,2814.195,2745.125,2811.761,195110620,6878424700.0
2015-12-31,2816.915,2836.285,2748.965,2756.775,184808660,6270736900.0
2016-01-04,2758.661,2761.708,2509.826,2510.987,186117210,5941082000.0
2016-01-05,2288.762,2451.083,2279.994,2362.123,257939060,7946316700.0
2016-01-06,2406.413,2426.491,2343.698,2425.074,214471470,6698234100.0
2016-01-07,2356.478,2356.478,2186.022,2187.177,57165734,1682788700.0
2016-01-08,2231.03,2257.385,2054.853,2192.098,248336350,7156690000.0
2016-01-11,2129.185,2171.931,2004.783,2009.387,223226800,6072256600.0
2016-01-12,1998.235,2078.409,1955.134,2037.117,218145020,5836108000.0
2016-01-13,2051.988,2070.118,1932.104,1933.53,194612070,5345731000.0
2016-01-14,1843.621,2073.034,1843.621,2071.101,233053650,6282943100.0
2016-01-15,2068.726,2097.099,1985.782,2008.46,242383110,6989124400.0
2016-01-18,1904.377,2025.915,1902.722,1982.869,211066210,6259021400.0
2016-01-19,1972.857,2070.116,1958.382,2064.267,233302460,6804350800.0
2016-01-20,2055.715,2081.961,2013.054,2024.948,234490740,7019250600.0
2016-01-21,1985.606,2050.694,1918.108,1918.108,220539740,6398721400.0
2016-01-22,1949.346,1961.494,1859.469,1938.75,193313870,5532656500.0
2016-01-25,1954.722,1967.924,1913.454,1940.227,178090440,5091619400.0
2016-01-26,1915.558,1915.558,1749.438,1752.487,209366540,5413209900.0
2016-01-27,1747.396,1758.996,1611.787,1706.839,224390000,5354170400.0
2016-01-28,1672.617,1703.588,1625.073,1640.841,168167950,4189679500.0
2016-01-29,1628.964,1746.089,1628.964,1725.696,169538070,4219575200.0
2016-02-01,1711.718,1731.695,1661.845,1694.305,146692720,3718703100.0
2016-02-02,1701.728,1788.218,1700.921,1775.067,159922020,4289556700.0
2016-02-03,1749.371,1794.424,1726.633,1785.548,125493434,3306140400.0
2016-02-04,1793.37,1865.047,1793.37,1858.245,187845010,4997968900.0
2016-02-05,1860.754,1864.935,1823.589,1824.704,112085025,2633298500.0
2016-02-15,1752.081,1841.035,1749.891,1829.175,101221911,2469545100.0
2016-02-16,1840.15,1920.441,1838.802,1908.215,154615810,3988674100.0
2016-02-17,1905.102,1921.472,1866.234,1917.756,154042050,3988491500.0
2016-02-18,1935.218,1950.358,1892.522,1900.092,182099630,4844693300.0
2016-02-19,1889.291,1911.993,1871.891,1899.792,139284690,3666184800.0
2016-02-22,1941.487,1956.286,1925.889,1947.487,188347660,4980492300.0
2016-02-23,1960.172,1981.868,1925.38,1981.868,265061980,6192123400.0
2016-02-24,1963.833,1990.687,1926.673,1968.788,239550800,5675398800.0
2016-02-25,1956.664,1956.664,1776.883,1778.955,208416930,4678017100.0
2016-02-26,1785.696,1801.801,1706.954,1742.72,156693610,3474100500.0
2016-02-29,1724.421,1724.421,1583.958,1594.327,171587280,3509962400.0
2016-03-01,1586.993,1639.048,1536.453,1621.191,173991940,3672601300.0
2016-03-02,1618.597,1715.625,1613.166,1714.815,210894040,4434761300.0
2016-03-03,1714.043,1764.802,1710.099,1720.903,226247270,4837904600.0
2016-03-04,1710.414,1722.542,1603.554,1631.006,242283570,5661920700.0
2016-03-07,1649.335,1707.275,1649.335,1684.907,189863280,4338878500.0
2016-03-08,1677.205,1708.014,1596.65,1707.774,215753130,4618527300.0
2016-03-09,1655.89,1757.462,1644.098,1709.563,225632290,5407938300.0
2016-03-10,1704.19,1724.623,1659.741,1662.998,160246560,3822073800.0
2016-03-11,1642.646,1676.936,1632.193,1667.829,115880068,2746058300.0
2016-03-14,1697.929,1773.855,1693.323,1745.264,211800530,5255145200.0
2016-03-15,1745.181,1761.886,1729.307,1734.709,192246120,4495051800.0
2016-03-16,1750.952,1759.547,1684.166,1696.782,165328270,3798045900.0
2016-03-17,1707.194,1790.722,1705.652,1790.259,262587830,6557676700.0
2016-03-18,1795.474,1883.275,1792.283,1869.887,338841480,8520829000.0
2016-03-21,1895.009,1925.821,1884.196,1925.74,332637610,8842138000.0
2016-03-22,1896.435,1941.732,1887.811,1919.963,248481080,6617840600.0
2016-03-23,1910.781,1941.25,1899.177,1941.25,208176400,5653419700.0
2016-03-24,1924.032,1936.27,1886.557,1887.064,247331540,6725605300.0
2016-03-25,1883.864,1920.621,1877.875,1911.76,214611530,5599677300.0
2016-03-28,1923.001,1940.436,1867.942,1875.819,356981730,7515260300.0
2016-03-29,1871.392,1874.093,1795.009,1816.093,251882090,5543113200.0
2016-03-30,1835.925,1907.551,1835.925,1907.551,282099640,6632107900.0
2016-03-31,1921.222,1931.281,1899.005,1904.423,312696330,7480000900.0
2016-04-01,1891.701,1898.024,1840.968,1873.876,261160280,5663582400.0
2016-04-05,1880.997,1958.051,1873.876,1955.502,350630120,7968143900.0
2016-04-06,1943.117,1973.102,1932.769,1958.191,319190250,6833412100.0
2016-04-07,1968.217,1974.561,1904.458,1904.458,347561890,7876384900.0
2016-04-08,1886.251,1890.441,1849.762,1882.062,243218430,5403485100.0
2016-04-11,1916.012,2012.214,1916.012,2007.002,450000660,11268769700.0
2016-04-12,2040.526,2058.961,1998.751,2032.721,647866620,16842890000.0
2016-04-13,2035.223,2094.455,2023.762,2078.42,642407880,16102325000.0
2016-04-14,2080.191,2092.353,2056.096,2091.891,411481210,9970009900.0
2016-04-15,2089.489,2109.091,2066.866,2080.424,350171230,8591605300.0
2016-04-18,2061.161,2061.161,2002.37,2015.546,292224230,6911862100.0
2016-04-19,2035.925,2043.166,2005.244,2025.848,246793990,5951725400.0
2016-04-20,2034.341,2041.154,1863.255,1896.719,441105850,10061752000.0
2016-04-21,1884.215,1913.649,1862.297,1865.458,253613340,5617592900.0
2016-04-22,1851.225,1908.294,1850.258,1903.389,259626530,6002100400.0
2016-04-25,1892.251,1898.595,1851.857,1893.872,206973850,4671924200.0
2016-04-26,1891.347,1925.437,1884.683,1924.805,216448760,4914100700.0
2016-04-27,1931.435,1932.576,1890.301,1893.153,211929370,4751373800.0
2016-04-28,1893.663,1898.272,1842.038,1896.869,231248040,5006067600.0
2016-04-29,1881.132,1906.705,1876.355,1890.125,191864430,4076880500.0
2016-05-03,1866.717,1944.502,1861.41,1944.139,298843080,6224515500.0
2016-05-04,1933.446,1956.552,1929.408,1936.961,257829760,5458474600.0
2016-05-05,1925.184,1944.864,1914.492,1942.694,198783870,4301466900.0
2016-05-06,1946.813,1958.391,1839.187,1839.187,297327860,5990262400.0
2016-05-09,1825.325,1825.325,1722.786,1732.332,220061460,3992070500.0
2016-05-10,1731.214,1753.619,1727.195,1736.721,138834960,2599400000.0
2016-05-11,1757.269,1777.889,1732.014,1744.509,222541050,3637464300.0
2016-05-12,1733.868,1745.198,1680.8,1741.665,217044680,3301456800.0
2016-05-13,1737.534,1758.31,1710.288,1723.381,167123080,2709891400.0
2016-05-16,1717.56,1761.75,1713.246,1761.744,192298810,3210497600.0
2016-05-17,1763.896,1816.222,1738.237,1786.521,235023830,4581393700.0
2016-05-18,1772.169,1772.169,1690.884,1708.676,203076860,3642314800.0
2016-05-19,1710.46,1759.704,1710.46,1721.617,175851890,3428800000.0
2016-05-20,1715.101,1743.666,1695.329,1743.66,146514010,2771023400.0
2016-05-23,1741.884,1766.391,1741.884,1765.302,202127720,3937838300.0
2016-05-24,1771.663,1771.663,1733.986,1746.481,166345470,3097741200.0
2016-05-25,1762.045,1776.214,1736.406,1741.274,167777990,3166515800.0
2016-05-26,1737.282,1749.433,1693.139,1749.167,176297710,3151906000.0
2016-05-27,1745.815,1752.759,1730.449,1739.005,126610112,2518088500.0
2016-05-30,1734.086,1756.371,1713.004,1740.412,121159491,2481100000.0
2016-05-31,1741.486,1831.884,1741.131,1831.813,271344360,5800648800.0
2016-06-01,1835.536,1889.353,1835.536,1855.149,324502990,6981650400.0
2016-06-02,1852.103,1866.905,1840.644,1866.905,247947790,5131743100.0
2016-06-03,1864.562,1906.387,1857.725,1891.063,289643280,6464906500.0
2016-06-06,1894.089,1896.963,1863.227,1878.582,212560330,4725571900.0
2016-06-07,1871.546,1873.497,1851.315,1869.682,190126250,4485112500.0
2016-06-08,1866.086,1878.311,1851.92,1866.309,231616800,5613637800.0
2016-06-13,1849.153,1849.153,1746.004,1746.004,238091840,5492349700.0
2016-06-14,1744.013,1760.375,1730.69,1746.729,224956500,4035920700.0
2016-06-15,1734.991,1810.619,1722.879,1803.027,255074930,4725934700.0
2016-06-16,1801.293,1804.275,1786.661,1795.746,215211570,4114434400.0
2016-06-17,1798.978,1892.095,1798.978,1871.996,374806830,7993781900.0
2016-06-20,1872.356,1875.164,1828.868,1855.868,320304870,6717216800.0
2016-06-21,1861.364,1876.425,1814.325,1823.819,272611840,5877874200.0
2016-06-22,1823.258,1872.724,1823.258,1872.724,231751990,5381061900.0
2016-06-23,1870.713,1883.683,1852.332,1867.938,237400280,5379875600.0
2016-06-24,1867.385,1882.536,1785.195,1852.164,300628300,6558299800.0
2016-06-27,1845.853,1904.985,1832.819,1904.985,278695650,6251848000.0
2016-06-28,1904.279,1970.248,1902.516,1962.911,469633980,10071013600.0
2016-06-29,1963.783,1977.233,1941.464,1948.953,322236140,7104912100.0
2016-06-30,1949.17,1960.647,1934.516,1952.995,252897740,5672420800.0
2016-07-01,1952.561,1963.122,1933.031,1943.013,222847130,4810379400.0
2016-07-04,1930.563,1988.638,1929.412,1984.968,333672770,6680760100.0
2016-07-05,1988.791,1994.084,1966.148,1985.556,313808810,6009856500.0
2016-07-06,1977.981,1989.527,1966.068,1987.836,267915060,5212006300.0
2016-07-07,1985.48,2021.85,1984.817,2010.88,426893840,8941141900.0
2016-07-08,2012.295,2016.54,1992.112,1999.634,285282320,5999898900.0
2016-07-11,1996.598,2003.485,1967.566,1967.936,290999750,6100942400.0
2016-07-12,1966.988,2011.085,1947.819,2010.939,347322110,7111878500.0
2016-07-13,2017.791,2036.932,2004.981,2027.101,332138510,6800646700.0
2016-07-14,2025.149,2031.456,2006.004,2022.671,242911460,5099484400.0
2016-07-15,2025.938,2026.641,1995.253,1998.699,269026340,5445700500.0
2016-07-18,1991.889,1992.333,1968.867,1977.676,229216220,4571769900.0
2016-07-19,1982.803,1996.134,1968.081,1996.134,198073810,4108330400.0
2016-07-20,1996.43,2004.266,1987.78,1987.78,185028830,3851804700.0
2016-07-21,1987.092,2006.038,1979.019,1990.725,236653950,4531540900.0
2016-07-22,1992.789,2005.397,1987.112,1991.167,260190110,5362451600.0
2016-07-25,1990.848,2009.456,1984.235,1991.167,235831720,5018778900.0
2016-07-26,1990.954,2021.959,1990.954,2021.959,289181320,5032370400.0
2016-07-27,2025.281,2027.592,1897.897,1914.579,496237660,9153885400.0
2016-07-28,1908.835,1928.323,1864.39,1900.493,299963540,6015884400.0
2016-07-29,1900.986,1909.249,1880.47,1892.212,259913810,4626882400.0
2016-08-01,1879.403,1880.791,1830.715,1849.232,240693620,4445929400.0
2016-08-02,1849.43,1869.177,1848.968,1869.177,136957460,2830097700.0
2016-08-03,1865.439,1874.651,1857.495,1866.373,131565862,2550669100.0
2016-08-04,1867.593,1875.438,1852.309,1873.505,139201480,2661299100.0
2016-08-05,1874.874,1874.874,1851.424,1852.027,143299450,2671667600.0
2016-08-08,1848.252,1881.064,1837.343,1881.064,153847890,2790691600.0
2016-08-09,1883.214,1921.977,1883.214,1921.977,221737370,4332529300.0
2016-08-10,1918.133,1925.752,1906.258,1908.386,178411040,3461260000.0
2016-08-11,1903.509,1909.477,1876.148,1876.148,160986740,2990583900.0
2016-08-12,1869.484,1895.815,1867.608,1895.815,150451740,2840411100.0
2016-08-15,1899.607,1953.539,1887.905,1949.748,319462750,5813787000.0
2016-08-16,1951.093,1969.985,1946.252,1958.152,268059400,4863199500.0
2016-08-17,1956.464,1966.997,1942.487,1960.718,289027640,5085629400.0
2016-08-18,1957.202,1969.44,1952.537,1965.789,311754230,4863405400.0
2016-08-19,1963.121,1973.381,1949.588,1964.501,249788780,3837006600.0
2016-08-22,1968.769,1971.953,1940.521,1940.656,283469180,4509791900.0
2016-08-23,1937.109,1956.114,1933.696,1949.289,210286070,3385677400.0
2016-08-24,1952.583,1967.101,1950.432,1953.658,194761780,3366250300.0
2016-08-25,1951.57,1953.86,1919.705,1951.368,257410670,4456322800.0
2016-08-26,1953.738,1994.971,1952.781,1968.863,330378100,5814498200.0
2016-08-29,1966.826,1978.096,1960.648,1967.98,233700190,4194062700.0
2016-08-30,1972.73,1984.877,1967.641,1971.102,210177080,3721379600.0
2016-08-31,1969.342,1970.558,1947.585,1964.917,181634650,3110323200.0
2016-09-01,1963.971,1967.221,1937.747,1937.747,179281650,3071464600.0
2016-09-02,1933.456,1943.226,1920.909,1935.876,187986520,3358995500.0
2016-09-05,1941.684,1954.5,1937.345,1939.214,175036290,2994096000.0
2016-09-06,1940.322,1971.846,1917.548,1971.846,241118880,4139182600.0
2016-09-07,1970.146,1985.309,1970.146,1982.793,309049320,5852766700.0
2016-09-08,1985.305,1993.698,1978.431,1993.698,241644660,4487625000.0
2016-09-09,1997.754,2009.382,1979.078,1979.078,288400630,5443211000.0
2016-09-12,1936.698,1949.597,1910.151,1911.653,293363830,5461522300.0
2016-09-13,1922.2,1928.726,1911.323,1928.396,202010460,3419296300.0
2016-09-14,1915.999,1932.319,1909.844,1921.547,187797570,3128320900.0
2016-09-19,1929.896,1951.033,1929.896,1951.033,204425360,3289720400.0
2016-09-20,1951.683,1954.464,1939.058,1943.498,179613560,2823101200.0
2016-09-21,1944.47,1954.087,1940.616,1945.106,166276920,2708608800.0
2016-09-22,1959.769,1964.071,1950.872,1951.636,148740060,2669099800.0
2016-09-23,1955.901,1961.812,1951.218,1953.588,197364170,3319370500.0
2016-09-26,1953.119,1956.379,1916.958,1916.958,231249530,3930221700.0
2016-09-27,1915.315,1940.852,1908.469,1940.852,197637080,3334259100.0
2016-09-28,1939.327,1940.505,1926.296,1932.673,144727510,2466088000.0
2016-09-29,1935.07,1949.998,1935.07,1943.372,176636200,2532174800.0
2016-09-30,1941.069,1959.752,1940.318,1958.641,184422280,2833983900.0
2016-10-10,1967.105,1998.793,1964.517,1998.793,249766640,4254783100.0
2016-10-11,1998.365,2003.48,1988.317,2003.48,198026110,3365098400.0
2016-10-12,1997.815,2003.895,1992.91,2001.546,185450940,3028499800.0
2016-10-13,2003.399,2005.342,1993.402,2000.994,216634390,3268842500.0
2016-10-14,1996.277,1998.027,1980.57,1995.888,176346300,2785139900.0
2016-10-17,1996.852,2002.839,1972.281,1975.516,190827110,3214109800.0
2016-10-18,1973.687,2001.061,1970.339,2000.789,166914010,2839725200.0
2016-10-19,2004.515,2006.258,1984.583,1991.052,195859990,3225902100.0
2016-10-20,1992.778,1993.707,1982.026,1991.185,154552740,2645490000.0
2016-10-21,1991.327,1993.574,1963.773,1984.216,197283450,3266771100.0
2016-10-24,1984.414,2001.479,1980.711,1999.428,197480430,3343605000.0
2016-10-25,2000.628,2004.36,1994.096,2004.36,169296010,2873786300.0
2016-10-26,2007.433,2016.854,1995.474,1999.015,246934810,4124785000.0
2016-10-27,1996.947,2006.145,1990.752,2005.478,238322750,3628049800.0
2016-10-28,2004.609,2009.957,1985.824,1985.958,253122100,3764772300.0
2016-10-31,1976.454,1984.237,1965.105,1984.038,207693590,3771065000.0
2016-11-01,1983.755,2005.466,1983.046,2005.466,209798200,3815090300.0
2016-11-02,2000.452,2011.95,1990.024,1992.564,238011330,4159020900.0
2016-11-03,1986.724,2016.076,1985.922,2002.195,224858200,3814869800.0
2016-11-04,2002.747,2010.604,1995.321,2001.06,223889670,3664930400.0
2016-11-07,2000.927,2010.131,1996.391,2002.994,221591930,3293761100.0
2016-11-08,2008.402,2016.481,2002.193,2012.608,204041990,3296055300.0
2016-11-09,2012.886,2019.652,1973.228,1993.555,263237060,4478598200.0
2016-11-10,2008.905,2028.575,2008.905,2028.575,257567700,4342728500.0
2016-11-11,2028.365,2036.622,2018.77,2036.486,294403230,4482194500.0
2016-11-14,2032.752,2050.266,2030.105,2046.601,352728730,5225223300.0
2016-11-15,2046.374,2060.723,2041.962,2060.723,275792950,4335748800.0
2016-11-16,2062.286,2065.6,2057.288,2058.319,283452750,4492514800.0
2016-11-17,2053.564,2059.76,2039.177,2054.751,315854960,4371356500.0
2016-11-18,2055.105,2060.093,2044.683,2046.806,259653660,4003568000.0
2016-11-21,2040.666,2051.89,2039.543,2047.598,252314920,4160179200.0
2016-11-22,2049.58,2068.272,2049.58,2068.272,334403380,5841555500.0
2016-11-23,2068.939,2072.742,2048.457,2055.796,306254580,5506077700.0
2016-11-24,2053.608,2053.608,2029.27,2033.116,287900840,4741816500.0
2016-11-25,2031.345,2053.841,2002.029,2053.841,267949170,4844317000.0
2016-11-28,2059.406,2076.632,2053.178,2067.092,295298460,5646723700.0
2016-11-29,2062.174,2072.626,2042.62,2044.554,294374130,5374271100.0
2016-11-30,2038.693,2053.458,2032.748,2049.632,306713810,5030791600.0
2016-12-01,2048.905,2055.781,2045.533,2055.649,225773830,4110361600.0
2016-12-02,2054.389,2054.721,2012.348,2013.939,312903520,4955218300.0
2016-12-05,1998.834,2027.432,1994.672,2011.589,152708160,2924065300.0
2016-12-06,2015.076,2022.385,2006.426,2009.712,133037308,2507665200.0
2016-12-07,2010.502,2031.216,2007.635,2031.216,138510270,2669728200.0
2016-12-08,2030.674,2033.247,2015.846,2017.878,158822400,2837544200.0
2016-12-09,2015.636,2018.783,2003.614,2009.041,155817280,2752314000.0
2016-12-12,2011.05,2011.282,1881.571,1883.164,286413670,5034620500.0
2016-12-13,1876.573,1887.065,1855.186,1882.021,164230660,2696821000.0
2016-12-14,1878.815,1881.685,1859.302,1862.596,158424650,2249214400.0
2016-12-15,1857.215,1893.329,1856.476,1877.763,133858908,1995887300.0
2016-12-16,1876.623,1900.944,1875.691,1894.857,134164370,1993065500.0
2016-12-19,1903.84,1905.91,1895.425,1903.068,143693640,2072097800.0
2016-12-20,1909.693,1916.072,1904.464,1912.203,119590248,1878915200.0
2016-12-21,1920.469,1927.316,1914.794,1921.949,140326390,2407308600.0
2016-12-22,1928.676,1935.465,1921.267,1935.403,139320330,2281140600.0
2016-12-23,1938.212,1942.957,1918.421,1918.421,128576232,2145234600.0
2016-12-26,1919.281,1933.583,1890.882,1933.583,143902110,2423025200.0
2016-12-27,1939.05,1951.359,1938.323,1945.933,170186580,2417480200.0
2016-12-28,1950.798,1955.035,1941.978,1944.552,196304890,2830140900.0
2016-12-29,1942.296,1951.552,1932.755,1933.987,213330310,3535974300.0
2016-12-30,1933.557,1940.176,1930.635,1935.728,176652520,2564607000.0
2017-01-03,1937.802,1954.763,1937.802,1954.182,171970990,2413405600.0
2017-01-04,1960.11,1982.297,1955.506,1982.297,205192750,3279770300.0
2017-01-05,1985.978,1991.151,1981.438,1985.667,202395120,2836970900.0
2017-01-06,1985.826,1986.302,1962.699,1966.737,258198020,5176258100.0
2017-01-09,1963.617,1974.866,1959.985,1972.965,189376530,3325837700.0
2017-01-10,1962.954,1968.559,1957.576,1960.535,187841460,3110036300.0
2017-01-11,1955.424,1959.359,1934.133,1934.133,172684130,3018078000.0
2017-01-12,1931.769,1940.451,1911.826,1911.955,140603530,2327738900.0
2017-01-13,1914.529,1916.544,1876.393,1879.324,139619880,2251565500.0
2017-01-16,1874.187,1874.312,1731.797,1772.265,232196270,3694737400.0
2017-01-17,1772.204,1798.849,1734.457,1792.114,162998230,2625833300.0
2017-01-18,1788.828,1790.919,1771.445,1772.58,123671797,1945899700.0
2017-01-19,1766.819,1769.271,1750.423,1760.526,120962445,1798461000.0
2017-01-20,1756.942,1793.272,1750.995,1791.335,139511630,2099319900.0
2017-01-23,1792.138,1810.982,1791.219,1803.817,139283930,2155221100.0
2017-01-24,1801.24,1801.839,1787.35,1788.514,128025269,1863582900.0
2017-01-25,1787.057,1808.649,1781.418,1806.688,152701310,2266615900.0
2017-01-26,1813.292,1813.565,1805.93,1812.866,108085613,1691140600.0
2017-02-03,1814.209,1815.498,1800.936,1805.965,98311243,1414810100.0
2017-02-06,1806.808,1832.821,1806.808,1831.889,145374270,2019905800.0
2017-02-07,1832.805,1832.805,1812.92,1825.861,146860510,2215533800.0
2017-02-08,1827.498,1848.066,1825.449,1848.066,175263660,2597469800.0
2017-02-09,1845.453,1861.479,1845.453,1858.677,184126750,2812337200.0
2017-02-10,1859.297,1863.833,1845.546,1847.705,185481910,2732541600.0
2017-02-13,1848.42,1869.341,1841.625,1866.242,233751010,3136991100.0
2017-02-14,1864.438,1866.362,1852.877,1860.944,168686300,2292017200.0
2017-02-15,1860.279,1869.648,1844.376,1847.797,202389560,3149455100.0
2017-02-16,1845.289,1855.844,1839.452,1855.844,178979350,2729341900.0
2017-02-17,1857.06,1860.094,1827.707,1828.904,179248690,2698611800.0
2017-02-20,1827.264,1844.243,1823.299,1844.125,173311890,2648807200.0
2017-02-21,1844.248,1858.819,1842.043,1858.819,166538860,2566114700.0
2017-02-22,1862.661,1875.488,1862.599,1875.488,213935580,3202296500.0
2017-02-23,1870.987,1885.289,1855.402,1884.26,236007230,3682188600.0
2017-02-24,1880.795,1898.909,1880.066,1896.781,222055670,3488341000.0
2017-02-27,1898.066,1899.779,1878.425,1879.771,223203300,3742188500.0
2017-02-28,1876.497,1882.864,1867.947,1877.527,154480510,2509144700.0
2017-03-01,1883.336,1899.94,1883.218,1887.091,215612980,4015206300.0
2017-03-02,1885.499,1885.947,1858.327,1859.128,172318150,2903719600.0
2017-03-03,1850.072,1873.212,1848.818,1868.48,217177660,3548349100.0
2017-03-06,1867.487,1887.844,1867.371,1887.844,226968430,3629651800.0
2017-03-07,1887.549,1907.809,1884.984,1907.809,282301160,4603936400.0
2017-03-08,1907.289,1907.289,1889.078,1897.576,217031100,3671566800.0
2017-03-09,1896.352,1896.352,1884.35,1893.953,241878690,4235314800.0
2017-03-10,1891.933,1898.831,1886.779,1893.379,269358980,4425683500.0
2017-03-13,1893.207,1912.255,1883.109,1912.255,263850570,4513009800.0
2017-03-14,1911.598,1917.644,1904.027,1908.952,236753650,4410254900.0
2017-03-15,1917.721,1925.554,1910.803,1914.043,285348030,5312738900.0
2017-03-16,1914.797,1945.19,1914.797,1941.884,370286950,6612514100.0
2017-03-17,1939.707,1945.025,1914.526,1916.297,380407310,6839874800.0
2017-03-20,1917.4,1926.386,1912.352,1926.386,283973030,5235827400.0
2017-03-21,1926.036,1926.036,1914.204,1923.44,234634470,4454086000.0
2017-03-22,1916.955,1924.924,1902.942,1914.757,252510640,4906366300.0
2017-03-23,1912.204,1924.933,1890.303,1913.608,274632640,5291284000.0
2017-03-24,1912.053,1922.356,1908.141,1922.356,234196550,4128165900.0
2017-03-27,1922.181,1924.511,1911.521,1913.968,230482960,3888370400.0
2017-03-28,1910.918,1914.981,1902.935,1905.468,169844510,3301520800.0
2017-03-29,1905.814,1908.438,1881.201,1881.369,224971700,3840114400.0
2017-03-30,1879.045,1879.045,1841.916,1843.354,244677860,3961828000.0
2017-03-31,1844.918,1857.125,1837.716,1851.92,183800440,3018620400.0
2017-04-05,1855.351,1887.324,1854.589,1887.324,235282090,3845111900.0
2017-04-06,1886.047,1890.766,1881.384,1887.268,216391080,3721647300.0
2017-04-07,1887.039,1890.432,1880.107,1884.493,200564210,3364729100.0
2017-04-10,1883.52,1883.52,1849.83,1851.315,309041920,4525251300.0
2017-04-11,1848.251,1857.1,1823.892,1848.364,321936190,4604355000.0
2017-04-12,1850.336,1850.336,1831.729,1833.04,243091850,3255904500.0
2017-04-13,1831.839,1846.64,1831.839,1839.071,172375000,2390178100.0
2017-04-14,1835.332,1837.538,1814.611,1820.067,204754420,2719780100.0
2017-04-17,1816.992,1818.012,1792.061,1800.986,182195200,2526790900.0
2017-04-18,1799.571,1812.431,1782.628,1782.918,183525520,2715161800.0
2017-04-19,1777.569,1779.64,1744.844,1771.358,204397330,3081174800.0
2017-04-20,1773.758,1778.158,1759.244,1769.987,209156090,3496495100.0
2017-04-21,1765.654,1779.522,1763.135,1765.305,201449930,3153781200.0
2017-04-24,1762.481,1762.481,1719.92,1722.71,168552250,2483898900.0
2017-04-25,1728.1,1741.993,1724.433,1728.212,155209920,2180235300.0
2017-04-26,1729.733,1740.367,1724.64,1729.595,184797710,2768456900.0
2017-04-27,1729.893,1743.878,1686.857,1741.479,261693500,3870249100.0
2017-04-28,1742.322,1761.59,1741.816,1760.86,188338260,2977128900.0
2017-05-02,1763.107,1764.836,1753.305,1763.302,179727490,3203299300.0
2017-05-03,1758.926,1766.032,1751.698,1766.032,178346440,3076935400.0
2017-05-04,1755.379,1772.882,1744.465,1755.115,165213690,3099445400.0
2017-05-05,1743.848,1747.836,1723.936,1723.936,209939050,4394168800.0
2017-05-08,1714.684,1718.46,1693.26,1693.767,181554220,3388835700.0
2017-05-09,1684.066,1710.898,1679.83,1710.753,159480010,2999851400.0
2017-05-10,1703.413,1713.099,1674.876,1674.876,200394550,3671914600.0
2017-05-11,1652.672,1662.221,1621.047,1659.988,368341900,4568241300.0
2017-05-12,1650.812,1659.225,1641.324,1658.597,258868350,3378988500.0
2017-05-15,1659.763,1670.79,1659.135,1667.697,201885490,3052808200.0
2017-05-16,1663.957,1707.812,1650.524,1707.812,266179890,4138371500.0
2017-05-17,1707.29,1716.443,1703.196,1709.658,249150990,3880296700.0
2017-05-18,1696.212,1713.678,1691.868,1700.786,205179050,3062730600.0
2017-05-19,1701.447,1706.992,1693.064,1704.555,163574920,2500595200.0
2017-05-22,1726.099,1733.394,1684.837,1691.379,252928970,3708929600.0
2017-05-23,1685.26,1688.545,1633.461,1635.152,269508130,4389275200.0
2017-05-24,1625.808,1650.841,1599.311,1650.841,205745670,3291733200.0
2017-05-25,1651.926,1674.533,1636.965,1672.659,241162410,4082548700.0
2017-05-26,1669.602,1678.935,1665.729,1675.026,223507500,3733157000.0
2017-05-31,1689.4,1695.064,1666.442,1669.04,235877250,3932067900.0
2017-06-01,1661.183,1663.25,1623.565,1624.103,197421490,3183760900.0
2017-06-02,1619.638,1651.188,1607.864,1648.46,180548090,2955903700.0
2017-06-05,1652.201,1669.283,1651.093,1664.823,173104740,2962844700.0
2017-06-06,1660.642,1671.529,1656.148,1669.013,189866820,2945806100.0
2017-06-07,1667.36,1708.363,1666.695,1707.449,295331350,4628287400.0
2017-06-08,1706.951,1711.263,1693.504,1697.201,295268350,4630221300.0
2017-06-09,1689.989,1697.574,1679.416,1696.626,234644740,3619326200.0
2017-06-12,1685.521,1685.521,1661.887,1663.407,201091200,3156178600.0
2017-06-13,1659.703,1689.318,1659.357,1685.652,216194330,2636190400.0
2017-06-14,1684.025,1687.837,1674.204,1679.748,195769620,2575038100.0
2017-06-15,1677.141,1711.205,1676.531,1702.655,301522200,3372820700.0
2017-06-16,1700.56,1704.622,1692.488,1696.42,195796250,2392600100.0
2017-06-19,1696.038,1702.199,1692.748,1702.199,186849920,2372458400.0
2017-06-20,1705.708,1711.231,1697.125,1698.004,210581780,2888482700.0
2017-06-21,1698.001,1708.79,1692.839,1708.79,215541550,2814943600.0
2017-06-22,1707.566,1709.239,1673.257,1673.257,255708960,3427720400.0
2017-06-23,1673.711,1680.582,1654.325,1680.535,234249920,3030318700.0
2017-06-26,1693.572,1708.768,1691.31,1708.768,279417440,3951712700.0
2017-06-27,1704.804,1729.032,1701.628,1716.598,296481880,4579429900.0
2017-06-28,1712.628,1712.628,1694.608,1696.693,333084430,4159428000.0
2017-06-29,1696.306,1715.816,1696.306,1713.303,321915490,4483035300.0
2017-06-30,1708.623,1718.805,1702.74,1716.371,250152010,3414083300.0
2017-07-03,1720.596,1729.842,1714.57,1729.842,291383710,3675191100.0
2017-07-04,1727.445,1727.534,1713.975,1722.441,288362380,3847060900.0
2017-07-05,1722.428,1731.636,1718.357,1731.636,242041950,3431541900.0
2017-07-06,1729.449,1730.416,1708.597,1721.068,330752140,3999885200.0
2017-07-07,1713.579,1720.116,1709.7,1716.664,412567410,4896184800.0
2017-07-10,1713.699,1713.699,1701.96,1703.566,341899820,4348389300.0
2017-07-11,1702.17,1707.785,1687.741,1688.011,298990200,4179695100.0
2017-07-12,1685.846,1690.847,1651.965,1676.76,276585150,3968919500.0
2017-07-13,1679.698,1717.823,1679.625,1717.776,374935430,6048745100.0
2017-07-14,1717.802,1717.802,1679.989,1683.295,365565670,5898148600.0
2017-07-17,1675.298,1675.345,1574.125,1574.125,470708680,6050503800.0
2017-07-18,1565.321,1583.834,1545.769,1579.375,307390050,4099932900.0
2017-07-19,1572.759,1587.357,1559.065,1586.875,358829510,4200145000.0
2017-07-20,1583.18,1602.788,1581.745,1583.845,321422550,3952184700.0
2017-07-21,1581.685,1586.313,1572.283,1574.934,290217120,3575633100.0
2017-07-24,1570.83,1580.833,1561.966,1578.368,344556760,4297825100.0
2017-07-25,1576.372,1587.252,1571.103,1579.201,281487450,3343360000.0
2017-07-26,1577.408,1582.054,1566.515,1577.233,350584490,4070625200.0
2017-07-27,1574.572,1615.576,1569.865,1614.796,559480360,7086415100.0
2017-07-28,1610.646,1615.523,1603.02,1605.605,365587370,4608324200.0
2017-07-31,1605.378,1613.363,1600.485,1612.034,362716450,4633370300.0
2017-08-01,1611.933,1615.818,1599.861,1609.779,362168940,4823902000.0
2017-08-02,1609.544,1610.636,1591.813,1592.193,330941270,4197376800.0
2017-08-03,1589.505,1609.618,1583.682,1596.216,319026550,4161014200.0
2017-08-04,1595.265,1596.673,1585.914,1585.914,342435200,4269558200.0
2017-08-07,1587.365,1605.9,1587.365,1605.156,315698970,4117825200.0
2017-08-08,1605.067,1615.254,1595.69,1615.254,336044110,4249298600.0
2017-08-09,1615.892,1621.797,1610.617,1619.574,373784440,4893063000.0
2017-08-10,1615.226,1623.253,1590.866,1600.737,366044110,6764236100.0
2017-08-11,1586.089,1593.156,1572.261,1573.965,390120600,6205976800.0
2017-08-14,1573.139,1605.009,1573.139,1604.887,303035840,5018412600.0
2017-08-15,1605.838,1611.66,1598.149,1611.66,380233390,4681350100.0
2017-08-16,1607.471,1641.611,1605.051,1637.683,407405850,6634162400.0
2017-08-17,1633.466,1656.829,1630.413,1652.396,381153940,6941314200.0
2017-08-18,1635.645,1649.064,1633.329,1645.173,355050940,6289661000.0
2017-08-21,1645.623,1659.847,1645.623,1659.847,281023400,5341263700.0
2017-08-22,1661.32,1661.32,1645.526,1648.805,261520680,5066700400.0
2017-08-23,1649.164,1652.931,1639.836,1642.583,246575750,4607297600.0
2017-08-24,1643.151,1650.458,1632.662,1636.026,256275880,5780618300.0
2017-08-25,1632.002,1657.827,1632.002,1654.16,239628190,5244458200.0
2017-08-28,1656.346,1678.351,1654.781,1668.433,347071430,7482345700.0
2017-08-29,1659.79,1662.516,1648.576,1651.562,281743520,5539022300.0
2017-08-30,1644.441,1660.124,1644.441,1653.858,362316110,7097382300.0
2017-08-31,1662.01,1683.513,1662.01,1681.392,474523470,9645144900.0
2017-09-01,1682.052,1686.418,1674.28,1685.969,498803910,8883970000.0
2017-09-04,1683.946,1691.428,1681.362,1687.873,397692870,6930819700.0
2017-09-05,1690.245,1702.616,1690.245,1701.486,474036040,8242788500.0
2017-09-06,1692.096,1711.246,1690.165,1709.482,416145180,8061302700.0
2017-09-07,1706.698,1721.292,1702.817,1705.795,459976080,8979766100.0
2017-09-08,1703.933,1751.49,1703.193,1735.602,509631350,10234397100.0
2017-09-11,1736.087,1736.087,1723.303,1735.986,388082450,6468261300.0
2017-09-12,1732.756,1743.94,1727.786,1731.914,545792250,9097939600.0
2017-09-13,1729.707,1740.53,1722.961,1740.53,352719030,6168485500.0
2017-09-14,1737.002,1761.361,1737.002,1760.958,404688150,7755767700.0
2017-09-15,1760.152,1760.152,1727.185,1730.475,359825190,7281136300.0
2017-09-18,1722.793,1737.722,1716.815,1733.431,296034830,7026388100.0
2017-09-19,1732.881,1739.782,1729.147,1736.751,290468950,6509966500.0
2017-09-20,1730.62,1736.674,1718.631,1736.674,336097390,6613001300.0
2017-09-21,1734.215,1739.214,1719.267,1719.299,299275840,5999574000.0
2017-09-22,1713.429,1713.429,1693.584,1702.994,330077980,6130020300.0
2017-09-25,1702.457,1711.306,1698.689,1699.854,272367050,5601063300.0
2017-09-26,1700.394,1705.337,1688.097,1697.885,241151190,5188002400.0
2017-09-27,1699.097,1716.507,1698.122,1712.74,230130090,4889559600.0
2017-09-28,1709.755,1718.136,1704.059,1704.531,244747900,5057734600.0
2017-09-29,1706.233,1717.525,1706.176,1715.848,262715490,4881283700.0
2017-10-09,1735.717,1739.5,1727.971,1737.766,292775100,5349667500.0
2017-10-10,1739.106,1809.019,1736.245,1809.019,672452120,10144568900.0
2017-10-11,1823.985,1831.684,1789.918,1793.639,839789830,10520017800.0
2017-10-12,1790.231,1793.522,1770.635,1785.921,504369820,7158130600.0
2017-10-13,1784.33,1799.509,1782.862,1793.13,399564050,5920558200.0
2017-10-16,1786.645,1786.779,1745.247,1748.659,523346020,8200289200.0
2017-10-17,1742.58,1759.178,1738.033,1749.397,277020490,4560366300.0
2017-10-18,1749.649,1760.689,1734.437,1734.437,324780870,4977240700.0
2017-10-19,1733.749,1746.621,1731.107,1735.701,412181890,6313422800.0
2017-10-20,1731.534,1746.348,1729.315,1746.098,287947520,4739250200.0
2017-10-23,1745.607,1768.052,1742.819,1768.052,278934190,4772152500.0
2017-10-24,1766.444,1766.945,1741.944,1758.557,319286720,5374768800.0
2017-10-25,1754.302,1775.123,1754.196,1775.123,283799750,4952929600.0
2017-10-26,1771.126,1779.463,1768.342,1771.107,338949290,5648848800.0
2017-10-27,1771.539,1786.996,1768.056,1770.442,315430990,6155836900.0
2017-10-30,1764.207,1764.84,1709.684,1725.407,441300480,7712885800.0
2017-10-31,1721.754,1749.137,1720.735,1749.119,279511750,6412084100.0
2017-11-01,1747.311,1755.331,1743.126,1748.801,291188610,6387713200.0
2017-11-02,1744.566,1758.75,1740.352,1747.307,336081610,7880820300.0
2017-11-03,1742.118,1749.945,1721.291,1729.117,307793740,6413976100.0
2017-11-06,1728.805,1757.127,1724.17,1757.127,286192980,6478053100.0
2017-11-07,1755.622,1772.437,1752.716,1772.437,300953090,7565048600.0
2017-11-08,1769.271,1784.751,1765.609,1770.417,319957630,7464812300.0
2017-11-09,1769.471,1783.817,1765.212,1781.215,326717560,7323054400.0
2017-11-10,1779.771,1785.929,1777.346,1782.858,381352450,7603079300.0
2017-11-13,1783.095,1796.13,1781.527,1795.168,372254040,8895959600.0
2017-11-14,1791.028,1806.73,1784.234,1792.573,503086370,11091348800.0
2017-11-15,1790.256,1793.684,1767.845,1783.57,439457170,9198250200.0
2017-11-16,1778.024,1803.481,1777.552,1796.359,349335680,7101435700.0
2017-11-17,1792.394,1794.533,1723.92,1724.619,446268960,8052110400.0
2017-11-20,1721.291,1733.778,1676.037,1733.733,380600250,6502850500.0
2017-11-21,1734.471,1743.473,1717.234,1726.635,348906890,6172160800.0
2017-11-22,1729.556,1745.704,1717.361,1731.196,373533620,6867829600.0
2017-11-23,1725.235,1725.235,1671.654,1671.712,379216600,8874988000.0
2017-11-24,1659.02,1674.129,1657.714,1659.766,262314750,6230097800.0
2017-11-27,1653.243,1657.056,1626.14,1627.422,261361950,6179871500.0
2017-11-28,1630.129,1655.654,1630.129,1655.603,258045040,5459132500.0
2017-11-29,1651.915,1652.474,1617.253,1636.858,318525190,6214679900.0
2017-11-30,1632.134,1641.856,1623.866,1629.126,229953260,4461558300.0
2017-12-01,1629.159,1654.127,1629.159,1646.222,239671640,4833371200.0
2017-12-04,1637.569,1637.569,1609.669,1610.375,264946810,5079122500.0
2017-12-05,1606.788,1616.063,1559.354,1568.149,310271170,5168616000.0
2017-12-06,1566.897,1585.176,1550.429,1585.176,266547780,4634097500.0
2017-12-07,1581.275,1593.521,1575.827,1586.979,216470320,4149809800.0
2017-12-08,1586.432,1614.061,1585.455,1610.132,260325490,4857822300.0
2017-12-11,1612.747,1635.216,1611.64,1635.216,280076230,5738202700.0
2017-12-12,1634.163,1635.562,1618.009,1618.526,276103270,5059049400.0
2017-12-13,1616.823,1635.738,1614.477,1635.658,206789970,4374476200.0
2017-12-14,1635.927,1640.799,1625.979,1633.498,212991220,4389493600.0
2017-12-15,1634.761,1647.764,1630.089,1641.761,283683860,4951672400.0
2017-12-18,1640.599,1641.784,1612.523,1618.726,280588190,5423824900.0
2017-12-19,1617.644,1635.055,1617.644,1634.451,298424450,4695845700.0
2017-12-20,1635.014,1635.014,1610.484,1614.595,305038650,4643407700.0
2017-12-21,1611.076,1630.316,1594.767,1625.115,329664130,5656095200.0
2017-12-22,1622.286,1635.827,1621.454,1625.501,245497190,4615982800.0
2017-12-25,1625.279,1629.881,1609.03,1618.532,335394250,5480245100.0
2017-12-26,1617.168,1629.348,1614.472,1629.348,310440690,5317212900.0
2017-12-27,1624.437,1628.135,1606.625,1608.389,294940530,5104657400.0
2017-12-28,1606.671,1623.366,1603.802,1617.224,322374080,4823727700.0
2017-12-29,1619.628,1631.291,1617.743,1631.291,294039510,4779136100.0
2018-01-02,1628.098,1636.799,1618.097,1636.702,320732360,4565336800.0
2018-01-03,1634.28,1649.864,1629.765,1648.357,336162110,5628163800.0
2018-01-04,1643.439,1649.482,1640.115,1646.699,323036360,5930331700.0
2018-01-05,1646.018,1655.855,1644.014,1652.57,310325680,5398969900.0
2018-01-08,1654.792,1654.792,1632.843,1645.678,356593640,5452236400.0
2018-01-09,1642.895,1662.495,1641.127,1657.486,395173340,6087970000.0
2018-01-10,1656.891,1656.891,1624.127,1641.998,445858730,6373356300.0
2018-01-11,1639.29,1656.948,1629.776,1652.445,632425710,5855737900.0
2018-01-12,1649.606,1652.257,1638.933,1642.669,451573720,5774330400.0
2018-01-15,1630.863,1631.492,1588.128,1590.31,459885660,6999511100.0
2018-01-16,1586.56,1599.529,1586.56,1597.062,333443600,4774951400.0
2018-01-17,1593.28,1606.218,1569.7,1605.261,370448170,6216973700.0
2018-01-18,1597.401,1602.608,1590.346,1594.671,263433600,4337626500.0
2018-01-19,1584.351,1594.909,1576.87,1579.856,289376670,4524218600.0
2018-01-22,1572.995,1589.781,1555.498,1588.446,321404290,5772232400.0
2018-01-23,1586.141,1595.348,1581.378,1586.501,252866290,4833214700.0
2018-01-24,1581.744,1607.783,1575.24,1606.187,357288830,6502607500.0
2018-01-25,1601.421,1620.502,1601.312,1601.753,426089470,6932910200.0
2018-01-26,1598.768,1609.641,1597.539,1601.575,343964630,5444691100.0
2018-01-29,1594.806,1595.058,1558.196,1563.274,360661840,5843102000.0
2018-01-30,1555.939,1559.538,1542.515,1547.081,278682150,4315154500.0
2018-01-31,1540.265,1540.265,1498.393,1506.999,357691560,5033232100.0
2018-02-01,1503.285,1504.517,1437.57,1437.907,401446980,5753644600.0
2018-02-02,1425.096,1425.942,1395.054,1414.404,369179370,4856606400.0
2018-02-05,1391.727,1410.783,1386.276,1401.943,228199100,3528896300.0
2018-02-06,1377.294,1390.87,1323.999,1325.049,344026480,4882277900.0
2018-02-07,1354.275,1359.783,1296.915,1335.134,339423710,4780156100.0
2018-02-08,1337.301,1368.837,1335.635,1368.45,231711120,3647848500.0
2018-02-09,1339.489,1361.471,1324.817,1342.291,308987070,4425462200.0
2018-02-12,1351.407,1388.922,1351.407,1385.565,337414850,4574532100.0
2018-02-13,1389.54,1395.283,1377.559,1378.669,271327380,3850191800.0
2018-02-14,1376.526,1380.795,1371.55,1380.795,174824300,2530277700.0
2018-02-22,1389.879,1409.77,1388.46,1409.64,185182240,2909934800.0
2018-02-23,1410.148,1411.616,1395.662,1406.102,198841870,3028915200.0
2018-02-26,1413.437,1449.012,1407.577,1449.012,290721300,4866704300.0
2018-02-27,1448.945,1462.324,1445.841,1460.318,300453720,5004113100.0
2018-02-28,1443.528,1463.741,1434.89,1458.871,288535330,4278764500.0
2018-03-01,1450.853,1499.816,1447.81,1499.816,368873110,5746000600.0
2018-03-02,1488.955,1511.067,1486.55,1495.486,351475370,5353299200.0
2018-03-05,1492.775,1515.53,1487.06,1515.53,356377500,4902777500.0
2018-03-06,1518.135,1536.305,1514.124,1524.961,411979790,6278062400.0
2018-03-07,1521.849,1537.359,1520.351,1525.064,347574900,5479772200.0
2018-03-08,1519.928,1553.924,1519.547,1553.646,342548120,5696913600.0
2018-03-09,1553.446,1584.238,1551.614,1583.086,384840910,6238247600.0
2018-03-12,1594.75,1613.924,1594.75,1602.918,440750450,7194446800.0
2018-03-13,1599.181,1607.568,1589.105,1590.578,425590280,6607329600.0
2018-03-14,1582.641,1590.469,1561.606,1562.56,349096630,5410546800.0
2018-03-15,1551.709,1560.532,1521.4,1547.381,321290950,5111046500.0
2018-03-16,1546.17,1565.047,1546.17,1548.034,267817070,4348059600.0
2018-03-19,1550.685,1574.663,1549.155,1563.917,287538570,4700336700.0
2018-03-20,1550.531,1597.311,1546.996,1595.364,395491110,7493400700.0
2018-03-21,1597.63,1600.634,1560.29,1561.742,386963780,6655455300.0
2018-03-22,1559.691,1579.106,1554.052,1568.684,383923120,5044077900.0
2018-03-23,1521.542,1541.437,1456.289,1472.208,679884010,7321469600.0
2018-03-26,1451.607,1515.41,1434.866,1514.98,465261900,5912062000.0
2018-03-27,1526.673,1570.143,1526.673,1562.519,530300420,7128344100.0
2018-03-28,1553.872,1610.208,1551.509,1595.481,601800940,8953957000.0
2018-03-29,1601.751,1613.504,1583.436,1596.398,442756270,6711245800.0
2018-03-30,1604.665,1635.472,1604.665,1634.031,472123790,7568179800.0
2018-04-02,1641.323,1655.255,1631.353,1644.736,517235940,8744516100.0
2018-04-03,1623.351,1644.816,1615.275,1637.944,480465300,7735210400.0
2018-04-04,1646.539,1663.757,1624.096,1625.192,439589750,7377109500.0
2018-04-09,1617.643,1639.74,1601.115,1637.342,411017710,7193850600.0
2018-04-10,1637.678,1643.737,1611.116,1640.984,427731370,7496562000.0
2018-04-11,1642.025,1658.052,1635.518,1648.961,410526300,7373432300.0
2018-04-12,1645.163,1659.201,1639.191,1645.465,383933270,6835454500.0
2018-04-13,1659.18,1671.023,1642.646,1643.803,403665940,7484723000.0
2018-04-16,1634.135,1645.948,1621.048,1641.326,409154090,8195904100.0
2018-04-17,1647.028,1651.0,1598.45,1598.877,411039210,8032739900.0
2018-04-18,1610.324,1627.366,1565.614,1624.49,533271820,9658965100.0
2018-04-19,1618.411,1637.773,1613.771,1622.469,411705860,8333146200.0
2018-04-20,1616.058,1622.241,1575.207,1578.186,378416940,7360559400.0
2018-04-23,1569.539,1584.095,1538.986,1559.424,344375870,7216523600.0
2018-04-24,1553.511,1599.881,1553.511,1599.812,395669730,7421717000.0
2018-04-25,1586.9,1625.771,1585.975,1623.838,431610400,8504207700.0
2018-04-26,1620.28,1622.966,1590.55,1591.587,386918070,7337451200.0
2018-04-27,1597.113,1610.63,1580.885,1607.933,401931270,7958283000.0
2018-05-02,1611.241,1633.204,1606.192,1619.591,321688130,6543020300.0
2018-05-03,1603.286,1623.363,1580.679,1623.351,377719840,6771568900.0
2018-05-04,1620.965,1641.089,1615.674,1636.799,385391610,7101758700.0
2018-05-07,1637.188,1675.757,1637.188,1675.676,439383350,7989259100.0
2018-05-08,1676.748,1692.674,1672.441,1683.448,437379900,7431156200.0
2018-05-09,1689.152,1693.692,1674.451,1682.699,384055990,6252397900.0
2018-05-10,1684.071,1697.334,1677.023,1696.449,436153160,7276761500.0
2018-05-11,1695.377,1700.319,1657.582,1657.841,439321080,7754510300.0
2018-05-14,1649.023,1652.218,1634.544,1642.194,382491780,6682311500.0
2018-05-15,1638.695,1668.465,1638.695,1668.31,339314460,5970337500.0
2018-05-16,1662.135,1692.407,1658.002,1673.002,418270740,7533392000.0
2018-05-17,1669.544,1671.441,1652.365,1657.91,356552190,5571005600.0
2018-05-18,1655.195,1660.127,1629.016,1650.787,375330620,6031445400.0
2018-05-21,1657.192,1680.006,1657.192,1678.073,376175890,5973190000.0
2018-05-22,1688.773,1708.416,1681.362,1708.416,504601770,7358300500.0
2018-05-23,1700.885,1715.139,1692.151,1692.151,557699010,7758082000.0
2018-05-24,1693.094,1705.555,1693.053,1697.168,508073800,6326001400.0
2018-05-25,1691.39,1693.791,1667.697,1671.557,439847610,6614008200.0
2018-05-28,1667.336,1682.375,1658.641,1669.125,402582790,6727646600.0
2018-05-29,1673.486,1700.461,1656.83,1657.543,522236710,8272815300.0
2018-05-30,1627.068,1637.209,1595.156,1597.951,581413630,16338509000.0
2018-05-31,1610.729,1634.11,1596.571,1633.984,491947910,11537509600.0
2018-06-01,1619.111,1626.281,1575.947,1589.187,462866030,10605875500.0
2018-06-04,1590.691,1595.541,1574.068,1580.875,352672660,9027536900.0
2018-06-05,1578.119,1611.347,1577.869,1611.347,371593860,8302123000.0
2018-06-06,1604.136,1613.451,1602.619,1611.942,329338610,7512458400.0
2018-06-07,1613.998,1618.898,1597.747,1598.648,444040980,10040760700.0
2018-06-08,1593.738,1593.887,1571.176,1590.324,396731990,8492344300.0
2018-06-11,1583.501,1583.501,1554.455,1559.115,318050250,8170181900.0
2018-06-12,1552.099,1561.529,1529.521,1560.772,297093270,6668480300.0
2018-06-13,1551.669,1552.173,1520.972,1520.972,280592070,6246643300.0
2018-06-14,1514.723,1533.344,1504.205,1509.176,291580140,6827145900.0
2018-06-15,1508.596,1515.959,1463.483,1470.203,358140540,6551429200.0
2018-06-19,1444.817,1450.751,1348.989,1367.087,454499480,7768557600.0
2018-06-20,1363.881,1408.105,1362.105,1399.408,341785940,6308681400.0
2018-06-21,1398.829,1412.858,1360.278,1360.979,329481760,6797088200.0
2018-06-22,1340.643,1380.799,1337.258,1375.42,249877800,4810444000.0
2018-06-25,1382.147,1387.695,1365.228,1366.003,238306530,4725359700.0
2018-06-26,1339.55,1376.149,1333.324,1374.48,269560210,5319003500.0
2018-06-27,1368.423,1372.75,1347.807,1350.358,243660660,4918171000.0
2018-06-28,1337.907,1355.683,1318.535,1318.535,338130500,5220253900.0
2018-06-29,1316.026,1370.659,1316.026,1368.835,384394280,6325428800.0
2018-07-02,1364.802,1385.676,1350.928,1362.446,344360140,6807334800.0
2018-07-03,1364.396,1389.934,1343.994,1388.416,583915910,9739806700.0
2018-07-04,1380.979,1380.979,1349.292,1355.73,391293980,6509692900.0
2018-07-05,1351.013,1359.11,1314.287,1314.287,356370140,5863430500.0
2018-07-06,1317.275,1347.371,1295.061,1324.656,441240370,7894877000.0
2018-07-09,1327.94,1366.482,1327.404,1366.482,456740960,7527761700.0
2018-07-10,1366.82,1378.775,1359.517,1378.775,383976720,6334840700.0
2018-07-11,1352.852,1361.935,1325.797,1351.521,385466460,6435753700.0
2018-07-12,1348.884,1396.383,1348.884,1392.551,457532090,8398277200.0
2018-07-13,1390.274,1419.268,1390.274,1408.761,464419520,8890763400.0
2018-07-16,1398.914,1401.936,1384.41,1398.003,373547030,7148127200.0
2018-07-17,1391.942,1393.965,1375.381,1393.283,332778980,6191846400.0
2018-07-18,1391.571,1402.165,1381.495,1381.832,365388280,8094199100.0
2018-07-19,1379.291,1384.065,1351.435,1360.405,320931320,6352084500.0
2018-07-20,1355.365,1375.959,1347.871,1371.72,326542190,6356202000.0
2018-07-23,1339.306,1343.86,1322.714,1341.951,461876960,8985437500.0
2018-07-24,1339.455,1375.395,1338.369,1372.156,470937000,7890999800.0
2018-07-25,1374.275,1387.068,1372.295,1377.199,375670200,6269059400.0
2018-07-26,1382.139,1389.013,1374.912,1378.387,460343940,6225730500.0
2018-07-27,1376.563,1376.563,1356.936,1357.435,367429440,5471306400.0
2018-07-30,1348.459,1350.063,1306.622,1311.945,374434160,6032707700.0
2018-07-31,1306.626,1323.621,1306.626,1318.042,485769620,7473161500.0
2018-08-01,1316.898,1327.57,1299.928,1299.983,416221650,7212486100.0
2018-08-02,1299.097,1299.097,1244.281,1273.901,524641500,8684883900.0
2018-08-03,1270.297,1277.978,1248.727,1248.822,319887340,5651972900.0
2018-08-06,1248.298,1256.971,1219.408,1226.14,407287690,6834387400.0
2018-08-07,1226.435,1260.442,1220.189,1260.141,421515890,6875002400.0
2018-08-08,1255.338,1256.579,1228.85,1230.295,349390500,5263332600.0
2018-08-09,1228.238,1273.102,1225.127,1264.78,428374870,7639558600.0
2018-08-10,1261.686,1282.799,1261.686,1279.709,370748620,6225287100.0
2018-08-13,1259.559,1283.175,1256.113,1281.741,361086540,5988690800.0
2018-08-14,1277.034,1281.869,1268.803,1272.07,281108180,4661416600.0
2018-08-15,1268.526,1271.216,1241.298,1243.364,389723360,5285364000.0
2018-08-16,1223.932,1247.557,1216.855,1230.025,358012000,4748690400.0
2018-08-17,1240.29,1247.154,1198.001,1201.737,396137040,5490333200.0
2018-08-20,1199.848,1209.022,1180.357,1207.7,347349440,4735011300.0
2018-08-21,1207.015,1232.2,1202.798,1230.587,363868200,5610170500.0
2018-08-22,1230.778,1235.727,1217.098,1217.733,312347610,5092108900.0
2018-08-23,1215.834,1238.285,1215.808,1233.293,320976840,5838685600.0
2018-08-24,1227.917,1237.476,1223.038,1226.108,340931830,5229282200.0
2018-08-27,1229.405,1260.583,1228.924,1259.373,409189770,6621286200.0
2018-08-28,1261.387,1266.042,1252.661,1257.453,394907490,5712849400.0
2018-08-29,1253.079,1256.247,1243.698,1248.1,308965200,4778784200.0
2018-08-30,1244.392,1246.534,1216.986,1219.324,365247390,4965547600.0
2018-08-31,1210.832,1215.075,1201.14,1201.415,367998410,5126478000.0
2018-09-03,1203.138,1205.766,1184.425,1205.766,376285780,5307732000.0
2018-09-04,1203.604,1225.109,1201.877,1222.158,412511410,6093658600.0
2018-09-05,1220.057,1226.786,1203.721,1203.721,424088370,5548853600.0
2018-09-06,1197.837,1210.508,1190.609,1195.459,390598330,5362880000.0
2018-09-07,1196.583,1218.898,1190.703,1200.231,456606820,6961566900.0
2018-09-10,1199.719,1202.438,1174.873,1175.295,361581280,4790584700.0
2018-09-11,1176.361,1188.668,1169.201,1185.389,333572680,4224384300.0
2018-09-12,1186.165,1198.715,1182.074,1183.704,391809340,4788062700.0
2018-09-13,1193.411,1197.575,1159.503,1179.33,506858530,5696935700.0
2018-09-14,1176.518,1176.518,1151.341,1151.341,480940260,4735034000.0
2018-09-17,1141.253,1141.253,1127.812,1129.429,326895490,3605141800.0
2018-09-18,1126.92,1152.724,1126.422,1151.403,354104690,4207572300.0
2018-09-19,1148.908,1172.781,1146.681,1163.278,481624880,5635417800.0
2018-09-20,1160.488,1168.328,1159.298,1161.467,490299640,4508592500.0
2018-09-21,1162.769,1176.493,1157.428,1175.205,457576930,4988779800.0
2018-09-25,1168.33,1177.331,1165.738,1175.939,363851900,3998124500.0
2018-09-26,1177.933,1190.114,1172.436,1181.904,461561090,5214660400.0
2018-09-27,1181.697,1189.111,1168.073,1168.51,494397600,5367640600.0
2018-09-28,1169.047,1177.679,1167.707,1177.43,386729630,4616193100.0
2018-10-08,1161.123,1161.123,1125.926,1126.852,358596710,4893104400.0
2018-10-09,1130.989,1139.062,1118.287,1123.891,285163930,3666744000.0
2018-10-10,1128.068,1132.313,1113.505,1121.506,290296290,3674941600.0
2018-10-11,1084.919,1085.704,1030.41,1036.693,532177140,5931535400.0
2018-10-12,1026.737,1035.391,988.112,1025.414,518977610,4997289900.0
2018-10-15,1027.15,1041.901,1015.192,1016.116,398156680,4179889900.0
2018-10-16,1012.641,1023.319,988.949,994.698,397746160,4465057100.0
2018-10-17,1008.557,1013.318,981.754,1002.822,433499510,4960855200.0
2018-10-18,994.121,994.204,970.55,971.401,383954750,4118567500.0
2018-10-19,955.183,1001.397,952.948,999.083,486792610,5813795500.0
2018-10-22,1013.484,1062.471,1012.571,1053.537,609131520,7645660700.0
2018-10-23,1052.569,1059.473,1031.15,1036.982,545151860,6367874500.0
2018-10-24,1030.894,1051.14,1030.133,1038.522,395697470,4915832200.0
2018-10-25,1003.479,1032.165,999.303,1029.319,367086510,4581917000.0
2018-10-26,1037.371,1046.757,1026.286,1029.511,354398470,4207817700.0
2018-10-29,1024.33,1027.631,1006.918,1012.079,299174900,3625554400.0
2018-10-30,1007.062,1033.781,996.748,1028.834,393982460,4482520400.0
2018-10-31,1032.537,1053.758,1030.724,1048.085,397490960,4505358600.0
2018-11-01,1056.095,1076.191,1055.771,1058.713,447232990,5521474900.0
2018-11-02,1077.414,1096.015,1077.414,1095.778,529791510,6470749000.0
2018-11-05,1094.937,1112.841,1083.85,1104.074,524712420,5656567200.0
2018-11-06,1099.096,1107.448,1085.301,1107.448,403172490,4761768100.0
2018-11-07,1106.696,1123.197,1106.696,1106.968,493671090,5766523800.0
2018-11-08,1115.335,1122.104,1104.259,1106.351,491276530,5073978600.0
2018-11-09,1099.097,1113.311,1097.432,1101.767,419725640,4092508000.0
2018-11-12,1100.286,1135.255,1100.286,1135.206,534760090,5216520500.0
2018-11-13,1129.096,1168.558,1125.933,1162.036,770019280,7026155000.0
2018-11-14,1160.814,1180.431,1160.013,1167.083,805003730,7468961100.0
2018-11-15,1168.403,1187.495,1167.183,1187.495,888050510,7323331800.0
2018-11-16,1194.601,1206.625,1188.768,1201.191,892883130,7915722600.0
2018-11-19,1202.551,1208.102,1186.411,1198.864,766475910,6965946500.0
2018-11-20,1194.528,1196.989,1169.654,1170.515,759626200,7287021500.0
2018-11-21,1162.341,1185.604,1155.853,1182.573,695113810,6749136500.0
2018-11-22,1184.629,1193.11,1181.472,1187.273,703846780,6096985700.0
2018-11-23,1183.006,1184.599,1124.615,1128.1,752822960,6342899100.0
2018-11-26,1125.233,1146.665,1122.063,1138.031,581963950,5021202500.0
2018-11-27,1139.142,1142.166,1128.214,1139.827,528640400,5179033600.0
2018-11-28,1140.379,1149.057,1119.088,1148.69,558190700,5033675400.0
2018-11-29,1152.33,1158.949,1118.585,1118.585,523601830,5036091400.0
2018-11-30,1114.761,1131.12,1103.709,1128.61,504606340,4864861700.0
2018-12-03,1155.623,1173.136,1152.176,1166.031,639085560,6517508400.0
2018-12-04,1165.576,1178.682,1162.533,1178.612,587276830,5891195300.0
2018-12-05,1153.581,1180.084,1151.847,1170.59,550344130,5496251200.0
2018-12-06,1167.096,1172.347,1139.345,1139.603,507419130,5967062600.0
2018-12-07,1144.103,1148.979,1127.166,1133.876,456630480,4901342500.0
2018-12-10,1122.502,1124.944,1108.946,1110.715,363649850,3707327100.0
2018-12-11,1114.996,1122.396,1112.194,1119.571,373444850,3386512700.0
2018-12-12,1122.196,1125.742,1114.903,1116.246,322773590,2997228400.0
2018-12-13,1119.331,1132.116,1109.68,1123.101,365062690,3812846100.0
2018-12-14,1121.211,1121.211,1086.161,1086.658,404601630,4296684000.0
2018-12-17,1081.397,1085.066,1069.686,1082.983,326976630,3535805900.0
2018-12-18,1077.71,1086.548,1065.23,1077.49,308552770,3560026000.0
2018-12-19,1077.635,1079.97,1059.86,1061.514,318012470,3476812400.0
2018-12-20,1058.737,1068.479,1055.412,1065.729,347030270,3300254300.0
2018-12-21,1062.399,1065.241,1046.746,1055.966,310323040,3082272400.0
2018-12-24,1052.256,1066.198,1049.552,1064.71,281287550,2672468200.0
2018-12-25,1052.352,1056.103,1029.168,1053.426,382837280,3551738200.0
2018-12-26,1054.314,1059.972,1049.155,1051.677,294653870,2680508700.0
2018-12-27,1065.304,1067.73,1033.136,1033.136,358709980,3654006800.0
2018-12-28,1033.181,1043.808,1030.083,1041.407,338164630,3620748600.0
2019-01-02,1043.846,1044.875,1029.866,1031.929,339103110,3376081200.0
2019-01-03,1031.874,1038.34,1018.818,1019.506,383075070,3423809800.0
2019-01-04,1006.597,1047.404,1005.819,1047.404,455208320,4354358000.0
2019-01-07,1053.49,1067.411,1049.087,1064.703,485572880,4593257400.0
2019-01-08,1061.584,1065.265,1056.998,1058.449,396512560,3838363300.0
2019-01-09,1062.179,1079.221,1060.319,1064.273,488354830,4600180600.0
2019-01-10,1066.25,1073.767,1059.881,1063.234,456027890,4025264000.0
2019-01-11,1062.162,1068.611,1058.932,1068.611,523758160,3664684100.0
2019-01-14,1066.573,1068.453,1055.993,1059.149,527548080,3932911700.0
2019-01-15,1055.56,1071.513,1052.508,1071.513,492065210,3983097800.0
2019-01-16,1070.829,1076.079,1068.916,1070.666,447443510,4154879200.0
2019-01-17,1070.203,1071.024,1058.445,1059.428,559213070,3799913000.0
2019-01-18,1059.643,1072.894,1055.482,1071.948,497960070,3938960500.0
2019-01-21,1074.064,1085.864,1072.428,1080.914,441302710,4536504600.0
2019-01-22,1078.266,1078.39,1062.04,1065.978,410043460,3668443200.0
2019-01-23,1062.5,1066.955,1055.373,1061.447,333527270,2809681900.0
2019-01-24,1064.182,1073.618,1059.323,1070.428,425422790,4077148800.0
2019-01-25,1069.813,1072.898,1060.017,1060.644,460271960,3794238300.0
2019-01-28,1063.889,1066.456,1041.088,1044.045,451799050,3829019800.0
2019-01-29,1040.538,1040.538,1008.644,1023.388,431613080,3626830200.0
2019-01-30,1018.475,1028.439,1008.893,1009.022,350993340,3135410400.0
2019-01-31,1003.453,1013.535,986.051,991.568,483861900,3499292900.0
2019-02-01,993.097,1026.578,992.969,1026.578,382005360,3564887300.0
2019-02-11,1028.221,1057.019,1028.221,1057.019,385348710,4173963500.0
2019-02-12,1060.72,1088.152,1059.004,1083.601,511448210,5027094600.0
2019-02-13,1083.994,1100.162,1079.76,1098.033,609337790,6524107600.0
2019-02-14,1095.134,1110.181,1091.155,1105.193,499298310,5188330700.0
2019-02-15,1102.062,1108.257,1096.887,1097.335,453918070,4532633500.0
2019-02-18,1104.119,1135.66,1104.119,1135.602,610224100,6309770900.0
2019-02-19,1141.277,1149.205,1126.848,1141.627,807135800,7595395900.0
2019-02-20,1142.633,1143.157,1123.315,1137.082,650675480,5739852100.0
2019-02-21,1136.569,1157.834,1132.783,1136.917,809059140,7385940100.0
2019-02-22,1134.627,1161.62,1133.152,1161.62,767265660,7216645600.0
2019-02-25,1174.283,1218.862,1172.322,1218.262,1278145590,12575183300.0
2019-02-26,1219.602,1263.949,1208.606,1239.967,1595705700,14127999000.0
2019-02-27,1237.694,1253.34,1215.457,1230.815,1360053600,11338260000.0
2019-02-28,1237.563,1273.425,1237.563,1264.882,1210087470,10624033700.0
2019-03-01,1273.058,1277.018,1253.829,1271.468,1138309970,8902945300.0
2019-03-04,1287.48,1328.014,1286.363,1309.698,1416259100,14391891000.0
2019-03-05,1305.456,1345.141,1300.089,1345.141,1257294460,13400206500.0
2019-03-06,1356.699,1381.253,1345.742,1379.598,1627330600,16726548000.0
2019-03-07,1383.808,1404.168,1368.766,1393.229,1434790200,16395344000.0
2019-03-08,1366.362,1400.757,1339.618,1339.618,2229232000,19274582000.0
2019-03-11,1348.947,1402.412,1344.405,1402.412,1972527500,16645494000.0
2019-03-12,1409.002,1440.336,1400.838,1427.727,2282065100,18740302000.0
2019-03-13,1426.693,1444.954,1396.004,1408.309,2145193400,16943021000.0
2019-03-14,1391.656,1404.387,1346.493,1362.825,1480296700,12784013900.0
2019-03-15,1368.969,1395.543,1364.587,1383.807,1251403010,11652091600.0
2019-03-18,1390.91,1418.236,1373.738,1418.236,1140814230,11797594000.0
2019-03-19,1423.218,1429.949,1413.187,1424.481,1098719130,11715761700.0
2019-03-20,1419.839,1431.845,1399.116,1428.27,1148618220,11983989500.0
2019-03-21,1431.941,1464.342,1430.253,1454.381,1481398600,14274446000.0
2019-03-22,1448.991,1469.619,1431.079,1469.444,1297502220,13709425000.0
2019-03-25,1441.689,1478.106,1435.966,1456.59,1362951500,15738446000.0
2019-03-26,1458.313,1464.879,1403.149,1406.835,1357580200,14726914000.0
2019-03-27,1414.69,1428.685,1398.379,1427.173,1172066520,12816521400.0
2019-03-28,1418.902,1430.622,1393.139,1393.323,1202618310,13065769300.0
2019-03-29,1388.975,1431.934,1376.35,1431.665,1212198140,12845061100.0
2019-04-01,1442.68,1486.262,1442.68,1486.262,1474286900,16075408000.0
2019-04-02,1496.866,1508.32,1481.81,1486.817,1895047000,17622807000.0
2019-04-03,1480.19,1506.077,1471.62,1505.778,1290962630,12919219800.0
2019-04-04,1511.433,1517.862,1494.632,1510.35,1382733700,14752195000.0
2019-04-08,1513.838,1519.674,1478.576,1501.029,1500615400,16725963000.0
2019-04-09,1495.057,1513.041,1484.78,1511.253,1106232910,12590721300.0
2019-04-10,1504.262,1541.381,1496.171,1527.202,1298151270,14529323000.0
2019-04-11,1524.371,1529.461,1481.075,1481.72,1135344600,12692380900.0
2019-04-12,1472.545,1478.834,1454.235,1464.962,846176630,8820959700.0
2019-04-15,1480.125,1490.112,1446.092,1446.095,867963700,9766316500.0
2019-04-16,1442.857,1471.701,1426.539,1471.701,917697140,10443305300.0
2019-04-17,1473.375,1489.246,1468.179,1481.632,962267630,10448624000.0
2019-04-18,1480.923,1486.205,1467.353,1470.113,894562390,9999429800.0
2019-04-19,1472.936,1483.218,1463.167,1483.218,848680260,8926952200.0
2019-04-22,1486.692,1488.272,1455.424,1459.561,809534360,9105850600.0
2019-04-23,1459.934,1459.991,1432.621,1435.081,834168830,8577631900.0
2019-04-24,1434.944,1455.936,1422.4,1455.936,782494160,9284354900.0
2019-04-25,1449.499,1453.932,1400.384,1400.384,952471470,10010209500.0
2019-04-26,1394.875,1409.449,1386.252,1389.414,734604800,9114270400.0
2019-04-29,1386.147,1389.166,1342.038,1344.874,1017620490,9583828700.0
2019-04-30,1337.933,1368.174,1337.933,1362.532,719206670,7182189900.0
2019-05-06,1316.133,1323.122,1255.771,1265.219,907956300,9730177100.0
2019-05-07,1275.239,1305.476,1274.067,1297.139,813177190,8733206300.0
2019-05-08,1273.515,1326.402,1266.722,1309.817,920287460,8988236000.0
2019-05-09,1300.983,1311.821,1285.188,1286.138,883327010,8538773500.0
2019-05-10,1302.171,1334.393,1278.41,1334.393,1102992640,10335746900.0
2019-05-13,1320.962,1335.443,1315.147,1323.961,875031590,8175562300.0
2019-05-14,1306.928,1326.508,1306.016,1309.544,721501880,6630005600.0
2019-05-15,1320.899,1341.317,1318.806,1340.636,864314700,7886484200.0
2019-05-16,1340.66,1354.059,1335.527,1349.833,836797760,7990901500.0
2019-05-17,1348.087,1348.316,1295.604,1300.884,878085520,8676604100.0
2019-05-20,1296.499,1296.859,1259.917,1280.498,663402170,6710180500.0
2019-05-21,1280.326,1316.046,1277.883,1310.075,632803590,6719960200.0
2019-05-22,1311.525,1318.128,1295.683,1302.37,579730220,6618205200.0
2019-05-23,1300.379,1300.475,1259.071,1263.11,595220730,6438018300.0
2019-05-24,1257.77,1271.211,1251.746,1254.404,499749250,4845069700.0
2019-05-27,1260.039,1295.237,1254.709,1292.882,545763900,5716301900.0
2019-05-28,1298.423,1311.81,1293.433,1297.111,643222030,6392025900.0
2019-05-29,1302.027,1308.417,1295.586,1298.637,652351830,5873841500.0
2019-05-30,1293.292,1294.594,1270.588,1285.849,683530430,6106691300.0
2019-05-31,1285.407,1296.6,1278.993,1281.799,536166990,5172288000.0
2019-06-03,1278.573,1286.957,1261.462,1263.417,615540300,5926419000.0
2019-06-04,1261.478,1262.497,1236.866,1242.575,558494100,4662334200.0
2019-06-05,1250.149,1257.046,1228.982,1230.046,556735120,5446322600.0
2019-06-06,1231.351,1231.351,1192.362,1195.721,613393670,5065907500.0
2019-06-10,1202.315,1213.82,1195.543,1208.97,498219130,4211646500.0
2019-06-11,1213.23,1259.749,1211.282,1259.092,668617300,6395220500.0
2019-06-12,1253.7,1263.505,1248.92,1252.002,691038220,5869753200.0
2019-06-13,1249.473,1264.67,1244.706,1260.889,603608620,5299243800.0
2019-06-14,1261.844,1266.77,1235.157,1236.139,523806750,5527564400.0
2019-06-17,1242.069,1253.598,1237.549,1244.998,490692800,4926345500.0
2019-06-18,1246.821,1255.4,1241.735,1249.132,613385900,5070871000.0
2019-06-19,1271.511,1279.187,1263.413,1264.571,654478930,6573132800.0
2019-06-20,1264.752,1287.196,1255.156,1283.98,689976540,7144858800.0
2019-06-21,1296.545,1313.423,1296.545,1305.74,701672520,7381154300.0
2019-06-24,1304.515,1305.575,1294.882,1301.022,507709550,4690203200.0
2019-06-25,1301.791,1301.791,1271.655,1286.393,491170990,4465314900.0
2019-06-26,1286.541,1300.852,1281.408,1296.568,410699960,4665256800.0
2019-06-27,1296.07,1305.587,1294.136,1298.412,463682440,5085956400.0
2019-06-28,1296.864,1296.864,1266.499,1275.238,579374060,8165849000.0
2019-07-01,1298.177,1318.328,1293.133,1318.217,691706420,10171235200.0
2019-07-02,1319.569,1332.841,1313.763,1330.361,630705290,8612412600.0
2019-07-03,1327.447,1327.802,1315.784,1321.985,556047060,6842165600.0
2019-07-04,1324.794,1327.786,1304.834,1311.843,460375780,5526982200.0
2019-07-05,1312.115,1320.299,1307.975,1318.113,347629380,4397886800.0
2019-07-08,1315.737,1315.737,1267.492,1276.014,500350910,5779814700.0
2019-07-09,1273.326,1280.196,1265.919,1277.207,319293100,4018662800.0
2019-07-10,1282.457,1284.942,1272.124,1276.365,348797990,4250429700.0
2019-07-11,1281.763,1294.704,1273.256,1279.954,398775170,4842909100.0
2019-07-12,1280.11,1295.883,1275.753,1293.728,331210260,4254807800.0
2019-07-15,1286.872,1311.626,1271.762,1307.752,488586890,5957591100.0
2019-07-16,1309.335,1323.216,1308.415,1311.574,378112510,4707231900.0
2019-07-17,1308.241,1317.441,1303.035,1312.709,410400560,5202496600.0
2019-07-18,1305.336,1305.336,1287.813,1287.937,425131610,5227621800.0
2019-07-19,1288.909,1302.282,1288.909,1291.011,353756270,4349239000.0
2019-07-22,1293.653,1294.962,1255.793,1255.793,424138490,4951924400.0
2019-07-23,1256.301,1274.491,1256.301,1274.491,339683380,4468644200.0
2019-07-24,1276.21,1292.679,1276.21,1284.681,383662340,5101735800.0
2019-07-25,1286.141,1291.696,1280.497,1291.696,406603380,5453769900.0
2019-07-26,1289.801,1294.879,1285.658,1294.095,401349110,4974307400.0
2019-07-29,1293.766,1296.218,1288.212,1295.138,351188200,4296119800.0
2019-07-30,1295.823,1308.011,1295.309,1303.472,392315880,4726149900.0
2019-07-31,1301.412,1302.046,1293.416,1299.451,370982890,5009882900.0
2019-08-01,1291.514,1298.691,1288.046,1296.288,342201220,4401929500.0
2019-08-02,1272.005,1282.224,1267.93,1276.699,439471310,5143374900.0
2019-08-05,1273.638,1282.488,1252.789,1252.789,393537130,4974275400.0
2019-08-06,1228.932,1231.848,1200.609,1223.955,606945690,6625083800.0
2019-08-07,1228.549,1233.745,1216.042,1216.042,377213190,4571279900.0
2019-08-08,1218.716,1230.02,1218.716,1226.905,335076230,4150054200.0
2019-08-09,1234.046,1239.937,1214.974,1219.412,384497590,4964523300.0
2019-08-12,1220.716,1240.257,1218.19,1240.257,372843340,4377079800.0
2019-08-13,1228.207,1234.375,1225.273,1230.224,345165610,4194386100.0
2019-08-14,1245.167,1248.955,1240.923,1243.208,382169640,5897037400.0
2019-08-15,1216.239,1264.578,1212.816,1264.578,470976520,6048894600.0
2019-08-16,1261.839,1286.232,1260.276,1279.269,528839040,6683692900.0
2019-08-19,1290.443,1323.008,1290.443,1323.008,645257720,9141487100.0
2019-08-20,1324.691,1335.399,1322.952,1331.014,712092420,9111053300.0
2019-08-21,1328.521,1331.836,1322.036,1326.674,493698630,6401034200.0
2019-08-22,1327.461,1330.772,1318.555,1329.772,483303120,6313941200.0
2019-08-23,1327.755,1344.636,1323.995,1339.895,626992210,8093749000.0
2019-08-26,1309.576,1343.753,1307.985,1334.362,636172820,7797332900.0
2019-08-27,1343.366,1363.875,1343.35,1359.951,765183560,9760396400.0
2019-08-28,1357.579,1357.579,1338.357,1342.146,660298670,7425453100.0
2019-08-29,1344.296,1344.688,1334.272,1334.924,561421920,6882323100.0
2019-08-30,1341.46,1343.851,1310.785,1314.542,603652590,8679084600.0
2019-09-02,1317.335,1355.122,1317.054,1353.148,587867070,8522029600.0
2019-09-03,1355.214,1357.895,1346.27,1354.825,559209290,8471972300.0
2019-09-04,1352.742,1362.412,1348.473,1362.412,613405700,9448018600.0
2019-09-05,1368.695,1385.51,1365.753,1369.256,762171400,10610236000.0
2019-09-06,1374.859,1378.71,1367.156,1377.985,558578800,7959696100.0
2019-09-09,1387.112,1402.326,1379.15,1402.326,669263580,9519788900.0
2019-09-10,1402.621,1413.975,1396.861,1413.132,833661410,10128277800.0
2019-09-11,1415.797,1422.423,1397.378,1397.783,692527580,8966870200.0
2019-09-12,1402.101,1405.95,1389.056,1403.696,570855330,7137341500.0
2019-09-16,1411.62,1425.952,1408.721,1420.101,775265610,9446765700.0
2019-09-17,1417.187,1417.335,1377.765,1384.096,689328110,8650969900.0
2019-09-18,1385.517,1392.519,1381.349,1385.37,514795240,6935987200.0
2019-09-19,1387.847,1405.818,1385.34,1405.818,548001390,7293411200.0
2019-09-20,1409.564,1420.874,1408.504,1415.689,566883040,8475295000.0
2019-09-23,1413.307,1413.392,1391.836,1401.27,566616450,7439844700.0
2019-09-24,1406.345,1426.465,1406.345,1414.478,588727660,8880312300.0
2019-09-25,1409.974,1409.974,1380.45,1380.76,603281310,8328699100.0
2019-09-26,1382.176,1385.819,1342.468,1342.468,577543920,7591647400.0
2019-09-27,1341.915,1359.419,1341.139,1353.87,448978790,5840064900.0
2019-09-30,1353.963,1361.36,1342.064,1342.064,366738740,4807653300.0
2019-10-08,1346.616,1368.104,1346.616,1354.269,501297110,6601752700.0
2019-10-09,1349.738,1361.952,1339.356,1361.952,446026110,5552970300.0
2019-10-10,1361.652,1387.055,1360.094,1386.729,500713420,6911340500.0
2019-10-11,1389.747,1402.521,1383.066,1398.01,570287640,6798806600.0
2019-10-14,1410.864,1423.653,1408.578,1421.702,649756490,8321488700.0
2019-10-15,1412.144,1412.144,1399.372,1402.98,614294310,7485705700.0
2019-10-16,1401.71,1416.77,1401.71,1407.872,667630670,7433442500.0
2019-10-17,1404.546,1410.37,1399.575,1404.341,561007860,6436119000.0
2019-10-18,1405.24,1424.099,1399.329,1402.11,893201300,7851185300.0
2019-10-21,1399.999,1400.85,1369.817,1383.168,638975570,7280525300.0
2019-10-22,1381.937,1400.44,1381.892,1400.282,513772160,6009921000.0
2019-10-23,1405.16,1405.16,1381.454,1384.597,683122530,6660548500.0
2019-10-24,1379.382,1381.536,1359.019,1370.328,560633540,5795491100.0
2019-10-25,1370.46,1378.516,1357.947,1376.618,571855390,6923132300.0
2019-10-28,1387.909,1405.768,1386.369,1405.768,1010892520,10249458100.0
2019-10-29,1402.508,1402.791,1383.179,1383.294,794118830,8550259700.0
2019-10-30,1379.307,1379.307,1364.609,1369.201,529585040,5964398800.0
2019-10-31,1370.548,1381.764,1364.595,1366.286,509622890,7828728800.0
2019-11-01,1361.456,1381.934,1358.861,1381.282,523207740,7608962200.0
2019-11-04,1386.25,1406.335,1386.25,1399.52,600312350,9231109900.0
2019-11-05,1398.352,1403.016,1389.072,1397.942,608499360,7207119000.0
2019-11-06,1396.955,1396.955,1375.57,1379.488,602947940,6521775800.0
2019-11-07,1377.748,1393.174,1375.858,1391.997,469848760,5956466200.0
2019-11-08,1397.55,1400.443,1382.081,1385.652,544575050,6603351400.0
2019-11-11,1375.19,1375.19,1339.269,1342.25,563742920,6712557600.0
2019-11-12,1342.066,1344.447,1326.799,1343.838,598282500,5657338800.0
2019-11-13,1343.774,1355.133,1340.689,1346.223,447634010,6179742700.0
2019-11-14,1345.104,1363.305,1344.221,1360.541,441616870,6286131500.0
2019-11-15,1361.258,1368.298,1353.214,1354.329,450039610,6456962000.0
2019-11-18,1356.468,1365.951,1353.994,1363.733,377876360,5774232100.0
2019-11-19,1364.414,1388.177,1362.135,1388.177,444961690,6850514800.0
2019-11-20,1388.524,1403.001,1386.647,1393.368,515898690,7547273300.0
2019-11-21,1389.427,1398.86,1386.076,1394.275,454517360,6488080100.0
2019-11-22,1396.084,1407.091,1358.578,1367.417,577720520,9268021600.0
2019-11-25,1367.868,1367.868,1340.146,1348.525,516658030,7468803500.0
2019-11-26,1349.842,1353.498,1344.226,1347.469,360016020,5831912200.0
2019-11-27,1344.225,1355.881,1340.912,1348.109,371200520,5457684900.0
2019-11-28,1349.619,1357.641,1344.483,1348.158,349029250,5180775400.0
2019-11-29,1346.748,1347.662,1325.735,1340.18,638103050,6941280200.0
2019-12-02,1338.353,1340.918,1329.781,1332.997,544569170,5527459700.0
2019-12-03,1329.022,1336.663,1316.941,1336.663,429598140,5070385200.0
2019-12-04,1331.073,1340.901,1327.497,1339.881,369765780,4695030000.0
2019-12-05,1343.301,1358.305,1342.978,1358.176,437000130,5662373600.0
2019-12-06,1358.007,1366.403,1355.419,1366.403,453653080,5627395500.0
2019-12-09,1368.452,1369.376,1355.424,1360.217,452328490,6731798900.0
2019-12-10,1358.926,1374.209,1356.712,1373.829,444571030,5712744200.0
2019-12-11,1369.633,1371.331,1359.821,1361.685,458222180,5571496800.0
2019-12-12,1360.08,1361.272,1353.032,1353.248,407597590,5916143300.0
2019-12-13,1360.814,1373.684,1360.381,1371.601,486734750,7811579400.0
2019-12-16,1375.196,1394.025,1374.151,1394.025,640450280,8578812500.0
2019-12-17,1394.048,1411.7,1390.815,1409.512,721180900,8695658900.0
2019-12-18,1408.411,1412.513,1402.619,1405.599,936016060,8178126900.0
2019-12-19,1405.947,1419.441,1404.674,1418.326,857387470,8315609800.0
2019-12-20,1418.695,1422.113,1397.761,1398.681,1096135290,8607970900.0
2019-12-23,1395.364,1398.187,1367.944,1368.768,832783350,6991589800.0
2019-12-24,1372.921,1388.426,1372.921,1388.426,721718920,6089813800.0
2019-12-25,1386.963,1389.479,1378.626,1385.655,907729590,6947101400.0
2019-12-26,1384.979,1393.739,1383.043,1393.739,794584410,6584690000.0
2019-12-27,1393.835,1397.884,1381.392,1382.187,831639720,7390304000.0
2019-12-30,1376.181,1385.794,1356.353,1385.648,636523680,6278405800.0
2019-12-31,1385.225,1409.401,1384.647,1406.657,789974060,7421373700.0
2020-01-02,1409.833,1424.264,1404.983,1422.01,969615220,9779697100.0
2020-01-03,1422.682,1430.645,1418.342,1427.221,769950880,8428528800.0
2020-01-06,1418.298,1436.472,1412.595,1425.627,845913070,9715794700.0
2020-01-07,1425.307,1451.102,1425.307,1451.102,782756210,8810235200.0
2020-01-08,1443.475,1448.386,1425.521,1426.857,743677200,8643148400.0
2020-01-09,1438.601,1460.433,1438.601,1460.433,672788820,10026600400.0
2020-01-10,1467.467,1474.745,1465.306,1470.525,584539100,8438355600.0
2020-01-13,1469.453,1484.033,1457.53,1483.981,973952860,12045258600.0
2020-01-14,1485.12,1486.938,1473.899,1477.084,977769840,11423494200.0
2020-01-15,1476.99,1483.383,1468.534,1478.142,666533540,9289809300.0
2020-01-16,1478.616,1486.489,1472.214,1480.668,808145660,9775434700.0
2020-01-17,1482.45,1490.947,1475.845,1479.758,1051815490,10561952100.0
2020-01-20,1493.657,1516.682,1488.735,1516.682,1009973170,12760141800.0
2020-01-21,1532.848,1554.795,1532.848,1547.155,1159572240,15495915000.0
2020-01-22,1546.057,1546.057,1507.725,1521.345,1120478240,14684466000.0
2020-01-23,1514.431,1529.256,1470.085,1488.331,1196729370,16926314000.0
2020-02-03,1415.483,1439.554,1408.636,1425.533,763441210,14417660000.0
2020-02-04,1399.318,1467.513,1399.318,1465.664,1604974800,21579566000.0
2020-02-05,1466.497,1530.797,1461.494,1529.218,1619970300,22510913000.0
2020-02-06,1527.93,1599.574,1520.65,1575.503,1769556700,26136771000.0
2020-02-07,1582.635,1601.841,1540.963,1562.567,1636540300,24570917000.0
2020-02-10,1566.314,1566.314,1530.294,1547.768,1508796800,19861473000.0
2020-02-11,1545.351,1545.351,1510.102,1529.144,1147123380,14240891000.0
2020-02-12,1523.807,1543.731,1523.528,1543.001,927852520,14990286000.0
2020-02-13,1542.068,1542.068,1499.438,1505.232,999951270,14122667000.0
2020-02-14,1506.226,1521.716,1500.367,1510.865,969860990,13888358000.0
2020-02-17,1522.234,1561.773,1522.234,1561.773,1185221590,15825633000.0
2020-02-18,1570.343,1573.137,1551.488,1573.137,1288670550,16768671000.0
2020-02-19,1569.021,1569.118,1545.696,1545.912,1397884900,16398867000.0
2020-02-20,1547.29,1563.974,1538.593,1563.878,1277958590,14592776000.0
2020-02-21,1563.609,1582.816,1561.38,1578.998,1366066300,16962820000.0
2020-02-24,1585.643,1607.536,1584.776,1603.623,1523708400,18800817000.0
2020-02-25,1574.907,1621.63,1559.629,1616.904,1592986400,20957090000.0
2020-02-26,1595.299,1598.849,1556.814,1561.778,1253639200,17491146000.0
2020-02-27,1567.916,1576.515,1543.876,1568.68,1007678250,13183554900.0
2020-02-28,1535.216,1565.898,1521.381,1523.16,1359765100,16971587000.0
2020-03-02,1537.443,1568.549,1535.448,1564.265,1143583030,14722410000.0
2020-03-03,1580.53,1612.788,1577.96,1605.671,1639536300,20323208000.0
2020-03-04,1597.839,1605.011,1578.8,1605.011,1285820390,15098024000.0
2020-03-05,1621.215,1627.025,1613.493,1624.755,1255763820,15777522000.0
2020-03-06,1612.681,1653.413,1611.237,1644.327,1283600110,15897675000.0
2020-03-09,1640.372,1654.371,1625.842,1635.428,1567964800,19728457000.0
2020-03-10,1611.901,1625.767,1561.433,1623.454,1552159400,19241747000.0
2020-03-11,1623.305,1633.717,1610.991,1616.863,1274080750,16495614000.0
2020-03-12,1594.576,1603.279,1567.695,1578.06,1193236670,15557184000.0
2020-03-13,1493.814,1561.846,1493.323,1549.934,1723025600,21441757000.0
2020-03-16,1564.502,1578.635,1493.948,1498.535,1556521900,21446295000.0
2020-03-17,1501.822,1516.931,1427.464,1473.248,1402357200,17363043000.0
2020-03-18,1485.931,1504.691,1456.324,1456.324,1426752600,17827469000.0
2020-03-19,1452.023,1463.659,1408.283,1444.075,1401920400,16676235000.0
2020-03-20,1455.76,1469.385,1442.115,1468.176,1038801530,12965271000.0
2020-03-23,1437.972,1457.953,1413.982,1417.73,1139800890,13838081000.0
2020-03-24,1439.983,1443.487,1403.162,1439.205,1402664200,13939972000.0
2020-03-25,1464.931,1487.74,1455.954,1484.643,1248573180,14397081000.0
2020-03-26,1483.638,1523.342,1475.487,1517.192,1135391810,15834374000.0
2020-03-27,1533.077,1533.095,1504.126,1504.677,947317900,15056496000.0
2020-03-30,1492.14,1498.846,1470.471,1474.898,953518910,13259394800.0
2020-03-31,1482.131,1486.718,1468.522,1472.927,940255650,10974840500.0
2020-04-01,1467.8,1478.089,1451.29,1452.976,968052610,11491413200.0
2020-04-02,1445.211,1479.072,1441.33,1479.072,840396020,10275670000.0
2020-04-03,1477.364,1497.455,1476.501,1487.79,833802370,10572895700.0
2020-04-07,1508.834,1534.059,1505.229,1532.0,1059764190,13471637000.0
2020-04-08,1525.811,1535.352,1516.009,1525.804,924409980,10998637800.0
2020-04-09,1533.033,1567.737,1530.29,1565.955,945659800,12598417500.0
2020-04-10,1565.812,1586.71,1541.373,1544.459,1058956750,13512131000.0
2020-04-13,1533.859,1548.952,1524.816,1536.397,759339090,10063393900.0
2020-04-14,1538.149,1557.171,1520.324,1557.171,763175090,11784728800.0
2020-04-15,1554.249,1588.418,1553.606,1579.185,1171632600,16244909000.0
2020-04-16,1573.062,1624.886,1570.401,1618.216,1236395310,18124645000.0
2020-04-17,1629.717,1631.342,1584.812,1585.911,1311830670,21705093000.0
2020-04-20,1595.39,1641.291,1595.39,1639.617,1306437380,17724475000.0
2020-04-21,1639.918,1642.022,1611.307,1628.684,1343845000,22034501000.0
2020-04-22,1613.821,1636.871,1605.314,1633.309,1065565980,16084842000.0
2020-04-23,1661.8,1686.904,1651.976,1655.757,1371604100,24843157000.0
2020-04-24,1658.862,1658.862,1587.89,1595.747,1183050630,20159784000.0
2020-04-27,1588.9,1602.05,1563.024,1587.072,950858980,16425759000.0
2020-04-28,1584.678,1590.432,1516.355,1554.257,1004914500,15207470000.0
2020-04-29,1547.403,1566.629,1537.956,1538.547,730818300,12396515800.0
2020-04-30,1543.649,1548.934,1533.323,1543.62,799531720,13871839000.0
2020-05-06,1526.904,1573.483,1526.896,1573.483,961527320,14882909000.0
2020-05-07,1573.233,1577.295,1563.584,1567.16,874851310,13301278100.0
2020-05-08,1574.653,1589.872,1574.304,1587.212,949161850,15309484000.0
2020-05-11,1593.929,1596.476,1573.374,1587.505,960086200,16665018000.0
2020-05-12,1585.833,1607.761,1583.505,1607.761,1182545230,18190145000.0
2020-05-13,1602.743,1621.259,1591.053,1619.376,862965440,14633989000.0
2020-05-14,1612.556,1613.446,1593.837,1595.132,815466590,12163618700.0
2020-05-15,1596.53,1602.202,1586.002,1596.756,818511990,13630901000.0
2020-05-18,1595.925,1606.664,1585.885,1593.672,859560970,14594576000.0
2020-05-19,1601.675,1609.587,1596.622,1608.673,728214720,13017880400.0
2020-05-20,1607.399,1613.451,1589.803,1593.231,824932440,13091637300.0
2020-05-21,1597.826,1616.027,1593.142,1598.701,843278700,13619189000.0
2020-05-22,1598.046,1598.336,1550.019,1562.051,746294980,12274055100.0
2020-05-25,1560.97,1575.517,1556.66,1570.485,597618690,11233398200.0
2020-05-26,1577.094,1618.577,1574.183,1618.556,707751510,13446344000.0
2020-05-27,1619.502,1620.69,1591.261,1595.146,767125470,13268176300.0
2020-05-28,1592.434,1594.736,1550.539,1571.209,840277110,11717384500.0
2020-05-29,1571.74,1605.899,1568.673,1600.535,914020500,12473123700.0
2020-06-01,1614.838,1642.545,1610.91,1641.479,984224170,14422288000.0
2020-06-02,1643.652,1643.681,1622.112,1633.748,933958780,13023395400.0
2020-06-03,1639.045,1659.156,1637.84,1648.297,929068140,13800464000.0
2020-06-04,1650.146,1661.64,1644.171,1658.018,779851740,11243967700.0
2020-06-05,1659.074,1668.073,1655.416,1667.783,728166830,10577820200.0
2020-06-08,1673.056,1674.386,1649.545,1652.773,664737820,11920883500.0
2020-06-09,1653.849,1672.892,1646.146,1672.33,900806040,11788453000.0
2020-06-10,1673.713,1696.488,1670.962,1694.758,854239340,13049893900.0
2020-06-11,1694.663,1705.655,1674.543,1683.717,975387630,14580080000.0
2020-06-12,1655.138,1712.003,1651.843,1706.965,1031725250,17533736000.0
2020-06-15,1734.41,1769.32,1734.41,1765.327,1575286700,22890136000.0
2020-06-16,1770.089,1789.938,1754.517,1788.399,1261835820,21362228000.0
2020-06-17,1790.523,1834.973,1790.523,1825.108,1523807400,24806976000.0
2020-06-18,1822.771,1822.771,1771.068,1784.629,1657831400,24989081000.0
2020-06-19,1783.475,1804.819,1772.051,1802.64,1267173210,19494598000.0
2020-06-22,1808.86,1820.365,1806.286,1815.094,1191883690,19998434000.0
2020-06-23,1816.619,1836.055,1807.522,1834.261,972548560,19451827000.0
2020-06-24,1836.942,1845.181,1827.218,1843.799,918805710,17096236000.0
2020-06-29,1843.094,1862.401,1841.318,1859.817,1305804050,20849553000.0
2020-06-30,1862.923,1893.823,1860.458,1886.566,1015041800,18532369000.0
2020-07-01,1886.484,1895.581,1854.426,1875.948,1193731460,22039231000.0
2020-07-02,1872.109,1886.948,1857.135,1872.055,1948508800,24631908000.0
2020-07-03,1875.836,1902.623,1858.654,1898.686,1546255500,25740437000.0
2020-07-06,1901.814,1944.357,1896.66,1940.59,1792753800,28228274000.0
2020-07-07,1953.425,2010.805,1942.118,1986.58,1982918800,31625264000.0
2020-07-08,1983.826,2016.292,1970.657,2016.292,1652411300,25570432000.0
2020-07-09,2022.374,2105.415,2018.576,2100.377,1828412400,31707407000.0
2020-07-10,2106.017,2155.185,2094.825,2129.634,2155098700,35400981000.0
2020-07-13,2146.431,2214.416,2146.431,2214.416,2331372300,36300062000.0
2020-07-14,2218.614,2225.33,2142.467,2182.235,2147986500,37991962000.0
2020-07-15,2174.403,2198.22,2124.928,2142.255,1878850700,36603784000.0
2020-07-16,2135.658,2137.979,2003.413,2007.2,1647835500,29262894000.0
2020-07-17,2004.023,2055.582,1987.652,2024.689,1170623080,22465420000.0
2020-07-20,2052.459,2057.221,2003.246,2057.221,1224333530,22429954000.0
2020-07-21,2059.624,2111.765,2053.081,2110.229,1174346130,22845399000.0
2020-07-22,2107.128,2159.147,2092.89,2142.691,1348391300,23714243000.0
2020-07-23,2119.769,2172.739,2103.764,2172.705,1409665000,27810208000.0
2020-07-24,2165.856,2170.905,2044.188,2051.982,1431483100,29286688000.0
2020-07-27,2062.281,2093.614,2052.647,2076.494,975184330,20611451000.0
2020-07-28,2101.498,2101.498,2068.776,2088.952,1023008150,20398323000.0
2020-07-29,2091.433,2167.533,2086.564,2167.533,1333500360,26613467000.0
2020-07-30,2183.761,2252.06,2179.437,2207.293,1974702900,34985037000.0
2020-07-31,2195.635,2252.985,2186.033,2251.665,1932729800,33887603000.0
2020-08-03,2264.012,2305.292,2246.932,2303.462,1799342300,33843980000.0
2020-08-04,2301.8,2304.949,2247.466,2254.347,1710770000,35175383000.0
2020-08-05,2234.826,2290.834,2216.657,2276.323,1322401370,28213029000.0
2020-08-06,2275.347,2288.327,2217.081,2254.961,1364117100,28508910000.0
2020-08-07,2253.213,2267.739,2173.97,2216.822,1399977900,25664123000.0
2020-08-10,2211.246,2249.098,2193.924,2237.499,1166495930,24250275000.0
2020-08-11,2240.875,2249.922,2187.245,2188.946,1141192610,22176074000.0
2020-08-12,2185.061,2186.458,2087.173,2140.134,1059183540,21693941000.0
2020-08-13,2142.325,2148.557,2119.775,2128.241,776449910,15185488000.0
2020-08-14,2131.856,2145.235,2093.7,2132.923,699056260,14945312000.0
2020-08-17,2135.475,2166.078,2127.452,2163.179,801747820,16109675000.0
2020-08-18,2172.97,2186.704,2164.421,2173.802,859389590,16336060000.0
2020-08-19,2173.916,2173.953,2115.526,2115.888,988939890,19044793000.0
2020-08-20,2110.567,2130.758,2090.882,2105.022,703883490,14238626000.0
2020-08-21,2120.942,2137.078,2108.858,2122.796,644383080,13450438000.0
2020-08-24,2129.574,2147.798,2090.393,2143.21,732456640,14782470000.0
2020-08-25,2149.759,2164.788,2139.915,2147.283,812790880,14378582000.0
2020-08-26,2141.709,2164.309,2101.69,2112.728,861407890,17018462000.0
2020-08-27,2108.861,2153.226,2100.816,2150.803,731730720,14978879000.0
2020-08-28,2148.051,2195.135,2138.112,2194.224,884648770,18025891000.0
2020-08-31,2201.926,2207.823,2180.006,2180.082,879132810,17748597000.0
2020-09-01,2181.756,2187.641,2161.114,2187.053,647024010,13245453800.0
2020-09-02,2191.843,2205.325,2171.785,2197.15,877113950,15905100000.0
2020-09-03,2198.455,2237.939,2189.057,2198.608,969495910,18983134000.0
2020-09-04,2156.457,2183.958,2145.673,2183.337,1118839480,16486261000.0
2020-09-07,2180.545,2192.507,2119.053,2127.58,1373777700,18888031000.0
2020-09-08,2133.705,2146.535,2101.82,2133.235,1022684460,14417424000.0
2020-09-09,2108.754,2112.511,2049.246,2051.883,1450452500,17836968000.0
2020-09-10,2069.337,2073.681,1982.75,1984.474,1103503740,14085223000.0
2020-09-11,1975.536,2031.694,1975.536,2029.446,800272440,10925446900.0
2020-09-14,2042.178,2068.125,2030.077,2058.514,891819240,13759800000.0
2020-09-15,2064.865,2073.052,2049.19,2072.485,728396060,11314304000.0
2020-09-16,2072.753,2075.364,2028.679,2043.45,691246720,9868746800.0
2020-09-17,2041.625,2060.9,2017.592,2048.761,675738500,10435270900.0
2020-09-18,2049.648,2081.96,2044.907,2077.431,687987740,10615122100.0
2020-09-21,2079.168,2085.919,2059.305,2064.48,679361430,10922243500.0
2020-09-22,2045.619,2090.938,2045.043,2053.296,699808890,13042288300.0
2020-09-23,2058.257,2097.536,2045.569,2082.966,676948510,14349350000.0
2020-09-24,2069.187,2073.592,2023.812,2028.446,655731360,11564111000.0
2020-09-25,2034.699,2056.209,2020.927,2032.53,556028810,11138843800.0
2020-09-28,2034.277,2037.731,1986.722,1987.619,553714400,10002405400.0
2020-09-29,1990.282,2014.081,1972.507,2003.823,562235800,10321018000.0
2020-09-30,2008.89,2025.422,1995.916,2005.541,503900750,9715807400.0
2020-10-09,2037.665,2080.975,2037.665,2077.295,740943280,11841693000.0
2020-10-12,2094.1,2147.07,2094.1,2147.07,893581930,16273047000.0
2020-10-13,2149.104,2174.705,2141.004,2170.635,707267740,14409781000.0
2020-10-14,2174.989,2185.453,2159.807,2167.337,1143509590,16091086000.0
2020-10-15,2165.507,2168.37,2130.602,2132.037,963684560,13226561600.0
2020-10-16,2126.769,2144.043,2103.238,2142.816,747741020,12617270700.0
2020-10-19,2150.23,2152.662,2103.839,2111.204,668272240,12543502000.0
2020-10-20,2102.253,2123.074,2091.719,2122.544,480778590,8871394800.0
2020-10-21,2125.918,2138.198,2096.635,2100.549,532326640,10372832900.0
2020-10-22,2095.073,2095.073,2061.821,2079.301,496992500,9139583200.0
2020-10-23,2081.581,2095.522,2027.53,2035.126,497771710,10319423400.0
2020-10-26,2037.307,2062.321,2014.635,2056.121,448260690,8797363900.0
2020-10-27,2051.286,2094.996,2051.222,2094.235,561653870,10583413300.0
2020-10-28,2103.251,2103.466,2065.17,2087.889,599214210,12836799100.0
2020-10-29,2069.691,2146.646,2068.105,2137.934,929362220,18544880000.0
2020-10-30,2132.594,2134.082,2064.763,2068.543,814088620,16428743000.0
2020-11-02,2073.779,2076.525,2046.15,2063.451,820409030,16214317000.0
2020-11-03,2067.2,2104.427,2053.065,2102.906,829491370,13681744000.0
2020-11-04,2099.292,2105.864,2070.948,2076.416,816263780,13390073500.0
2020-11-05,2090.408,2104.375,2076.417,2098.69,890817270,14539422000.0
2020-11-06,2103.991,2104.049,2046.433,2062.567,1224878170,17250063000.0
2020-11-09,2069.006,2109.589,2068.868,2098.108,1086507690,17858689000.0
2020-11-10,2099.265,2102.172,2048.521,2055.257,903367440,16214343000.0
2020-11-11,2049.6,2049.663,2009.618,2010.865,700795740,13160211800.0
2020-11-12,2017.01,2034.093,2012.544,2020.469,562917270,9858515000.0
2020-11-13,2018.436,2025.49,2001.615,2025.065,624036080,9824072300.0
2020-11-16,2032.589,2039.182,2021.61,2035.572,785153780,10696681100.0
2020-11-17,2036.95,2036.95,1993.511,2005.529,722508790,11379859900.0
2020-11-18,2007.958,2030.029,1996.04,2002.838,1100108410,14231496000.0
2020-11-19,1995.363,2016.556,1982.849,2013.354,1158282340,12401702700.0
2020-11-20,2010.077,2018.595,2003.889,2009.85,864374840,10820267400.0
2020-11-23,2010.256,2017.473,1990.711,2013.76,876659620,12084123700.0
2020-11-24,2007.82,2007.82,1988.053,1992.501,922912710,10807069700.0
2020-11-25,1990.952,1990.963,1952.628,1952.628,844468040,12535840400.0
2020-11-26,1954.573,1963.69,1933.626,1938.96,634794640,9080497500.0
2020-11-27,1938.236,1946.354,1919.164,1937.948,645573780,8249715700.0
2020-11-30,1932.446,1943.627,1908.69,1929.117,733793460,10874750300.0
2020-12-01,1926.496,1963.985,1925.791,1961.784,624964070,11105233300.0
2020-12-02,1964.436,1971.207,1953.669,1961.322,591545640,9002502000.0
2020-12-03,1965.446,2005.395,1962.61,1996.724,809494670,12480314400.0
2020-12-04,1993.856,2008.768,1987.762,2008.428,652588920,9475193000.0
2020-12-07,2006.729,2009.205,1991.583,1998.243,685865420,10307880700.0
2020-12-08,2000.797,2006.182,1991.308,1999.547,550678930,9534113100.0
2020-12-09,2001.23,2001.659,1955.873,1955.873,590486000,9370624000.0
2020-12-10,1950.985,1982.661,1939.98,1971.66,552537370,9078864600.0
2020-12-11,1971.517,1976.921,1930.76,1943.387,782087150,12686663400.0
2020-12-14,1943.708,1958.427,1927.725,1958.031,582537230,9401278700.0
2020-12-15,1958.563,1979.507,1951.757,1968.249,639774130,11487805000.0
2020-12-16,1965.138,1965.789,1941.4,1947.958,544058370,9755045100.0
2020-12-17,1947.161,1974.05,1943.259,1972.807,683170800,12642119900.0
2020-12-18,1971.72,1971.72,1942.241,1948.276,568148570,9790852900.0
2020-12-21,1947.159,1976.115,1943.365,1974.556,750009300,12370813000.0
2020-12-22,1972.943,2003.332,1966.184,1970.216,859630630,16299586000.0
2020-12-23,1966.241,1966.241,1936.31,1953.734,741805090,14130028000.0
2020-12-24,1949.644,1949.644,1895.517,1897.486,689732020,10889252400.0
2020-12-25,1893.131,1918.343,1890.038,1916.604,580135230,11517122300.0
2020-12-28,1922.081,1926.167,1896.779,1900.081,744616820,12558163600.0
2020-12-29,1898.874,1915.355,1887.094,1894.834,671518520,10874276400.0
2020-12-30,1892.754,1915.244,1885.247,1911.389,606942820,11201861600.0
2020-12-31,1910.531,1936.103,1910.531,1932.955,613386420,11894674400.0
2021-01-04,1931.01,1941.972,1921.45,1940.038,780675950,15334500000.0
2021-01-05,1932.839,1952.172,1930.66,1950.174,850051200,15255364000.0
2021-01-06,1952.969,1958.984,1925.553,1948.933,907530130,19309530000.0
2021-01-07,1943.321,1943.375,1893.288,1906.231,827505040,15615232000.0
2021-01-08,1900.602,1940.536,1881.749,1922.817,937877430,16476519000.0
2021-01-11,1928.382,1928.735,1885.118,1896.6,869914190,17949053000.0
2021-01-12,1894.614,1912.955,1891.315,1907.536,644482150,15574636000.0
2021-01-13,1909.477,1909.864,1862.35,1870.394,807381540,17961479000.0
2021-01-14,1870.087,1901.503,1859.56,1889.513,768452900,17526880000.0
2021-01-15,1888.737,1909.448,1883.061,1898.593,704044530,14792312000.0
2021-01-18,1898.909,1922.496,1897.249,1919.876,659521450,13562317000.0
2021-01-19,1918.051,1936.026,1915.941,1922.283,630559500,13816159000.0
2021-01-20,1928.803,1940.262,1919.818,1939.319,637698310,12883687300.0
2021-01-21,1982.12,2007.129,1978.398,1999.792,1004287620,22651520000.0
2021-01-22,1996.731,2080.524,1996.731,2080.524,1056637070,29378226000.0
2021-01-25,2093.318,2094.893,2046.632,2046.683,1174443460,29811014000.0
2021-01-26,2024.883,2024.883,1972.18,1974.529,852431460,22070148000.0
2021-01-27,1968.761,1983.215,1955.544,1958.842,658606170,15798266000.0
2021-01-28,1927.703,1950.82,1904.118,1907.166,672470160,18185831000.0
2021-01-29,1915.275,1920.951,1842.872,1861.894,686320000,16510349000.0
2021-02-01,1857.123,1877.716,1852.902,1862.49,698473880,14906865000.0
2021-02-02,1870.073,1895.342,1854.045,1888.652,555239440,13578203000.0
2021-02-03,1891.365,1892.195,1862.87,1867.766,647000150,15463979000.0
2021-02-04,1865.536,1875.22,1819.056,1838.01,639555390,14811971000.0
2021-02-05,1846.951,1866.194,1826.652,1830.03,548904580,13284185100.0
2021-02-08,1834.93,1840.092,1816.998,1835.085,578130000,12426151800.0
2021-02-09,1833.808,1882.586,1830.991,1876.382,709027730,14212082000.0
2021-02-10,1878.202,1915.929,1870.805,1912.319,695273860,15414506000.0
2021-02-18,1932.225,1942.645,1907.193,1913.195,728091500,19698838000.0
2021-02-19,1910.663,1956.616,1904.558,1955.625,672044680,15842825000.0
2021-02-22,1955.859,1976.279,1940.648,1940.648,858869440,20044747000.0
2021-02-23,1933.675,1952.605,1921.227,1934.114,667238350,14415593000.0
2021-02-24,1934.148,1942.905,1900.682,1919.768,654623470,15352644000.0
2021-02-25,1926.531,1929.577,1892.39,1896.188,531569690,11204559200.0
2021-02-26,1871.89,1897.684,1868.188,1882.201,536496360,12840107500.0
2021-03-01,1896.287,1922.734,1895.871,1922.599,490768770,11797456700.0
2021-03-02,1924.956,1927.011,1889.503,1900.457,566256500,12249381400.0
2021-03-03,1898.239,1929.736,1893.644,1929.017,508576980,10353445400.0
2021-03-04,1920.297,1922.915,1896.041,1903.033,548445690,12537081900.0
2021-03-05,1890.313,1931.507,1887.265,1925.845,498748320,11816395500.0
2021-03-08,1937.506,1948.785,1891.806,1892.337,644612160,15631461000.0
2021-03-09,1886.188,1888.545,1812.609,1835.561,664106930,15370280000.0
2021-03-10,1859.393,1866.489,1833.495,1835.287,602949250,12239468400.0
2021-03-11,1840.176,1869.807,1835.656,1869.807,627286270,13080360000.0
2021-03-12,1868.017,1870.282,1846.455,1870.052,549263780,11031321800.0
2021-03-15,1862.535,1874.593,1837.786,1852.684,489559590,12127463600.0
2021-03-16,1853.821,1872.658,1847.865,1872.232,445446020,9312999200.0
2021-03-17,1871.235,1884.798,1860.198,1883.002,416391240,8838604600.0
2021-03-18,1883.64,1908.846,1881.185,1902.994,500103160,9470598200.0
2021-03-19,1882.688,1920.613,1878.385,1907.441,580981680,11319918300.0
2021-03-22,1906.351,1941.268,1903.668,1941.155,577605320,11313172900.0
2021-03-23,1943.242,1953.429,1918.862,1928.255,570965050,9276804300.0
2021-03-24,1922.333,1940.437,1920.933,1926.54,599670380,11095243500.0
2021-03-25,1917.671,1936.993,1904.51,1920.9,583650360,11544607700.0
2021-03-26,1923.729,1955.955,1921.177,1953.098,695767850,14472005000.0
2021-03-29,1954.251,1968.54,1944.596,1961.73,666753730,12382532800.0
2021-03-30,1954.854,1969.462,1945.713,1961.958,689644870,12595942700.0
2021-03-31,1961.379,1966.46,1947.908,1959.811,553201060,11396298300.0
2021-04-01,1958.674,1985.97,1953.105,1982.594,607487550,10747994000.0
2021-04-02,1991.457,1997.484,1977.303,1984.942,689001170,12201187200.0
2021-04-06,1988.82,1997.234,1980.246,1996.684,659543580,12135512400.0
2021-04-07,1993.606,2000.083,1984.053,1999.748,604692690,10463235300.0
2021-04-08,1997.313,2010.253,1990.003,2005.106,838379940,13503594000.0
2021-04-09,2004.742,2015.321,1998.522,2012.799,752095480,13064145500.0
2021-04-12,2006.579,2012.472,1963.098,1968.588,735454010,13383487900.0
2021-04-13,1964.814,2000.181,1964.814,1984.038,662259270,11384923500.0
2021-04-14,1984.757,2011.942,1976.979,2009.434,688301620,11352829900.0
2021-04-15,2008.109,2026.616,1990.641,2018.177,830846830,11759145300.0
2021-04-16,2016.468,2040.621,2010.257,2035.673,796125080,11558158100.0
2021-04-19,2025.625,2046.873,2020.014,2045.379,752116260,13001305100.0
2021-04-20,2041.09,2069.599,2038.072,2054.334,773793570,14693395000.0
2021-04-21,2044.527,2095.654,2042.554,2087.39,902746210,15002346000.0
2021-04-22,2090.133,2098.777,2082.822,2091.411,732241760,13042242900.0
2021-04-23,2088.176,2093.058,2073.323,2082.518,692948370,14303254000.0
2021-04-26,2092.28,2139.068,2092.28,2097.36,826306950,18151525000.0
2021-04-27,2092.272,2132.657,2076.507,2130.316,964321250,16484409000.0
2021-04-28,2129.853,2181.069,2124.511,2180.622,1023520680,18605015000.0
2021-04-29,2173.729,2197.55,2159.188,2160.246,1135159920,18791088000.0
2021-04-30,2148.049,2201.005,2148.049,2199.603,1149515050,19333358000.0
2021-05-06,2196.598,2196.598,2146.111,2163.765,1144299530,21153741000.0
2021-05-07,2166.096,2170.664,2101.221,2101.778,816717900,15617384000.0
2021-05-10,2107.662,2141.099,2107.662,2132.273,847298430,14823752000.0
2021-05-11,2126.906,2165.295,2101.421,2158.847,1164844910,17344833000.0
2021-05-12,2150.295,2211.314,2144.131,2207.017,1191176600,17978074000.0
2021-05-13,2188.655,2253.844,2186.889,2226.322,1307588230,19917434000.0
2021-05-14,2230.529,2258.308,2214.253,2246.048,1094069770,19690176000.0
2021-05-17,2243.212,2258.027,2231.981,2235.039,991141650,20171019000.0
2021-05-18,2225.577,2239.837,2205.089,2239.111,841899890,14462451000.0
2021-05-19,2229.865,2242.375,2220.675,2229.18,868174190,13412707000.0
2021-05-20,2217.935,2246.079,2216.043,2230.424,873603080,14995794000.0
2021-05-21,2237.016,2237.15,2210.481,2214.648,864425800,16709996000.0
2021-05-24,2214.89,2231.415,2197.426,2231.415,890177110,17300951000.0
2021-05-25,2234.34,2260.234,2234.03,2257.118,908332390,18826320000.0
2021-05-26,2255.336,2269.047,2238.13,2261.404,862164370,15596485000.0
2021-05-27,2260.846,2281.105,2247.923,2278.961,923434690,16853078000.0
2021-05-28,2279.518,2284.196,2245.13,2254.669,875766480,17215536000.0
2021-05-31,2262.239,2312.011,2262.239,2311.622,944919260,18660575000.0
2021-06-01,2335.808,2345.522,2313.509,2332.517,1066412480,20291347000.0
2021-06-02,2323.33,2325.962,2277.169,2284.914,1025020800,18300594000.0
2021-06-03,2279.746,2284.359,2258.202,2261.471,785140600,14353296000.0
2021-06-04,2257.842,2276.643,2254.512,2260.053,670632460,13633995000.0
2021-06-07,2263.686,2279.836,2256.004,2279.278,663895480,14160069000.0
2021-06-08,2288.225,2294.777,2248.03,2258.225,797632190,16354353000.0
2021-06-09,2257.254,2261.674,2240.495,2245.901,642887740,12758584500.0
2021-06-10,2252.195,2252.373,2232.835,2241.367,682159700,13374808900.0
2021-06-11,2246.595,2246.595,2218.519,2219.72,1321217290,15966965000.0
2021-06-15,2214.173,2214.773,2184.206,2187.599,1061423840,14928425000.0
2021-06-16,2186.0,2186.199,2141.435,2146.165,848593680,13235877600.0
2021-06-17,2147.302,2171.548,2147.302,2163.348,1028393340,11630446400.0
2021-06-18,2163.842,2190.934,2151.21,2190.934,944965460,13017900700.0
2021-06-21,2192.216,2241.389,2189.252,2238.505,1402855700,15916790000.0
2021-06-22,2241.087,2259.212,2225.309,2256.547,1230041690,16022751000.0
2021-06-23,2254.768,2260.394,2247.148,2252.829,1338725240,16333959000.0
2021-06-24,2247.791,2247.791,2217.909,2221.163,1066191300,14169785000.0
2021-06-25,2219.028,2238.025,2210.87,2235.659,907785380,13216148700.0
2021-06-28,2239.522,2271.14,2233.906,2269.858,908343040,13755955000.0
2021-06-29,2275.735,2275.735,2239.865,2250.953,986956790,14682062000.0
2021-06-30,2246.549,2264.588,2240.887,2256.531,801210470,12377874900.0
2021-07-01,2256.479,2290.422,2250.862,2268.575,1103862020,15734321000.0
2021-07-02,2263.771,2263.771,2217.052,2220.145,1131241300,18428074000.0
2021-07-05,2214.447,2224.968,2202.343,2213.866,953694430,15077848000.0
2021-07-06,2214.647,2215.263,2152.623,2173.17,1009999200,18920926000.0
2021-07-07,2164.656,2198.022,2160.282,2195.515,721483380,14823051000.0
2021-07-08,2198.813,2199.306,2156.777,2156.971,1088951740,14740778000.0
2021-07-09,2148.188,2154.345,2122.9,2149.788,832999520,11800274900.0
2021-07-12,2152.102,2177.631,2139.668,2165.193,916848020,15740066000.0
2021-07-13,2163.391,2172.279,2149.452,2170.246,841441480,13311814300.0
2021-07-14,2168.026,2205.441,2157.864,2192.476,1043860040,16365108000.0
2021-07-15,2182.331,2182.331,2139.635,2163.301,911308300,13699484000.0
2021-07-16,2164.549,2165.317,2145.566,2146.564,878909110,13818311000.0
2021-07-19,2145.398,2177.022,2137.547,2169.543,841032500,12718474100.0
2021-07-20,2167.165,2198.436,2164.648,2198.123,942038770,13220445400.0
2021-07-21,2209.446,2223.844,2201.71,2208.831,793861450,12926423600.0
2021-07-22,2203.066,2203.066,2172.495,2177.083,700659660,12816169800.0
2021-07-23,2170.61,2170.766,2119.108,2121.26,658528040,14353623000.0
2021-07-26,2118.787,2118.787,2042.461,2065.305,723864940,15167499000.0
2021-07-27,2066.051,2080.618,2020.977,2020.977,669005950,14283071000.0
2021-07-28,2012.291,2051.602,1969.533,2051.602,826671840,16732242000.0
2021-07-29,2073.58,2090.369,2069.573,2086.88,785063450,16030466000.0
2021-07-30,2075.911,2116.205,2049.631,2116.001,943570420,17932068000.0
2021-08-02,2131.862,2148.78,2100.606,2148.232,968456710,20281592000.0
2021-08-03,2140.569,2239.194,2136.549,2232.001,1170132680,24562561000.0
2021-08-04,2221.228,2221.256,2181.762,2211.422,901540440,20035763000.0
2021-08-05,2199.045,2213.087,2161.076,2163.102,891672750,18216660000.0
2021-08-06,2154.479,2154.734,2112.992,2127.644,708611450,18330446000.0
2021-08-09,2114.394,2151.347,2113.306,2148.562,651945310,14081895000.0
2021-08-10,2147.463,2170.058,2138.098,2167.895,608975890,12841370900.0
2021-08-11,2164.222,2164.673,2144.536,2145.732,592358050,11092182700.0
2021-08-12,2144.678,2160.714,2133.939,2141.522,614443720,14448668000.0
2021-08-13,2138.747,2149.474,2128.056,2142.127,539560620,12541834400.0
2021-08-16,2140.584,2170.8,2136.674,2159.575,515817160,10889364800.0
2021-08-17,2153.881,2154.083,2096.246,2101.086,685465750,15827691000.0
2021-08-18,2095.914,2115.477,2093.01,2110.99,607380090,11394221100.0
2021-08-19,2104.633,2123.714,2103.178,2108.82,593269260,10707535500.0
2021-08-20,2097.476,2097.476,2024.282,2039.843,692960820,16362565000.0
2021-08-23,2043.022,2077.944,2028.185,2075.858,605404620,13831739000.0
2021-08-24,2078.902,2091.003,2072.777,2086.696,584892990,15421211000.0
2021-08-25,2085.363,2104.841,2070.595,2104.841,566536250,12737947400.0
2021-08-26,2101.384,2101.384,2070.834,2073.622,537735290,11565167700.0
2021-08-27,2067.32,2076.691,2055.424,2066.597,561293980,11965854800.0
2021-08-30,2066.879,2073.169,2046.329,2053.713,657875090,11886471300.0
2021-08-31,2052.702,2058.571,2021.866,2034.784,647355940,12095284700.0
2021-09-01,2033.366,2045.289,2008.699,2041.415,640603510,12579616300.0
2021-09-02,2040.306,2048.015,2021.918,2026.12,514805090,11201297000.0
2021-09-03,2036.234,2062.531,2031.478,2058.747,632211690,12978900300.0
2021-09-06,2060.825,2106.476,2060.825,2106.129,712306310,15440757000.0
2021-09-07,2106.667,2116.016,2097.869,2115.553,587696320,11650831800.0
2021-09-08,2117.107,2128.717,2111.157,2118.014,769909080,11750853200.0
2021-09-09,2116.08,2121.274,2106.163,2113.034,587098520,9943205300.0
2021-09-10,2110.987,2111.657,2084.337,2091.179,559070480,10417172100.0
2021-09-13,2096.835,2118.391,2096.835,2101.747,603470180,12109551500.0
2021-09-14,2104.223,2125.676,2085.413,2089.317,624559810,12556032100.0
2021-09-15,2086.891,2089.146,2064.463,2080.184,516782220,11459526000.0
2021-09-16,2076.683,2091.351,2058.275,2059.834,621138280,11689809800.0
2021-09-17,2064.295,2102.432,2055.977,2100.762,684892510,14800666000.0
2021-09-22,2076.941,2118.955,2073.926,2099.795,609653450,11609995100.0
2021-09-23,2095.47,2126.76,2093.762,2110.89,593327720,11984029200.0
2021-09-24,2108.647,2123.671,2092.724,2107.925,598537970,11216673700.0
2021-09-27,2106.278,2125.017,2083.053,2085.807,723507640,14290503000.0
2021-09-28,2083.534,2091.519,2070.708,2077.581,478505640,9831889300.0
2021-09-29,2063.848,2066.143,2013.838,2013.838,533445630,9758553300.0
2021-09-30,2022.404,2058.125,2022.404,2054.338,414494580,8999646300.0
2021-10-08,2055.907,2082.66,2050.905,2076.386,648761170,12902578000.0
2021-10-11,2077.341,2099.993,2066.869,2070.411,489897790,11471445100.0
2021-10-12,2066.168,2085.695,2051.752,2066.887,630689110,11371177300.0
2021-10-13,2066.091,2093.444,2062.642,2092.076,627464450,10223549300.0
2021-10-14,2089.821,2089.973,2070.646,2079.452,499777520,9704714600.0
2021-10-15,2069.078,2069.507,2034.041,2041.652,602118090,10210687800.0
2021-10-18,2038.32,2038.32,2007.44,2013.443,456167450,9114218300.0
2021-10-19,2014.362,2033.013,2011.786,2028.288,380753200,8339076400.0
2021-10-20,2023.34,2029.356,2005.827,2020.908,515836320,9884163300.0
2021-10-21,2021.368,2030.835,2010.898,2016.802,580457940,8462231100.0
2021-10-22,2015.765,2030.397,2011.888,2018.852,538000390,9404562600.0
2021-10-25,2020.09,2028.431,2015.547,2028.065,471474530,8622135700.0
2021-10-26,2019.515,2027.692,2003.834,2009.143,484794260,9396425400.0
2021-10-27,2005.544,2005.544,1949.082,1954.252,492901120,9304311800.0
2021-10-28,1945.382,1955.668,1936.851,1938.084,405419110,8936995700.0
2021-10-29,1938.15,1974.612,1932.015,1972.29,422058420,9238752900.0
2021-11-01,1973.014,1987.118,1964.328,1986.591,501943970,12566171900.0
2021-11-02,1984.503,1994.399,1941.694,1954.442,514323350,10748678800.0
2021-11-03,1960.035,1995.19,1960.035,1995.19,470895730,10086818400.0
2021-11-04,1991.623,2005.641,1985.815,2004.758,522801330,13781038000.0
2021-11-05,2003.388,2014.771,1998.191,2001.893,484000960,10214330400.0
2021-11-08,1999.348,1999.959,1975.783,1987.834,416337080,11248068000.0
2021-11-09,1990.075,2016.451,1989.495,2015.148,410992410,9287140500.0
2021-11-10,2017.691,2033.263,1992.59,2032.736,439437200,10250840400.0
2021-11-11,2027.441,2039.022,2021.287,2036.185,430608740,9629062200.0
2021-11-12,2035.511,2035.511,2024.429,2032.65,422283970,7713478200.0
2021-11-15,2035.735,2074.754,2035.037,2073.934,516432400,10375909800.0
2021-11-16,2071.182,2091.279,2069.085,2080.728,511933500,11859439800.0
2021-11-17,2080.688,2098.289,2073.503,2094.058,408566710,9553216300.0
2021-11-18,2092.055,2092.055,2062.2,2062.2,507759630,9682156200.0
2021-11-19,2059.048,2074.082,2053.856,2073.169,363692820,7493561000.0
2021-11-22,2074.93,2079.866,2062.19,2075.54,443757550,9094779200.0
2021-11-23,2074.977,2085.761,2069.177,2082.475,436443480,9122378900.0
2021-11-24,2085.743,2100.667,2070.105,2097.062,511642650,10480273400.0
2021-11-25,2100.72,2135.352,2100.032,2130.94,667550560,11866510900.0
2021-11-26,2130.026,2130.371,2098.471,2102.266,609581430,13665207000.0
2021-11-29,2113.619,2152.037,2106.562,2122.833,785385400,17501463000.0
2021-11-30,2114.711,2151.371,2103.398,2148.312,720707420,15246728000.0
2021-12-01,2140.326,2140.326,2119.431,2120.293,570673890,12714962400.0
2021-12-02,2121.764,2138.457,2107.324,2108.767,571504140,11760504500.0
2021-12-03,2102.721,2108.53,2090.843,2104.195,486737730,9173669900.0
2021-12-06,2105.109,2105.885,2064.687,2066.777,458792860,9718916700.0
2021-12-07,2068.379,2081.503,2053.339,2066.082,438760940,8739358300.0
2021-12-08,2070.801,2077.055,2063.279,2077.055,473418050,8685694200.0
2021-12-09,2079.928,2109.892,2078.724,2107.447,647798800,12193717600.0
2021-12-10,2104.036,2107.285,2097.555,2103.671,505163460,9206720600.0
2021-12-13,2104.148,2116.244,2099.324,2101.993,464287130,9739594900.0
2021-12-14,2105.077,2132.071,2103.891,2131.219,529984860,11107384900.0
2021-12-15,2132.603,2140.589,2112.856,2113.981,559592480,14049585000.0
2021-12-16,2109.657,2121.509,2101.569,2110.763,494139450,16819941000.0
2021-12-17,2109.815,2116.198,2100.962,2110.111,503626740,13912303000.0
2021-12-20,2105.517,2146.489,2105.513,2117.932,795863600,17087401000.0
2021-12-21,2112.922,2133.541,2108.025,2132.839,739345880,11685845600.0
2021-12-22,2142.251,2157.228,2136.848,2149.531,791262850,11222838300.0
2021-12-23,2152.483,2152.93,2125.928,2127.767,694842490,9936589300.0
2021-12-24,2123.484,2163.649,2114.17,2151.492,922701090,12810031700.0
2021-12-27,2150.175,2197.376,2148.734,2187.595,977290220,12182502200.0
2021-12-28,2184.978,2192.837,2162.743,2180.423,801295980,13653315000.0
2021-12-29,2176.426,2232.538,2170.095,2216.963,1021146770,13796390000.0
2021-12-30,2210.361,2237.123,2194.188,2231.323,957908940,12190289000.0
2021-12-31,2229.014,2270.915,2228.941,2264.289,1130464410,14276797000.0
2022-01-04,2276.709,2302.676,2276.709,2284.857,1387181100,22897257000.0
2022-01-05,2283.314,2283.314,2215.546,2226.348,1415740400,18575642000.0
2022-01-06,2218.796,2252.863,2210.67,2251.019,1221169620,15646549000.0
2022-01-07,2246.277,2276.931,2229.998,2234.231,1140663120,17708737000.0
2022-01-10,2251.179,2291.544,2244.823,2291.544,940281740,18288729000.0
2022-01-11,2289.966,2328.232,2280.831,2309.949,1166980140,20733410000.0
2022-01-12,2306.514,2351.818,2290.353,2335.652,1332878390,22223558000.0
2022-01-13,2330.774,2346.246,2296.011,2298.973,1512886100,23415395000.0
2022-01-14,2282.174,2407.415,2280.055,2393.62,1731012100,30415838000.0
2022-01-17,2392.695,2392.695,2344.439,2385.281,1463574500,27944662000.0
2022-01-18,2359.89,2359.89,2260.828,2261.279,1328577740,22911812000.0
2022-01-19,2239.263,2269.003,2236.405,2247.849,910102310,17447313000.0
2022-01-20,2244.17,2259.442,2189.679,2192.59,1193708150,16823188000.0
2022-01-21,2173.914,2173.914,2129.0,2131.024,965583500,15873648000.0
2022-01-24,2111.758,2123.757,2103.009,2107.099,690191590,11142066200.0
2022-01-25,2096.979,2106.601,2008.959,2009.73,826583710,11510837900.0
2022-01-26,2012.814,2032.982,1979.615,1995.756,572965980,10444953600.0
2022-01-27,1999.404,2007.991,1939.609,1940.985,592740750,9979779700.0
2022-01-28,1947.98,1983.59,1929.316,1966.782,596828500,8882273300.0
2022-02-07,1994.245,2002.472,1979.871,1995.037,595167680,8539056200.0
2022-02-08,1993.369,2020.79,1983.624,2020.703,544289410,10517167600.0
2022-02-09,2022.048,2045.687,2006.884,2044.096,565729970,11989361200.0
2022-02-10,2044.878,2054.746,2032.5,2045.601,743934010,14221055000.0
2022-02-11,2034.114,2034.114,1982.459,1986.464,748808030,13538753000.0
2022-02-14,1968.691,2006.505,1967.621,1994.747,629516960,10697788700.0
2022-02-15,1999.864,2027.645,1985.647,2022.171,742369520,13541479000.0
2022-02-16,2026.711,2048.794,2024.199,2041.388,748905590,13605371000.0
2022-02-17,2044.567,2044.567,2023.567,2027.766,650983140,10329475000.0
2022-02-18,2017.22,2054.922,2012.414,2051.759,640018060,9776577100.0
2022-02-21,2064.421,2116.154,2062.843,2115.92,852292770,11886634800.0
2022-02-22,2098.683,2098.81,2056.919,2065.414,926807670,11783776800.0
2022-02-23,2068.556,2098.342,2068.519,2096.133,781195020,10278347200.0
2022-02-24,2085.718,2108.987,2011.226,2035.841,1020757920,13980610000.0
2022-02-25,2047.696,2089.521,2047.696,2087.625,825025910,14574276000.0
2022-02-28,2090.301,2102.162,2055.298,2101.084,875885550,13003649900.0
2022-03-01,2095.743,2102.784,2077.625,2095.681,802944670,11249382300.0
2022-03-02,2085.805,2119.02,2074.56,2111.273,801589580,11580160200.0
2022-03-03,2117.671,2126.277,2099.931,2114.613,905346590,12330206700.0
2022-03-04,2109.021,2166.735,2103.278,2129.185,1011963920,13775932000.0
2022-03-07,2129.779,2134.485,2083.056,2092.376,958787770,13232322400.0
2022-03-08,2085.861,2085.861,1975.275,1977.825,1226910690,14708413000.0
2022-03-09,1972.909,1988.956,1857.121,1928.429,1249697160,15074084000.0
2022-03-10,1974.149,2038.233,1974.149,2036.973,1288634370,17691188000.0
2022-03-11,2020.792,2110.614,2010.239,2110.286,1283091680,22181326000.0
2022-03-14,2148.68,2166.927,2085.236,2085.236,1370429600,28165026000.0
2022-03-15,2049.31,2075.558,1999.308,2003.153,1274711230,21126771000.0
2022-03-16,2028.976,2036.722,1921.817,2019.305,1285143530,21302486000.0
2022-03-17,2022.269,2121.923,2016.4,2075.887,1271882320,22161923000.0
2022-03-18,2071.719,2102.443,2067.706,2096.69,1196179290,16794181000.0
2022-03-21,2101.92,2133.158,2092.849,2126.358,1144111250,17476535000.0
2022-03-22,2121.285,2121.677,2073.292,2082.704,979909540,15109512000.0
2022-03-23,2080.017,2111.445,2065.865,2092.278,934249310,14652871000.0
2022-03-24,2073.739,2119.766,2056.831,2110.105,1206444240,18890426000.0
2022-03-25,2104.018,2114.516,2064.884,2064.884,1133676010,15830009000.0
2022-03-28,2060.819,2073.611,2039.313,2058.459,877738010,12757876400.0
2022-03-29,2066.096,2097.425,2055.755,2068.104,1051941680,14835228000.0
2022-03-30,2066.968,2088.719,2035.193,2083.293,931277000,13201808500.0
2022-03-31,2072.174,2110.255,2068.545,2070.842,1072094850,14108889000.0
2022-04-01,2054.182,2057.314,2033.652,2038.382,822630640,11276586600.0
2022-04-06,2048.599,2081.695,2048.417,2071.077,870607500,11071236700.0
2022-04-07,2064.283,2072.414,2008.514,2008.514,906837700,10474963000.0
2022-04-08,2014.175,2019.052,1956.402,1966.432,737693400,9522209000.0
2022-04-11,1966.113,1972.401,1911.421,1921.778,681087040,10567357400.0
2022-04-12,1922.321,1966.547,1910.699,1966.323,608465930,10437500300.0
2022-04-13,1950.303,1954.261,1917.526,1921.941,657439530,10477218700.0
2022-04-14,1931.08,2003.461,1930.637,1988.874,808599140,14262512000.0
2022-04-15,1973.052,1974.677,1947.074,1953.516,630293970,11645544900.0
2022-04-18,1938.726,1955.262,1911.925,1954.781,578411270,9341664900.0
2022-04-19,1943.654,1955.375,1921.674,1933.688,517357190,9079307600.0
2022-04-20,1933.21,1941.686,1895.672,1902.826,557259930,8807104400.0
2022-04-21,1896.072,1901.444,1826.087,1832.105,714698010,10574094200.0
2022-04-22,1823.096,1823.512,1788.311,1804.376,542073080,8743988900.0
2022-04-25,1783.291,1790.854,1689.85,1689.85,806404840,11713455100.0
2022-04-26,1692.397,1724.094,1663.825,1669.61,798525690,11725078100.0
2022-04-27,1648.111,1718.16,1626.672,1716.982,766672320,12119033200.0
2022-04-28,1703.141,1719.939,1677.563,1692.107,706568790,11059022100.0
2022-04-29,1704.959,1770.321,1704.425,1763.2,850122290,12324280800.0
2022-05-05,1764.21,1828.25,1752.964,1814.977,801863940,15064264000.0
2022-05-06,1778.344,1839.242,1771.194,1817.889,751355720,13309470200.0
2022-05-09,1813.634,1847.675,1811.836,1840.667,644779350,9845843900.0
2022-05-10,1820.043,1849.368,1816.829,1847.52,640999580,10916493300.0
2022-05-11,1848.527,1885.723,1841.899,1842.26,760062210,12343749100.0
2022-05-12,1829.224,1870.942,1828.077,1862.012,602214490,9446837600.0
2022-05-13,1868.294,1893.193,1841.847,1865.274,500916840,7986618600.0
2022-05-16,1871.439,1875.793,1829.217,1836.495,502383100,8136314700.0
2022-05-17,1842.793,1843.467,1796.292,1816.173,571732680,8390723300.0
2022-05-18,1816.374,1831.596,1811.041,1813.248,474254170,7833683700.0
2022-05-19,1791.402,1814.941,1783.236,1813.83,563096260,7172165900.0
2022-05-20,1818.003,1840.474,1814.458,1835.491,547040740,8356629200.0
2022-05-23,1852.305,1872.999,1844.75,1872.414,636677510,9861108600.0
2022-05-24,1871.746,1871.746,1776.058,1776.058,776139990,13561770000.0
2022-05-25,1771.258,1802.954,1771.24,1802.954,470352180,7655696800.0
2022-05-26,1808.483,1809.068,1762.43,1794.775,467966070,9202113700.0
2022-05-27,1800.371,1809.906,1773.163,1786.845,471917910,10197867300.0
2022-05-30,1788.853,1800.527,1771.737,1797.654,399446470,7703559400.0
2022-05-31,1798.483,1821.076,1773.679,1820.088,501268470,9707436200.0
2022-06-01,1820.343,1843.134,1812.572,1824.49,457400260,7983080400.0
2022-06-02,1821.405,1821.405,1799.042,1820.041,477977910,8889916700.0
2022-06-06,1822.217,1860.323,1820.695,1859.372,518384150,11655971500.0
2022-06-07,1858.092,1872.964,1843.927,1872.386,625161400,12027252800.0
2022-06-08,1870.757,1878.03,1839.097,1864.36,623538490,12624151400.0
2022-06-09,1862.196,1862.196,1812.608,1819.227,495322190,8411618400.0
2022-06-10,1812.458,1838.926,1809.75,1838.601,488494690,8903539800.0
2022-06-13,1822.179,1843.706,1819.097,1840.603,576465200,12660237800.0
2022-06-14,1831.246,1836.042,1787.019,1835.991,533354270,9676633600.0
2022-06-15,1840.345,1865.055,1840.315,1842.643,593833150,9790010700.0
2022-06-16,1841.698,1880.914,1841.617,1867.195,565366400,8753388800.0
2022-06-17,1858.138,1878.005,1831.901,1877.214,549757130,9645967200.0
2022-06-20,1880.537,1917.68,1880.281,1915.588,585074300,10072953000.0
2022-06-21,1921.461,1939.028,1890.627,1909.767,579428900,9196891700.0
2022-06-22,1911.816,1923.211,1891.325,1893.117,577524400,10055608500.0
2022-06-23,1892.954,1912.803,1876.141,1912.39,526828210,8727038100.0
2022-06-24,1914.088,1940.677,1913.997,1931.256,556320780,12138721500.0
2022-06-27,1937.265,1957.517,1932.659,1942.251,556979020,11234482700.0
2022-06-28,1943.045,1958.036,1921.338,1957.253,530909990,9343507100.0
2022-06-29,1956.215,1974.532,1936.746,1936.845,616294050,10281301200.0
2022-06-30,1933.962,1977.891,1933.962,1967.525,691650460,10387437500.0
2022-07-01,1969.724,1979.427,1954.789,1963.586,510616780,8589830600.0
2022-07-04,1973.161,2020.799,1967.553,2020.484,750650950,15776227000.0
2022-07-05,2025.493,2025.493,1975.815,2003.715,715912500,16443513000.0
2022-07-06,2000.867,2011.551,1970.106,1988.886,602972780,13383294400.0
2022-07-07,1993.555,1993.555,1961.641,1975.787,538054300,10511338900.0
2022-07-08,1976.601,1992.884,1973.828,1982.228,570627170,9231621500.0
2022-07-11,1980.05,2005.979,1974.376,1988.724,652135950,9598257300.0
2022-07-12,1986.458,1986.458,1929.318,1929.599,815570610,11617685600.0
2022-07-13,1926.156,1930.851,1910.957,1921.59,562446850,8180361800.0
2022-07-14,1925.933,1961.124,1920.902,1947.236,556955700,9552841600.0
2022-07-15,1943.598,1947.424,1903.918,1903.918,636544170,9742618700.0
2022-07-18,1905.464,1942.324,1896.148,1942.324,644047000,10115081500.0
2022-07-19,1943.948,1960.239,1933.594,1956.969,620585990,9282729600.0
2022-07-20,1961.932,1990.616,1961.874,1984.159,640997730,9014439000.0
2022-07-21,1980.387,1992.831,1971.283,1976.614,557563610,7744528600.0
2022-07-22,1977.702,1990.004,1935.664,1951.899,528741300,8042718600.0
2022-07-25,1965.439,1986.538,1953.788,1969.23,552894380,9362819700.0
2022-07-26,1970.214,1970.28,1939.453,1965.177,462903550,7403732500.0
2022-07-27,1959.754,1984.67,1956.807,1977.718,620252520,12551755400.0
2022-07-28,1983.623,1993.994,1974.112,1975.464,544260550,9435492600.0
2022-07-29,1979.634,1979.674,1939.055,1941.665,556047000,10289113900.0
2022-08-01,1941.305,1941.353,1917.701,1930.716,443769500,8006488100.0
2022-08-02,1916.499,1916.499,1822.049,1843.753,688992270,10785383400.0
2022-08-03,1842.849,1876.484,1833.297,1835.188,502487210,7574438300.0
2022-08-04,1846.083,1872.972,1843.885,1872.972,415423850,7514065700.0
2022-08-05,1880.331,1905.493,1877.366,1905.493,431114910,7658509600.0
2022-08-08,1915.148,1931.653,1910.128,1928.368,569796180,8055701700.0
2022-08-09,1928.188,1928.188,1906.104,1916.471,482445340,6402174900.0
2022-08-10,1915.957,1915.957,1897.615,1903.887,417880880,7062412400.0
2022-08-11,1913.252,1948.378,1913.252,1946.69,494527830,8501462500.0
2022-08-12,1947.178,1964.579,1941.942,1956.768,492527600,6769616100.0
2022-08-15,1956.197,1956.197,1939.068,1949.065,418729700,6073010800.0
2022-08-16,1952.894,1955.801,1939.938,1946.011,426182250,9110600300.0
2022-08-17,1957.421,1961.955,1932.733,1948.741,503385050,7193071600.0
2022-08-18,1944.819,1944.819,1924.025,1926.335,528213820,8289588900.0
2022-08-19,1925.708,1938.789,1911.442,1911.442,448053000,7000738100.0
2022-08-22,1909.546,1933.149,1891.889,1928.802,408801720,6885923100.0
2022-08-23,1923.611,1923.745,1908.62,1915.299,393045260,7261233700.0
2022-08-24,1914.455,1918.213,1865.757,1867.163,477680890,6976945900.0
2022-08-25,1870.859,1873.988,1841.079,1868.914,407590190,5997706600.0
2022-08-26,1870.533,1896.847,1866.409,1870.755,390071090,6839364200.0
2022-08-29,1848.555,1870.94,1837.777,1870.345,362093230,5721359100.0
2022-08-30,1876.281,1892.508,1873.841,1884.912,427766550,6626923700.0
2022-08-31,1884.156,1898.667,1860.039,1869.293,558687220,9079031000.0
2022-09-01,1866.557,1892.603,1863.489,1871.944,484452400,7681386300.0
2022-09-02,1875.557,1893.049,1872.223,1883.205,425768620,7105110200.0
2022-09-05,1885.753,1897.318,1867.075,1877.735,397871780,6924537900.0
2022-09-06,1882.376,1884.677,1869.863,1884.236,399231770,6429989200.0
2022-09-07,1877.968,1880.541,1864.534,1875.172,423160910,6954301700.0
2022-09-08,1875.085,1875.25,1854.633,1855.885,345212200,5352101600.0
2022-09-09,1861.263,1873.116,1856.397,1871.566,399203550,7193690800.0
2022-09-13,1866.475,1876.707,1856.767,1861.094,439502440,10623574900.0
2022-09-14,1835.512,1850.439,1822.387,1850.263,383120040,7361749600.0
2022-09-15,1856.778,1860.879,1800.214,1815.409,441054060,8429702500.0
2022-09-16,1815.326,1817.863,1771.912,1771.912,423723490,6922242500.0
2022-09-19,1774.758,1777.143,1739.388,1749.08,333158610,5550035100.0
2022-09-20,1754.219,1766.367,1751.371,1760.524,261114740,4425051800.0
2022-09-21,1757.488,1760.381,1728.945,1754.935,275320220,4859371700.0
2022-09-22,1744.882,1757.061,1737.251,1737.339,297663590,5490825900.0
2022-09-23,1736.048,1740.586,1694.707,1704.463,332123830,5625484100.0
2022-09-26,1694.187,1697.685,1664.963,1665.775,351636610,5836967300.0
2022-09-27,1669.251,1736.053,1669.251,1736.053,439766100,7259736200.0
2022-09-28,1733.06,1756.627,1708.838,1709.049,455950630,6126548800.0
2022-09-29,1722.56,1751.324,1713.127,1721.178,438602890,7571428800.0
2022-09-30,1717.583,1748.35,1717.073,1722.247,402645420,5678929000.0
2022-10-10,1730.534,1745.94,1690.286,1696.938,412847410,6673892600.0
2022-10-11,1697.867,1698.139,1656.438,1679.402,366091980,5159389700.0
2022-10-12,1677.111,1710.12,1643.569,1709.819,394436610,5860310600.0
2022-10-13,1702.101,1754.149,1698.71,1741.672,457562740,8268999700.0
2022-10-14,1753.827,1864.418,1753.827,1853.1,959503560,16474197000.0
2022-10-17,1856.751,1889.732,1854.083,1886.061,1030124690,16308499000.0
2022-10-18,1883.531,1923.78,1859.087,1912.944,1046025080,13919973000.0
2022-10-19,1905.293,1908.78,1886.797,1894.347,873160730,11566168200.0
2022-10-20,1884.749,1932.486,1880.347,1900.515,1107708060,13945950000.0
2022-10-21,1887.893,1912.366,1873.551,1892.01,812339480,10942358200.0
2022-10-24,1897.555,1915.976,1832.169,1842.485,746863680,10778697400.0
2022-10-25,1840.257,1854.573,1803.862,1828.163,1009905720,11511216900.0
2022-10-26,1832.735,1923.417,1832.735,1905.327,1194175040,16876313000.0
2022-10-27,1908.903,1927.467,1886.114,1911.485,958149550,14843634000.0
2022-10-28,1895.698,1917.891,1840.967,1849.439,826409780,12512085000.0
2022-10-31,1842.444,1888.6,1839.344,1876.943,691343600,10418243800.0
2022-11-01,1884.597,1915.103,1860.984,1912.606,929770590,14544834000.0
2022-11-02,1899.914,1964.06,1897.06,1939.108,1081095290,16996498000.0
2022-11-03,1917.286,1941.895,1905.941,1926.0,709808930,10607294200.0
2022-11-04,1929.257,1965.682,1922.718,1954.467,791744830,13358431900.0
2022-11-07,1954.957,1969.977,1947.274,1962.378,647983270,11506403100.0
2022-11-08,1961.6,1965.728,1935.387,1965.728,814448740,10993157400.0
2022-11-09,1960.466,1996.842,1957.086,1989.209,862716760,11058028500.0
2022-11-10,1982.814,2013.484,1982.814,1987.042,782639660,12282457100.0
2022-11-11,2032.581,2053.967,1984.063,1984.956,1448717100,23160398000.0
2022-11-14,1978.368,2046.849,1969.397,2042.026,1392437400,19838504000.0
2022-11-15,2039.04,2048.397,2013.193,2048.344,1072141180,15793176000.0
2022-11-16,2047.976,2065.189,2028.882,2035.805,986186740,14701333000.0
2022-11-17,2028.774,2056.274,2023.166,2055.168,927912190,13611309000.0
2022-11-18,2056.773,2095.18,2056.773,2075.931,1102146620,16314918000.0
2022-11-21,2070.167,2097.21,2046.171,2097.21,1012604830,16382660000.0
2022-11-22,2091.489,2110.523,2014.927,2024.526,943727490,14462289000.0
2022-11-23,2025.575,2030.925,1960.303,1979.89,754761020,11505549300.0
2022-11-24,1983.908,2008.889,1982.924,2007.319,568708380,8873735000.0
2022-11-25,2000.728,2000.728,1957.033,1980.591,571647830,8474058200.0
2022-11-28,1959.353,1991.075,1943.79,1956.187,635213330,11539873500.0
2022-11-29,1956.744,2036.541,1956.744,2028.601,913208340,15798929000.0
2022-11-30,2027.725,2037.773,1995.164,2009.407,764180730,12665815700.0
2022-12-01,2020.407,2028.0,1980.84,2000.852,846267870,13956516000.0
2022-12-02,1996.77,2027.828,1995.933,2015.766,683955390,11493895400.0
2022-12-05,2024.57,2026.515,1989.189,2002.418,838652650,13864930000.0
2022-12-06,1999.314,2004.114,1959.83,1966.446,751288330,11815174800.0
2022-12-07,1963.473,2008.2,1953.169,2004.634,853580580,11520414400.0
2022-12-08,2001.15,2013.426,1983.293,1999.019,875501880,11772605100.0
2022-12-09,2002.176,2037.283,1991.367,2033.177,945772190,15840215000.0
2022-12-12,2049.079,2069.333,2038.45,2059.867,986432040,14515354000.0
2022-12-13,2058.174,2058.174,2014.827,2040.21,992194690,13400716000.0
2022-12-14,2031.997,2032.373,1993.937,1999.44,794209640,11157125500.0
2022-12-15,1998.037,2018.823,1986.748,2001.04,605235550,8764966300.0
2022-12-16,1992.796,2017.848,1992.796,2013.229,683013910,9780275600.0
2022-12-19,2015.741,2022.212,1933.321,1940.684,756616730,11271823400.0
2022-12-20,1933.234,1942.567,1895.428,1901.248,544034120,8207037100.0
2022-12-21,1901.178,1912.554,1878.144,1889.544,441358980,6601028100.0
2022-12-22,1894.564,1910.755,1863.304,1866.376,547981180,8389536900.0
2022-12-23,1853.008,1888.026,1853.008,1882.607,453745490,6851315100.0
2022-12-26,1887.43,1897.801,1870.799,1882.571,453911980,6260936900.0
2022-12-27,1881.835,1881.835,1836.88,1863.924,664150360,8534037800.0
2022-12-28,1859.484,1875.519,1849.999,1857.553,732263450,8475092800.0
2022-12-29,1854.597,1887.604,1850.216,1875.554,626061470,8424092000.0
2022-12-30,1879.363,1887.096,1867.055,1879.459,545281630,7041307000.0
2023-01-03,1884.636,1926.146,1884.549,1922.723,692539690,9033574900.0
2023-01-04,1920.775,1938.296,1915.592,1931.745,608082010,8499041100.0
2023-01-05,1933.105,1946.433,1916.77,1943.778,581422730,10280032100.0
2023-01-06,1944.798,1945.253,1927.723,1932.985,544262800,8301397300.0
2023-01-09,1935.971,1949.012,1934.619,1943.932,581991660,8756944600.0
2023-01-10,1946.736,1960.559,1931.219,1956.312,462800640,7724553800.0
2023-01-11,1955.432,1968.983,1950.51,1952.335,501544000,8237270200.0
2023-01-12,1952.243,1961.017,1935.184,1939.658,492959650,7321117500.0
2023-01-13,1940.669,1979.249,1936.388,1979.249,530999900,8550260800.0
2023-01-16,1978.84,2020.746,1978.673,2006.689,659918400,13300901900.0
2023-01-17,2007.235,2009.273,1979.828,1985.279,469472500,8925077700.0
2023-01-18,1989.493,1996.348,1981.141,1989.352,402284740,6345324400.0
2023-01-19,1986.892,2016.437,1978.04,2013.608,634753240,10441269600.0
2023-01-20,2014.221,2032.115,2010.261,2020.092,565667290,8054335700.0
2023-01-30,2041.053,2043.975,2027.766,2028.774,740726490,9874733300.0
2023-01-31,2025.944,2033.591,2010.595,2017.738,634834650,8934138700.0
2023-02-01,2026.646,2048.274,2017.651,2047.936,635191020,8860858200.0
2023-02-02,2054.328,2075.537,2045.733,2065.833,583936490,9194125500.0
2023-02-03,2067.588,2075.44,2047.16,2068.454,596539700,8412149600.0
2023-02-06,2071.618,2076.174,2054.957,2064.622,702033530,10951470800.0
2023-02-07,2073.425,2080.241,2061.029,2072.305,595450970,10162099900.0
2023-02-08,2075.533,2089.201,2071.994,2074.502,569142310,10281725100.0
2023-02-09,2068.659,2092.001,2061.341,2091.36,500882470,8304173000.0
2023-02-10,2090.69,2103.617,2080.391,2094.394,545094850,10085652100.0
2023-02-13,2094.657,2117.619,2093.992,2108.106,561975420,10085185700.0
2023-02-14,2112.383,2122.509,2107.612,2122.249,601632210,10190092000.0
2023-02-15,2121.619,2124.107,2105.282,2113.991,601269500,10764686200.0
2023-02-16,2114.651,2129.645,2068.704,2082.272,768728550,12374945100.0
2023-02-17,2086.218,2111.843,2083.128,2097.112,599959700,10325254100.0
2023-02-20,2098.899,2112.531,2072.927,2112.078,555522380,10102336100.0
2023-02-21,2114.149,2125.555,2104.688,2117.836,591514410,9709564200.0
2023-02-22,2107.17,2124.299,2101.081,2116.447,450218030,8380938600.0
2023-02-23,2115.807,2123.515,2086.648,2093.352,475218790,8675518000.0
2023-02-24,2094.329,2094.97,2073.014,2078.506,390365470,7296243200.0
2023-02-27,2074.189,2082.298,2050.826,2054.223,447842780,7723713200.0
2023-02-28,2058.697,2095.681,2058.697,2095.626,550584300,9017682300.0
2023-03-01,2095.541,2100.212,2081.453,2100.212,538420120,10010325900.0
2023-03-02,2097.74,2098.369,2078.898,2081.876,509087350,9999118900.0
2023-03-03,2078.169,2094.969,2068.006,2077.636,523184580,9815822800.0
2023-03-06,2075.531,2095.267,2071.555,2092.433,540220760,9534772600.0
2023-03-07,2093.907,2104.595,2049.858,2049.858,545880120,8744056600.0
2023-03-08,2044.696,2060.417,2043.561,2053.371,397550040,6919946400.0
2023-03-09,2054.498,2066.626,2042.832,2059.366,439338850,7523249700.0
2023-03-10,2050.829,2056.846,2038.801,2045.205,413749000,7293620400.0
2023-03-13,2039.398,2042.801,2019.638,2040.273,461766170,8285703000.0
2023-03-14,2039.968,2046.444,1998.056,2012.113,478653850,7771308500.0
2023-03-15,2023.935,2061.178,2023.935,2038.506,434504130,7256957700.0
2023-03-16,2030.325,2054.844,2023.248,2025.026,601017100,8886402500.0
2023-03-17,2033.687,2039.933,2007.739,2011.265,609522630,10119968000.0
2023-03-20,2010.202,2010.985,1973.037,1979.786,625761770,10146920000.0
2023-03-21,1982.454,2019.004,1982.454,2018.557,465639120,10217855700.0
2023-03-22,2022.764,2041.063,2022.729,2032.275,487131420,9332327500.0
2023-03-23,2029.476,2041.95,2020.206,2034.792,505609530,9973398600.0
2023-03-24,2040.87,2056.27,2033.067,2036.818,567053590,10835860700.0
2023-03-27,2037.28,2086.18,2027.892,2077.822,691892410,15385336000.0
2023-03-28,2080.751,2090.823,2067.989,2072.952,706535890,13505016000.0
2023-03-29,2072.136,2073.424,2047.497,2054.875,569833970,9937511600.0
2023-03-30,2054.185,2056.073,2035.555,2044.622,505148840,9069844800.0
2023-03-31,2045.292,2072.005,2045.292,2071.732,595233450,11173836100.0
2023-04-03,2070.261,2083.895,2056.402,2065.452,602838560,12165063700.0
2023-04-04,2072.849,2076.173,2055.058,2064.101,615918400,11838525500.0
2023-04-06,2054.585,2069.203,2053.236,2063.621,543758760,10070855200.0
2023-04-07,2064.15,2110.264,2064.15,2109.402,677974890,13756720000.0
2023-04-10,2114.689,2114.804,2077.956,2082.04,693703330,13548745000.0
2023-04-11,2080.545,2086.565,2065.45,2076.378,472416680,9164385100.0
2023-04-12,2077.948,2093.883,2073.739,2089.768,482824410,9640391100.0
2023-04-13,2086.066,2123.961,2074.703,2115.777,557805320,12948795800.0
2023-04-14,2126.13,2146.631,2107.914,2123.501,560131370,12409431900.0
2023-04-17,2118.962,2119.121,2097.39,2107.277,591029180,10673198700.0
2023-04-18,2101.876,2102.507,2086.228,2091.996,525141170,11782949200.0
2023-04-19,2089.131,2095.097,2068.742,2072.705,531763390,9979389100.0
2023-04-20,2070.627,2071.22,2040.58,2050.119,555376310,9342256800.0
2023-04-21,2044.116,2049.631,2009.726,2009.848,637249110,9782216600.0
2023-04-24,2010.316,2025.907,1991.794,2001.717,686792100,9427476400.0
2023-04-25,1999.496,1999.496,1917.996,1937.758,817014120,14272324000.0
2023-04-26,1930.318,1960.349,1929.711,1947.72,766722740,11573353600.0
2023-04-27,1944.967,1983.928,1944.827,1971.001,763460280,11497852500.0
2023-04-28,1964.53,1990.885,1959.647,1990.621,681349470,9726939500.0
2023-05-04,1973.661,2000.769,1973.661,1990.861,613783040,9535521000.0
2023-05-05,1986.748,1988.021,1950.31,1957.278,577590760,7997700100.0
2023-05-08,1957.773,1964.6,1936.145,1952.611,576070700,9690519700.0
2023-05-09,1948.427,1948.544,1927.188,1927.666,635414230,9657941800.0
2023-05-10,1922.993,1935.089,1916.868,1929.52,545626520,8639190000.0
2023-05-11,1926.028,1940.887,1919.075,1921.581,463343540,8362964600.0
2023-05-12,1915.662,1932.181,1908.739,1914.629,402570000,6759141800.0
2023-05-15,1908.932,1929.074,1892.385,1929.074,441168940,7114627300.0
2023-05-16,1926.339,1934.923,1917.651,1925.574,407077130,6460044200.0
2023-05-17,1922.565,1922.917,1907.502,1922.873,376085210,5601550100.0
2023-05-18,1921.916,1930.979,1909.741,1916.521,346071270,5502071800.0
2023-05-19,1913.685,1935.752,1903.425,1932.342,347539960,5595129400.0
2023-05-22,1929.581,1941.798,1928.172,1939.639,352001450,6450438000.0
2023-05-23,1939.093,1964.933,1938.718,1947.756,451029190,8376333900.0
2023-05-24,1935.838,1940.375,1916.06,1928.463,409588110,6767062700.0
2023-05-25,1923.366,1923.366,1891.867,1910.391,387046290,6143980900.0
2023-05-26,1907.527,1935.23,1901.084,1932.414,420627540,7275564800.0
2023-05-29,1935.853,1942.733,1918.464,1928.879,467683690,7347821300.0
2023-05-30,1925.08,1933.809,1896.082,1923.732,431119310,8275936500.0
2023-05-31,1919.366,1944.822,1913.144,1917.491,452498950,9068865300.0
2023-06-01,1913.044,1936.965,1899.65,1918.231,461901430,9396679400.0
2023-06-02,1917.391,1926.857,1910.59,1918.984,381381840,6925540100.0
2023-06-05,1915.793,1921.971,1906.734,1919.875,473505650,7256951200.0
2023-06-06,1918.119,1918.119,1870.995,1873.335,477937480,7117933700.0
2023-06-07,1875.818,1880.714,1863.589,1868.726,401914000,6692959900.0
2023-06-08,1865.087,1865.536,1844.066,1845.805,421452690,6386271700.0
2023-06-09,1845.458,1867.58,1841.003,1858.5,491909350,9583354500.0
2023-06-12,1855.544,1856.481,1835.937,1850.392,522452730,7496875000.0
2023-06-13,1845.896,1853.404,1837.543,1841.523,576196310,7781675600.0
2023-06-14,1841.003,1848.813,1832.732,1840.109,485198990,7180800400.0
2023-06-15,1838.934,1852.876,1830.313,1852.822,568602770,8169650200.0
2023-06-16,1854.786,1865.353,1851.308,1862.924,443240240,7789645900.0
2023-06-19,1864.183,1871.518,1857.426,1857.426,499089410,8032215800.0
2023-06-20,1857.427,1860.522,1847.63,1851.73,483371330,8521563000.0
2023-06-21,1850.775,1858.557,1834.302,1834.516,553549450,10675945900.0
2023-06-26,1824.801,1826.877,1801.574,1804.648,518214890,7899018300.0
2023-06-27,1804.514,1840.86,1804.508,1832.373,454545030,6096403700.0
2023-06-28,1832.503,1832.599,1801.971,1824.083,395565850,5535332100.0
2023-06-29,1820.669,1850.354,1820.506,1843.642,481894630,6406222400.0
2023-06-30,1842.992,1876.879,1842.992,1871.551,509458450,6828313700.0
2023-07-03,1875.903,1886.853,1870.071,1885.656,552663190,8025241300.0
2023-07-04,1881.874,1883.015,1863.476,1880.416,517476140,9213641300.0
2023-07-05,1877.604,1879.178,1865.389,1868.806,447631580,6834886700.0
2023-07-06,1866.465,1871.25,1855.353,1857.558,384227450,5771441300.0
2023-07-07,1853.931,1859.363,1842.707,1851.617,374856610,5137987400.0
2023-07-10,1855.238,1865.175,1850.605,1854.558,353926030,5231615600.0
2023-07-11,1855.123,1864.469,1850.139,1864.285,316674660,4383674200.0
2023-07-12,1863.214,1866.353,1834.809,1836.033,373299960,5102425100.0
2023-07-13,1841.498,1862.112,1841.498,1861.466,387869720,7374910400.0
2023-07-14,1861.655,1863.352,1854.798,1857.195,397002480,5949604900.0
2023-07-17,1851.182,1851.182,1829.385,1839.822,379410820,5777384900.0
2023-07-18,1843.689,1843.689,1825.879,1833.285,383693280,6186267000.0
2023-07-19,1832.082,1844.953,1826.14,1833.511,304290940,4667989100.0
2023-07-20,1833.947,1843.672,1824.033,1826.081,353608320,5136006200.0
2023-07-21,1823.112,1849.062,1819.466,1837.293,320017440,4894585500.0
2023-07-24,1835.777,1858.465,1834.016,1854.521,393136970,5072560100.0
2023-07-25,1865.982,1870.347,1854.797,1869.576,483096110,6004574800.0
2023-07-26,1868.822,1883.786,1865.365,1874.429,411286090,5735815000.0
2023-07-27,1873.523,1875.815,1860.771,1863.871,343104840,4605060700.0
2023-07-28,1858.646,1880.943,1854.031,1879.874,403507510,6135923900.0
2023-07-31,1881.493,1889.055,1869.684,1876.382,531269540,9144649200.0
2023-08-01,1880.294,1885.272,1865.76,1868.371,562044870,9832130000.0
2023-08-02,1865.364,1865.364,1844.009,1847.024,441745630,7147012200.0
2023-08-03,1847.207,1872.779,1847.207,1871.505,591817720,8582885700.0
2023-08-04,1871.442,1875.991,1859.83,1860.622,635134810,7710019100.0
2023-08-07,1856.166,1856.178,1812.456,1816.99,708007290,10896698300.0
2023-08-08,1819.922,1836.386,1808.072,1828.745,609294520,7668964700.0
2023-08-09,1822.46,1851.5,1821.169,1841.704,599756170,9115214600.0
2023-08-10,1839.749,1840.497,1823.992,1832.762,416783760,6831105700.0
2023-08-11,1833.95,1848.867,1817.875,1817.875,498305290,6728586700.0
2023-08-14,1805.445,1820.428,1789.884,1820.414,528853940,6742784600.0
2023-08-15,1820.932,1828.183,1804.768,1822.569,536357120,5813801600.0
2023-08-16,1814.503,1848.257,1812.753,1820.57,591217230,6951518600.0
2023-08-17,1814.075,1819.648,1798.634,1819.189,491203170,6407701200.0
2023-08-18,1816.149,1816.149,1773.123,1773.123,482968580,5971622700.0
2023-08-21,1769.654,1789.01,1761.152,1761.152,357455260,5075657400.0
2023-08-22,1763.095,1770.79,1725.697,1751.806,424497870,6024966500.0
2023-08-23,1749.733,1749.733,1723.461,1723.461,340017970,4795121200.0
2023-08-24,1725.021,1747.727,1707.522,1735.726,427550500,6130876200.0
2023-08-25,1733.144,1741.969,1705.233,1711.454,451189770,6354773000.0
2023-08-28,1795.3,1797.636,1715.45,1718.074,597217960,9106776700.0
2023-08-29,1713.311,1776.093,1713.254,1774.205,489293000,7470891000.0
2023-08-30,1773.133,1788.01,1764.545,1776.313,422424240,6163925000.0
2023-08-31,1773.694,1777.288,1755.939,1772.588,374594490,5271691900.0
2023-09-01,1773.583,1776.993,1760.095,1763.203,299694540,4289702300.0
2023-09-04,1764.911,1777.364,1762.341,1777.364,344962050,4923828200.0
2023-09-05,1774.424,1779.577,1763.284,1766.664,301414070,4272945500.0
2023-09-06,1762.429,1767.894,1752.695,1764.989,344393360,5729809500.0
2023-09-07,1763.661,1764.668,1735.933,1735.933,336447370,4637911400.0
2023-09-08,1732.197,1749.577,1732.197,1743.937,283197270,3815277100.0
2023-09-11,1748.778,1791.659,1746.834,1789.693,444892100,6101709700.0
2023-09-12,1792.113,1806.907,1786.917,1798.002,660588970,7267320600.0
2023-09-13,1790.492,1791.503,1755.676,1767.638,490810020,5547449300.0
2023-09-14,1767.905,1771.295,1755.791,1764.306,459269440,5247286800.0
2023-09-15,1767.245,1803.003,1761.14,1789.553,557052430,7428485600.0
2023-09-18,1789.613,1807.829,1785.638,1803.798,477519410,6350126400.0
2023-09-19,1803.282,1812.959,1789.365,1797.561,483830700,5516548000.0
2023-09-20,1795.936,1806.613,1788.982,1789.619,479081510,5462741100.0
2023-09-21,1785.343,1791.459,1772.244,1774.22,472813130,5751609200.0
2023-09-22,1771.606,1801.418,1758.825,1800.63,571505860,6862885500.0
2023-09-25,1799.679,1818.716,1792.504,1817.44,626036400,8523588100.0
2023-09-26,1811.086,1815.525,1805.662,1805.662,560349790,7481377500.0
2023-09-27,1806.188,1848.234,1806.188,1843.224,822716280,12341679000.0
2023-09-28,1845.101,1852.421,1837.323,1843.203,776092990,11155738300.0
2023-10-09,1843.027,1848.492,1822.397,1836.658,652300720,9336029800.0
2023-10-10,1840.392,1840.392,1806.38,1807.727,753728250,10366932400.0
2023-10-11,1811.387,1857.697,1811.387,1838.739,788363400,11805048200.0
2023-10-12,1857.487,1874.648,1848.701,1863.04,796604100,11093189600.0
2023-10-13,1852.787,1870.235,1849.922,1869.244,938720540,12209617200.0
2023-10-16,1873.911,1882.617,1842.784,1849.791,764151670,10281444700.0
2023-10-17,1850.787,1851.86,1824.187,1838.852,840460960,10532919000.0
2023-10-18,1834.952,1834.952,1790.893,1794.007,748255060,9507376700.0
2023-10-19,1785.436,1788.39,1766.031,1766.437,589235520,7480460400.0
2023-10-20,1759.216,1765.576,1740.304,1742.281,581478650,7417083900.0
2023-10-23,1736.06,1736.06,1699.853,1706.756,551787740,6816034700.0
2023-10-24,1706.912,1733.188,1691.837,1730.235,552755810,7556596300.0
2023-10-25,1735.033,1741.418,1726.446,1727.956,681533110,9676368400.0
2023-10-26,1715.605,1725.675,1703.528,1724.106,594866770,7786169500.0
2023-10-27,1718.276,1784.982,1707.198,1777.759,907144240,11046433100.0
2023-10-30,1771.193,1822.379,1771.143,1818.103,782045660,11696571700.0
2023-10-31,1816.999,1839.526,1812.213,1831.31,716345660,11490105100.0
2023-11-01,1835.045,1836.533,1811.825,1825.654,1184331480,10010419100.0
2023-11-02,1824.129,1829.479,1804.203,1804.328,891749850,7378175600.0
2023-11-03,1806.65,1825.915,1806.65,1811.549,718484640,7093836200.0
2023-11-06,1820.867,1850.705,1820.867,1845.782,755269540,9160357200.0
2023-11-07,1846.314,1856.387,1835.718,1848.9,829494040,7936730700.0
2023-11-08,1847.28,1878.508,1845.428,1874.068,811108190,9522625800.0
2023-11-09,1877.512,1898.877,1856.889,1861.17,850956770,10081978200.0
2023-11-10,1853.353,1871.714,1841.494,1859.322,655279160,7088119500.0
2023-11-13,1864.569,1871.154,1849.538,1863.524,623924410,7281387700.0
2023-11-14,1867.034,1873.918,1855.959,1867.705,658555680,7118215200.0
2023-11-15,1880.688,1884.204,1869.578,1879.701,679492870,7968632200.0
2023-11-16,1874.736,1877.091,1856.934,1857.557,685358020,7115249600.0
2023-11-17,1855.034,1879.75,1853.541,1879.319,688256530,7301799100.0
2023-11-20,1882.305,1908.762,1882.288,1904.169,747185920,9071100700.0
2023-11-21,1909.541,1933.706,1909.107,1918.675,832339170,9856558500.0
2023-11-22,1917.669,1925.553,1908.711,1908.975,754036530,9029403900.0
2023-11-23,1909.918,1928.268,1909.918,1924.373,847737200,10183895500.0
2023-11-24,1923.571,1929.789,1906.578,1919.008,807981960,9314182500.0
2023-11-27,1915.089,1915.665,1896.005,1899.731,724460110,9270203900.0
2023-11-28,1894.454,1927.129,1883.07,1925.982,659419320,9106291000.0
2023-11-29,1922.006,1932.479,1907.059,1908.794,558670080,7432472500.0
2023-11-30,1906.192,1911.043,1891.711,1904.306,535804170,7080885900.0
2023-12-01,1906.011,1924.975,1905.704,1920.076,582788330,7995678000.0
2023-12-04,1919.77,1921.45,1900.016,1903.458,680077180,10794473000.0
2023-12-05,1904.414,1912.646,1876.989,1876.989,678312100,10020875400.0
2023-12-06,1875.013,1895.321,1864.047,1878.747,665294810,8813264500.0
2023-12-07,1875.764,1883.663,1867.589,1871.452,787305190,9556448400.0
2023-12-08,1867.541,1886.155,1855.571,1870.131,859041710,11666804200.0
2023-12-11,1859.378,1882.913,1840.079,1879.128,691586790,8838805600.0
2023-12-12,1878.271,1881.58,1860.721,1873.032,622123660,8627688400.0
2023-12-13,1869.677,1898.057,1869.502,1875.67,710917510,10167913600.0
2023-12-14,1880.632,1891.404,1861.008,1862.501,535292060,7976725200.0
2023-12-15,1863.424,1864.801,1829.764,1834.345,501932600,7183072800.0
2023-12-18,1830.027,1847.265,1815.531,1819.466,470146460,6505651100.0
2023-12-19,1818.112,1819.116,1799.913,1812.048,397496310,5339343600.0
2023-12-20,1814.428,1823.052,1794.3,1794.3,347158380,4745546900.0
2023-12-21,1790.766,1802.139,1766.192,1799.155,410966590,5786015800.0
2023-12-22,1799.215,1799.215,1765.47,1770.894,399371110,5661063900.0
2023-12-25,1768.765,1783.632,1767.182,1781.134,317864190,4363027100.0
2023-12-26,1784.689,1784.957,1751.333,1758.881,319490330,4318040400.0
2023-12-27,1759.138,1771.671,1749.615,1768.262,343532200,4961393800.0
2023-12-28,1766.877,1797.085,1752.409,1789.824,508145130,7162649000.0
2023-12-29,1789.291,1818.1,1788.272,1813.786,487966800,6732098100.0
2024-01-02,1813.968,1821.247,1800.113,1809.286,504497810,7297193300.0
2024-01-03,1806.031,1823.669,1793.682,1803.803,451913750,6065591000.0
2024-01-04,1801.361,1801.361,1787.834,1796.485,359308120,5559240800.0
2024-01-05,1798.258,1798.432,1756.642,1763.472,421764240,5807494100.0
2024-01-08,1762.957,1762.957,1724.798,1724.798,410627570,5617268300.0
2024-01-09,1727.859,1750.084,1716.135,1724.091,401644000,5215526500.0
2024-01-10,1724.325,1735.904,1703.624,1712.114,352989320,4861014400.0
2024-01-11,1715.715,1740.929,1713.414,1735.132,400404600,6878272400.0
2024-01-12,1733.046,1738.813,1709.226,1709.226,339254670,5268104200.0
2024-01-15,1706.167,1723.365,1697.365,1705.889,322069930,4754474400.0
2024-01-16,1708.543,1708.841,1672.347,1693.603,381809310,4790002900.0
2024-01-17,1690.181,1693.123,1650.177,1650.177,347958800,4425341100.0
2024-01-18,1642.546,1642.546,1590.676,1637.429,555956750,7169055100.0
2024-01-19,1636.747,1646.963,1623.637,1625.006,342668880,5711815200.0
2024-01-22,1623.639,1623.826,1521.916,1530.093,534700460,6958518200.0
2024-01-23,1528.915,1539.338,1505.954,1533.556,461111310,5511901600.0
2024-01-24,1542.029,1556.516,1495.526,1549.833,499748260,5784543800.0
2024-01-25,1553.463,1604.135,1544.618,1604.135,497730780,6153280300.0
2024-01-26,1601.627,1619.769,1578.581,1584.728,480539200,7334295500.0
2024-01-29,1593.925,1596.15,1545.556,1545.556,549916120,10611579400.0
2024-01-30,1534.159,1541.864,1493.141,1494.66,461519740,8450993300.0
2024-01-31,1479.245,1482.356,1414.739,1418.213,567992940,8324047600.0
2024-02-01,1409.165,1436.652,1385.813,1408.33,517561090,7332889700.0
2024-02-02,1406.544,1424.75,1299.489,1341.96,688847130,8474122700.0
2024-02-05,1328.358,1328.358,1210.181,1252.376,893796750,13789549000.0
2024-02-06,1228.367,1352.806,1209.114,1332.54,1046660720,13333525300.0
2024-02-07,1338.613,1379.101,1322.369,1350.299,1082841780,15252959000.0
2024-02-08,1347.04,1437.542,1342.441,1425.792,1095353050,14399290000.0
2024-02-19,1442.956,1457.082,1419.615,1441.116,888361470,13367154700.0
2024-02-20,1440.21,1467.164,1428.906,1464.438,676680610,10401742900.0
2024-02-21,1456.893,1513.905,1445.617,1475.072,801978210,12218366400.0
2024-02-22,1471.334,1499.056,1471.334,1499.056,634638070,8429798500.0
2024-02-23,1505.103,1521.666,1488.25,1521.299,685430010,9172486500.0
2024-02-26,1526.523,1563.759,1517.078,1541.911,678970210,9919918800.0
2024-02-27,1541.538,1573.977,1529.03,1573.977,756262230,9361994600.0
2024-02-28,1578.366,1612.553,1496.024,1496.54,1070547430,13854726000.0
2024-02-29,1482.724,1543.717,1482.724,1542.777,741570430,9990076400.0
2024-03-01,1544.966,1553.128,1529.744,1551.61,614089990,8508967000.0
2024-03-04,1555.53,1588.385,1551.095,1582.134,848126100,14549855000.0
2024-03-05,1575.227,1575.227,1544.209,1553.116,794269520,11332323000.0
2024-03-06,1546.496,1563.766,1524.942,1547.523,606291630,8348695900.0
2024-03-07,1547.53,1553.636,1519.983,1519.983,739246600,11582929800.0
2024-03-08,1517.987,1531.838,1508.282,1527.791,646083610,9782385200.0
2024-03-11,1527.533,1559.264,1522.379,1559.264,652334410,10806992500.0
2024-03-12,1570.283,1596.88,1570.283,1595.717,842509880,14026024000.0
2024-03-13,1594.447,1604.037,1579.623,1593.599,715228300,11015534900.0
2024-03-14,1614.148,1624.931,1576.824,1592.827,934227430,18610010000.0
2024-03-15,1584.883,1604.576,1580.846,1602.975,693883490,13389526700.0
2024-03-18,1610.774,1641.252,1599.303,1640.863,856713990,16661031000.0
2024-03-19,1641.974,1646.925,1627.687,1627.938,874152480,15349803000.0
2024-03-20,1625.25,1664.02,1620.363,1657.631,876476600,12767546100.0
2024-03-21,1661.266,1666.006,1641.161,1652.699,808639230,12005722500.0
2024-03-22,1650.235,1650.235,1610.941,1620.917,903092050,14085803000.0
2024-03-25,1610.83,1620.992,1579.669,1580.465,758405340,12491674100.0
2024-03-26,1575.7,1584.101,1552.135,1569.666,689130390,10864593600.0
2024-03-27,1567.94,1576.047,1537.664,1537.664,708124370,10125473800.0
2024-03-28,1533.669,1577.249,1528.115,1562.777,692406280,9702719800.0
2024-03-29,1559.815,1573.424,1552.079,1572.832,608033250,8863532100.0
2024-04-01,1574.053,1614.156,1574.053,1614.156,749980120,11291278300.0
2024-04-02,1609.608,1610.74,1589.72,1597.654,797168130,11064980500.0
2024-04-03,1592.605,1597.948,1572.406,1591.772,702440960,9909266000.0
2024-04-08,1584.96,1584.96,1537.272,1537.272,687381560,10207720500.0
2024-04-09,1536.356,1575.036,1533.955,1575.036,599744230,10432945300.0
2024-04-10,1568.869,1568.869,1526.292,1537.302,564568800,8471165700.0
2024-04-11,1528.371,1552.848,1521.999,1532.403,550372520,10017841900.0
2024-04-12,1530.216,1541.814,1507.506,1509.325,539570350,8103926400.0
2024-04-15,1503.892,1512.288,1446.982,1466.833,700595240,6655650200.0
2024-04-16,1459.486,1465.305,1384.103,1385.349,721027530,6274876200.0
2024-04-17,1395.29,1456.892,1395.29,1456.892,644987310,5920386000.0
2024-04-18,1457.577,1468.272,1435.232,1446.307,574437110,5440728000.0
2024-04-19,1439.387,1449.544,1423.493,1438.304,564303640,5694264100.0
2024-04-22,1438.419,1463.518,1419.056,1447.363,557927580,6104812100.0
2024-04-23,1438.248,1467.502,1434.133,1459.513,585671100,6007248000.0
2024-04-24,1460.836,1475.876,1451.945,1475.86,545155890,5438265900.0
2024-04-25,1475.011,1502.484,1473.372,1488.829,568845820,5474131300.0
2024-04-26,1480.547,1501.37,1480.534,1498.095,700815310,7085686300.0
2024-04-29,1493.791,1541.425,1493.791,1541.251,712115960,7137842900.0
2024-04-30,1540.274,1550.775,1528.59,1543.077,836515400,7973360700.0
2024-05-06,1559.893,1579.512,1559.893,1577.192,842822670,8913010500.0
2024-05-07,1581.445,1591.757,1572.677,1591.757,754110390,7377079500.0
2024-05-08,1610.006,1636.206,1609.702,1627.875,982639550,9952485600.0
2024-05-09,1627.879,1657.053,1619.755,1645.208,1152883310,11783569200.0
2024-05-10,1645.539,1647.19,1601.85,1606.187,1068369170,11193058400.0
2024-05-13,1592.75,1595.169,1560.357,1566.227,876618630,8630718200.0
2024-05-14,1566.415,1588.568,1566.415,1575.517,650946220,7039397400.0
2024-05-15,1575.329,1575.343,1554.101,1556.106,587136280,5584695100.0
2024-05-16,1557.38,1565.48,1546.453,1549.649,599543790,5505486500.0
2024-05-17,1550.656,1560.94,1542.321,1559.559,573391810,5490866900.0
2024-05-20,1558.547,1577.403,1556.49,1567.82,619024520,6085928700.0
2024-05-21,1565.689,1565.689,1540.254,1546.502,558769000,5335815900.0
2024-05-22,1554.232,1564.103,1545.397,1553.71,487098440,4764096000.0
2024-05-23,1549.543,1549.543,1508.363,1511.359,594631720,5383065800.0
2024-05-24,1517.384,1527.254,1505.086,1507.805,506917900,4685609500.0
2024-05-27,1513.382,1516.945,1485.537,1511.78,543487980,5273266300.0
2024-05-28,1507.532,1507.532,1488.176,1490.846,482553740,4544965900.0
2024-05-29,1486.178,1498.534,1478.492,1484.938,437684790,4318962600.0
2024-05-30,1482.543,1494.877,1470.711,1482.531,415088180,3893472700.0
2024-05-31,1483.601,1500.601,1483.601,1495.228,421908160,3918471400.0
2024-06-03,1492.514,1492.514,1450.474,1460.554,513453230,5137953100.0
2024-06-04,1453.79,1456.16,1436.646,1454.264,425651560,4652418300.0
2024-06-05,1451.31,1459.152,1435.48,1436.234,375830260,4083971800.0
2024-06-06,1436.057,1441.749,1379.829,1387.912,613714950,5616042200.0
2024-06-07,1400.111,1416.18,1390.781,1405.904,438963190,4131226500.0
2024-06-11,1401.474,1420.845,1381.038,1419.698,374582320,3977513300.0
2024-06-12,1418.288,1440.761,1417.526,1432.401,443404170,4187870000.0
2024-06-13,1430.489,1430.918,1411.493,1417.256,424523080,4407344600.0
2024-06-14,1410.591,1411.059,1391.415,1407.369,577459070,4826208000.0
2024-06-17,1397.711,1401.389,1392.168,1394.808,403335000,3719508700.0
2024-06-18,1393.311,1404.59,1387.13,1399.015,429468760,3585018900.0
2024-06-19,1399.592,1404.619,1385.809,1386.912,431717060,3707794800.0
2024-06-20,1383.014,1398.698,1357.049,1357.136,480065110,4439127600.0
2024-06-21,1352.642,1372.947,1340.605,1356.703,348040020,3396088000.0
2024-06-24,1346.482,1346.482,1299.713,1301.228,461078530,4078453800.0
2024-06-25,1301.736,1311.379,1286.6,1294.873,322725500,3029543600.0
2024-06-26,1291.904,1342.453,1287.001,1342.453,375769580,3617010500.0
2024-06-27,1337.692,1338.819,1310.316,1311.408,413986500,3210353900.0
2024-06-28,1309.857,1328.447,1300.604,1303.922,382463530,3312972000.0
2024-07-01,1301.501,1315.836,1284.54,1311.977,337764260,3348568600.0
2024-07-02,1310.88,1321.987,1306.772,1311.913,356613270,3228078900.0
2024-07-03,1312.846,1320.006,1304.283,1304.859,307619460,2956601800.0
2024-07-04,1308.563,1311.712,1264.709,1268.321,489446800,3841730800.0
2024-07-05,1269.111,1310.401,1259.351,1306.992,467692650,4201270700.0
2024-07-08,1303.872,1304.498,1266.065,1271.503,429256760,3841404000.0
2024-07-09,1269.98,1283.537,1244.708,1279.234,471528050,4144771000.0
2024-07-10,1275.357,1293.869,1271.031,1279.961,454207240,4283033700.0
2024-07-11,1299.39,1324.707,1296.503,1319.055,547788170,5321722000.0
2024-07-12,1320.136,1331.058,1312.882,1316.318,390583950,3669216100.0
2024-07-15,1313.339,1314.449,1285.76,1288.283,338659430,3031639100.0
2024-07-16,1286.866,1291.386,1275.369,1284.048,315709350,2775706100.0
2024-07-17,1284.971,1296.876,1275.005,1286.284,341350770,3300230900.0
2024-07-18,1282.013,1301.615,1266.296,1301.078,386276770,3700270200.0
2024-07-19,1297.267,1314.789,1291.37,1306.837,350012240,3482797300.0
2024-07-22,1305.538,1322.699,1298.496,1314.105,326573040,3447296700.0
2024-07-23,1309.629,1310.218,1279.856,1280.09,331183530,3326512800.0
2024-07-24,1277.157,1280.511,1250.19,1250.576,337421190,3243309900.0
2024-07-25,1246.786,1273.922,1242.789,1257.404,275397350,2735530700.0
2024-07-26,1261.808,1274.926,1259.918,1271.514,405603100,2700675500.0
2024-07-29,1276.041,1276.208,1258.202,1265.643,293854740,2625917000.0
2024-07-30,1265.4,1279.49,1260.054,1276.728,280160260,2950657500.0
2024-07-31,1277.713,1335.237,1270.997,1334.986,535913350,5006573700.0
2024-08-01,1338.077,1354.65,1331.834,1340.418,419996230,4289658400.0
2024-08-02,1337.035,1371.693,1335.804,1345.858,508974330,4900146400.0
2024-08-05,1340.702,1366.327,1322.328,1322.413,504799120,4892842000.0
2024-08-06,1333.478,1360.143,1328.917,1360.141,510222340,5080256500.0
2024-08-07,1359.011,1361.469,1342.384,1353.726,361063260,3777083700.0
2024-08-08,1353.587,1380.192,1352.585,1368.786,512782420,4450426200.0
2024-08-09,1370.916,1374.837,1341.078,1341.078,556328770,4097770900.0
2024-08-12,1358.166,1389.385,1351.576,1375.424,597632860,5961024900.0
2024-08-13,1375.103,1375.103,1346.677,1363.886,693513170,6192788900.0
2024-08-14,1354.899,1371.937,1351.403,1361.607,621828400,5389486000.0
2024-08-15,1375.212,1392.181,1361.632,1379.068,736067360,6730802800.0
2024-08-16,1375.837,1413.789,1362.846,1411.75,930627390,8036470700.0
2024-08-19,1406.129,1414.815,1388.305,1388.701,864230910,7368314100.0
2024-08-20,1382.832,1385.61,1355.945,1359.799,747316370,6301209400.0
2024-08-21,1349.767,1356.567,1337.613,1338.548,570743630,4774386200.0
2024-08-22,1344.725,1347.845,1311.576,1313.004,596173680,4939983100.0
2024-08-23,1313.689,1315.894,1297.889,1302.957,580230810,4639265600.0
2024-08-26,1305.338,1312.635,1292.513,1306.965,598479330,4934156800.0
2024-08-27,1304.627,1327.045,1303.625,1309.034,637013130,5289418200.0
2024-08-28,1301.606,1322.355,1292.103,1308.489,592243190,4523786600.0
2024-08-29,1303.325,1333.988,1296.593,1331.755,634623780,5330425000.0
2024-08-30,1328.013,1365.391,1322.281,1348.437,744150930,6967211700.0
2024-09-02,1352.753,1363.941,1322.862,1323.202,707764290,6514354500.0
2024-09-03,1320.07,1335.008,1312.932,1323.847,552641000,4979657900.0
2024-09-04,1317.764,1333.353,1314.806,1316.471,605975490,4703517600.0
2024-09-05,1316.39,1336.277,1316.342,1330.354,444557190,4086884300.0
2024-09-06,1331.865,1335.671,1300.902,1302.224,431746320,3974910800.0
2024-09-09,1307.24,1340.752,1306.836,1324.126,754908600,6209115900.0
2024-09-10,1327.777,1332.521,1294.142,1315.408,681498550,5745937200.0
2024-09-11,1309.461,1324.665,1305.459,1318.108,540771070,5087377500.0
2024-09-12,1317.132,1335.908,1311.183,1311.395,565328190,4869179800.0
2024-09-13,1311.755,1314.242,1292.568,1293.061,520853350,4470860400.0
2024-09-18,1292.228,1294.951,1258.384,1271.892,429655950,4109422300.0
2024-09-19,1276.681,1309.529,1269.619,1299.573,541175490,5031340200.0
2024-09-20,1299.966,1300.216,1274.377,1284.438,474554830,4428022800.0
2024-09-23,1285.763,1296.662,1279.02,1280.841,408249910,4131531300.0
2024-09-24,1283.007,1324.999,1278.775,1324.999,741497030,6762205400.0
2024-09-25,1335.065,1368.486,1335.065,1345.731,885671820,7802039200.0
2024-09-26,1341.663,1396.88,1339.485,1396.88,879322950,7902105100.0
2024-09-27,1418.823,1490.047,1416.439,1473.495,1190221560,11188107100.0
2024-09-30,1532.882,1668.211,1516.942,1655.394,1923955200,19592075000.0
2024-10-08,1903.843,1903.843,1699.477,1809.492,2301727000,27807961000.0
2024-10-09,1751.117,1752.905,1616.978,1616.978,1607714400,18739400000.0
2024-10-10,1636.324,1687.206,1607.071,1621.88,1062687250,12668487900.0
2024-10-11,1618.675,1618.713,1524.758,1543.013,843624410,9421467600.0
2024-10-14,1550.451,1578.886,1515.125,1577.968,767091080,8788534800.0
2024-10-15,1573.545,1599.709,1553.181,1558.573,902205350,9449397500.0
2024-10-16,1543.696,1584.237,1541.501,1564.82,852279310,8795135700.0
2024-10-17,1572.721,1585.291,1553.58,1553.967,839080810,8971071000.0
2024-10-18,1552.305,1646.447,1551.801,1611.655,1208814890,13130508100.0
2024-10-21,1622.596,1660.565,1610.201,1644.358,1151186950,12689166000.0
2024-10-22,1646.953,1678.93,1633.786,1675.118,1123171490,11774341700.0
2024-10-23,1675.328,1692.311,1662.623,1673.398,1127659140,11442063800.0
2024-10-24,1676.881,1704.189,1676.551,1687.517,1114446240,10980838200.0
2024-10-25,1695.33,1740.791,1693.694,1732.737,1171422070,12095154600.0
2024-10-28,1726.737,1764.789,1718.613,1764.742,1372085400,13925019000.0
2024-10-29,1781.389,1790.327,1721.6,1722.337,1639233300,16089629000.0
2024-10-30,1709.46,1726.337,1684.874,1705.189,1182241190,11589941700.0
2024-10-31,1700.965,1730.563,1692.446,1721.741,1319807520,12852492200.0
2024-11-01,1714.106,1728.37,1663.831,1665.758,1304843120,13066427500.0
2024-11-04,1661.115,1690.681,1658.484,1690.681,917250490,9092746800.0
2024-11-05,1689.565,1741.284,1684.582,1741.284,1171817480,12714299500.0
2024-11-06,1743.317,1764.734,1727.47,1746.589,1175996550,12696580600.0
2024-11-07,1742.94,1803.158,1737.003,1803.158,1367494900,13605222000.0
2024-11-08,1828.461,1836.655,1800.719,1809.508,1661791200,16155790000.0
2024-11-11,1806.158,1855.945,1802.281,1855.869,1542037500,17067247000.0
2024-11-12,1862.156,1900.215,1835.144,1853.103,1722764700,19798010000.0
2024-11-13,1845.869,1873.464,1810.167,1842.72,1185529700,13056145300.0
2024-11-14,1844.29,1845.865,1781.695,1784.844,1053832490,11871186400.0
2024-11-15,1777.705,1796.354,1741.703,1742.424,1009724990,11159124700.0
2024-11-18,1748.422,1757.506,1698.383,1708.397,1091525070,11258231600.0
2024-11-19,1714.31,1750.556,1697.546,1750.4,984733730,10032654400.0
2024-11-20,1747.108,1805.155,1743.088,1801.877,1188166780,13031746500.0
2024-11-21,1795.016,1814.754,1784.848,1804.668,1108810270,12468871400.0
2024-11-22,1798.79,1800.582,1722.67,1724.595,1125453630,12724109500.0
2024-11-25,1739.857,1756.535,1723.713,1755.744,969035900,10799046400.0
2024-11-26,1753.47,1781.497,1737.033,1739.307,1017629390,10087176700.0
2024-11-27,1730.447,1763.276,1696.371,1763.276,964124220,10278237600.0
2024-11-28,1762.649,1781.594,1758.303,1761.504,1148566770,11683316800.0
2024-11-29,1753.309,1792.971,1738.863,1781.018,1142119850,12619842500.0
2024-12-02,1781.072,1827.535,1779.708,1824.887,1242449310,13855444000.0
2024-12-03,1824.087,1824.087,1797.353,1816.619,985001820,11027167900.0
2024-12-04,1809.793,1810.814,1775.068,1783.524,983812910,11005048400.0
2024-12-05,1779.339,1805.533,1777.194,1799.003,825111500,9650911100.0
2024-12-06,1799.623,1837.966,1788.72,1834.59,1195220160,11623799600.0
2024-12-09,1850.333,1859.897,1820.745,1834.643,1416288900,14888787000.0
2024-12-10,1883.272,1887.476,1843.699,1847.365,1703665400,19271278000.0
2024-12-11,1841.941,1864.699,1841.941,1863.96,1414880000,14128425000.0
2024-12-12,1860.723,1871.775,1849.916,1871.26,1314249480,13606735000.0
2024-12-13,1862.004,1862.004,1818.874,1820.264,1221732400,13497674000.0
2024-12-16,1820.792,1829.041,1802.895,1811.521,1143327850,11413838000.0
2024-12-17,1808.929,1808.929,1752.962,1757.141,1115214300,10467825200.0
2024-12-18,1762.834,1774.792,1740.275,1764.748,751798330,8090640000.0
2024-12-19,1749.27,1767.372,1733.575,1763.976,874372770,9488107900.0
2024-12-20,1760.603,1786.083,1759.624,1778.511,781675180,9719040900.0
2024-12-23,1777.821,1777.821,1704.243,1705.952,998353650,10290749400.0
2024-12-24,1708.451,1721.737,1690.845,1717.751,773010640,7890472800.0
2024-12-25,1728.66,1730.772,1676.935,1692.844,799059390,7895530600.0
2024-12-26,1692.437,1713.058,1690.306,1707.866,728497950,7521182500.0
2024-12-27,1708.107,1736.558,1699.951,1721.048,939309010,9481118900.0
2024-12-30,1716.738,1716.738,1688.835,1701.993,806153860,8656558300.0
2024-12-31,1704.269,1710.518,1659.151,1659.151,827415390,8738441300.0
2025-01-02,1656.01,1668.907,1605.543,1618.065,877799080,9024392500.0
2025-01-03,1624.824,1631.588,1576.114,1578.85,993837500,10149225100.0
2025-01-06,1578.514,1610.462,1560.698,1590.159,1139945110,10276386200.0
2025-01-07,1586.226,1595.43,1561.164,1595.379,1045168260,9070643600.0
2025-01-08,1591.245,1602.731,1553.35,1591.391,959089050,9362305200.0
2025-01-09,1583.403,1617.568,1576.16,1600.163,878839420,8825421900.0
2025-01-10,1595.319,1606.034,1548.863,1548.863,1045469950,8364580900.0
2025-01-13,1532.296,1561.395,1517.162,1558.397,784075660,6978460400.0
2025-01-14,1561.512,1618.485,1561.512,1618.485,949028560,9392231100.0
2025-01-15,1616.057,1616.057,1593.686,1600.313,710698860,6799233300.0
2025-01-16,1607.498,1633.853,1598.331,1610.486,828261740,7725347000.0
2025-01-17,1603.313,1623.59,1592.428,1613.771,820620210,8188961200.0
2025-01-20,1623.234,1635.817,1616.059,1628.584,823437210,7779319700.0
2025-01-21,1633.036,1634.964,1603.234,1615.459,642753430,6253529200.0
2025-01-22,1608.807,1608.807,1588.671,1597.005,596541240,5905988400.0
2025-01-23,1611.408,1628.585,1591.54,1591.54,756805410,7497356600.0
2025-01-24,1591.471,1611.675,1586.112,1607.974,706646200,6964490300.0
2025-01-27,1615.381,1625.989,1596.445,1596.447,718665140,7080562200.0
2025-02-05,1612.213,1630.55,1610.955,1628.809,737756550,7732051000.0
2025-02-06,1624.133,1664.62,1614.253,1664.522,887209080,10027201700.0
2025-02-07,1662.727,1719.922,1662.727,1703.86,1310128590,14749531000.0
2025-02-10,1710.859,1757.608,1708.494,1757.281,1551296000,16319514000.0
2025-02-11,1761.006,1761.006,1726.873,1738.834,1354793600,14554146000.0
2025-02-12,1732.505,1751.562,1725.455,1743.966,1340561140,14015896000.0
2025-02-13,1746.796,1749.394,1727.093,1728.385,1383116900,14202101000.0
2025-02-14,1731.794,1796.377,1731.794,1787.472,1419861200,18188568000.0
2025-02-17,1819.978,1861.436,1814.853,1827.684,1652737600,24596485000.0
2025-02-18,1822.653,1822.653,1753.835,1760.469,2229251300,23216817000.0
2025-02-19,1758.019,1803.572,1747.082,1803.497,1821342300,21147801000.0
2025-02-20,1804.062,1846.678,1804.062,1830.491,2174374900,24653403000.0
2025-02-21,1826.293,1841.332,1804.938,1835.973,1880806600,21073673000.0
2025-02-24,1837.24,1840.866,1811.333,1827.882,1693211800,19503550000.0
2025-02-25,1805.838,1835.527,1799.905,1822.511,1601003100,19528721000.0
2025-02-26,1823.064,1835.155,1816.682,1833.532,1378243700,16775676000.0
2025-02-27,1835.422,1841.941,1805.086,1831.874,1225521130,14502324000.0
2025-02-28,1827.633,1835.163,1765.238,1769.168,1356464900,17043755000.0
2025-03-03,1773.935,1811.332,1769.393,1790.479,1278404310,15885789000.0
2025-03-04,1777.245,1841.457,1776.635,1841.216,1318233970,17356923000.0
2025-03-05,1836.139,1836.161,1803.446,1824.604,1120478470,15043033000.0
2025-03-06,1830.162,1870.55,1828.329,1867.249,1500439800,19838873000.0
2025-03-07,1862.211,1881.809,1841.117,1849.384,1268728170,18008904000.0
2025-03-10,1882.186,1889.041,1850.443,1865.954,1456182300,19651302000.0
2025-03-11,1839.353,1859.761,1836.118,1859.761,1052335720,13634720000.0
2025-03-12,1864.153,1869.031,1848.571,1850.257,1068572120,13638161000.0
2025-03-13,1847.593,1850.856,1811.955,1832.017,1051082810,11475656800.0
2025-03-14,1836.518,1885.83,1827.739,1885.83,1179894670,14241215000.0
2025-03-17,1894.11,1895.499,1877.495,1890.589,1067071830,13440310000.0
2025-03-18,1893.291,1906.368,1885.752,1900.513,1473642600,13981118000.0
2025-03-19,1892.85,1904.832,1881.502,1886.94,1354689200,13626177000.0
2025-03-20,1884.885,1890.662,1871.448,1873.71,1312792670,13064265200.0
2025-03-21,1872.192,1875.374,1831.081,1837.744,1648124800,15515652000.0
2025-03-24,1835.163,1838.665,1781.951,1811.017,1445934200,14310922000.0
2025-03-25,1806.834,1822.789,1790.393,1807.594,1130853050,12112107900.0
2025-03-26,1802.346,1820.361,1801.487,1810.518,845529130,8509026600.0
2025-03-27,1804.115,1826.873,1779.257,1818.124,973560400,10910741300.0
2025-03-28,1812.236,1834.611,1799.574,1799.84,889515420,10566051400.0
2025-03-31,1783.668,1784.12,1740.555,1762.82,943899850,9742142700.0
2025-04-01,1770.455,1839.518,1770.455,1813.137,1220728890,13450762000.0
2025-04-02,1807.682,1820.636,1800.601,1806.259,910044230,8686878300.0
2025-04-03,1790.157,1828.93,1788.861,1800.627,907091300,9382646100.0
2025-04-07,1700.473,1718.806,1540.812,1564.99,1512609000,16120907000.0
2025-04-08,1571.569,1629.55,1565.779,1599.102,1509044600,15282455000.0
2025-04-09,1575.162,1644.88,1502.329,1634.794,1491167600,14786779000.0
2025-04-10,1656.903,1696.754,1656.903,1673.656,1242652670,12995651100.0
2025-04-11,1663.054,1698.822,1661.304,1682.024,924783860,10328710400.0
2025-04-14,1701.318,1728.326,1700.152,1710.008,974979830,10523194700.0
2025-04-15,1711.727,1716.31,1693.072,1706.952,769077600,8793082700.0
2025-04-16,1699.43,1699.43,1646.601,1671.781,808922010,8449740100.0
2025-04-17,1663.814,1698.791,1662.835,1683.402,656669600,7282252400.0
2025-04-18,1682.415,1699.476,1662.478,1672.846,724277290,7091300100.0
2025-04-21,1667.48,1697.618,1659.493,1697.618,700796150,7025123700.0
2025-04-22,1695.403,1712.783,1688.104,1704.45,802158760,8571646100.0
2025-04-23,1711.076,1719.116,1702.671,1707.398,883794630,8490110000.0
2025-04-24,1707.755,1715.433,1678.754,1687.624,733977090,7452834700.0
2025-04-25,1698.881,1706.023,1679.148,1685.937,869429820,9592809500.0
2025-04-28,1673.814,1673.814,1645.74,1658.346,728523460,7439835500.0
2025-04-29,1654.079,1681.688,1652.467,1678.194,770604770,7421405400.0
2025-04-30,1681.065,1702.505,1681.065,1692.36,818085670,7995793600.0
2025-05-06,1703.851,1736.783,1703.851,1736.753,942851170,9556973500.0
2025-05-07,1752.325,1758.896,1730.208,1743.948,928841010,10139893200.0
2025-05-08,1736.51,1761.15,1735.226,1755.973,852049070,8271873000.0
2025-05-09,1755.102,1755.902,1728.846,1736.209,697360410,7363404200.0
2025-05-12,1745.328,1750.121,1733.537,1750.121,738200220,8007215500.0
2025-05-13,1762.979,1779.189,1756.151,1771.691,969215530,11293797300.0
2025-05-14,1768.582,1779.605,1756.023,1770.277,940102120,10415126000.0
2025-05-15,1767.2,1772.772,1752.819,1762.674,940509560,9705019900.0
2025-05-16,1759.024,1774.719,1755.652,1771.267,882362260,9423915800.0
2025-05-19,1772.046,1772.115,1746.838,1768.236,781529460,8364071300.0
2025-05-20,1769.037,1797.786,1769.037,1794.595,933838440,9870959300.0
2025-05-21,1790.696,1796.172,1780.043,1780.367,839439400,8361572200.0
2025-05-22,1775.406,1780.939,1749.273,1750.561,803939440,8558928600.0
2025-05-23,1751.645,1789.545,1751.645,1757.563,1311738060,12191667500.0
2025-05-26,1758.565,1759.12,1739.065,1755.873,953803670,9431075500.0
2025-05-27,1755.234,1774.641,1748.691,1770.872,866470690,9239264100.0
2025-05-28,1769.947,1771.726,1747.221,1751.122,1040248010,8715604100.0
2025-05-29,1748.406,1791.392,1748.184,1790.947,1362910800,11524183300.0
2025-05-30,1785.974,1799.559,1779.167,1782.254,1254546870,12170829100.0
2025-06-03,1770.646,1824.952,1770.646,1823.207,1311724360,14825246000.0
2025-06-04,1824.941,1835.028,1820.001,1834.902,1212601230,13238579600.0
2025-06-05,1834.472,1836.926,1814.822,1828.319,1111876660,12387102900.0
2025-06-06,1827.39,1834.186,1816.445,1824.076,821429580,9311541600.0
2025-06-09,1826.216,1870.133,1826.216,1865.763,1340003480,15533502000.0
2025-06-10,1867.43,1876.27,1836.436,1859.721,1659703200,16907074000.0
2025-06-11,1866.735,1880.132,1861.623,1864.19,1268420870,14036139000.0
2025-06-12,1861.04,1869.978,1854.076,1868.114,1217295960,12988044900.0
2025-06-13,1860.109,1874.895,1821.442,1822.882,1465741100,15931939000.0
2025-06-16,1822.184,1840.57,1818.121,1830.492,1036113130,11744939900.0
2025-06-17,1841.269,1872.879,1833.259,1841.142,1127957510,13435723000.0
2025-06-18,1830.987,1832.649,1804.267,1810.495,950220660,10936651500.0
2025-06-19,1805.478,1811.269,1767.192,1770.391,918492550,10226425500.0
2025-06-20,1770.729,1781.376,1764.276,1767.241,771127420,8491649700.0
2025-06-23,1759.988,1804.776,1756.797,1802.295,819011040,9985712600.0
2025-06-24,1803.952,1833.819,1803.952,1833.699,922994450,12001634100.0
2025-06-25,1838.563,1842.856,1819.78,1841.782,976308490,12476236300.0
2025-06-26,1840.337,1843.391,1827.741,1829.699,1123166680,11469979100.0
2025-06-27,1830.224,1852.054,1829.285,1842.458,1116841150,11716274600.0
2025-06-30,1850.309,1866.388,1842.585,1865.867,981366000,12127723200.0
2025-07-01,1866.411,1883.721,1862.562,1883.721,1081166520,13090590700.0
2025-07-02,1883.133,1886.394,1860.164,1869.853,953993240,11045171000.0
2025-07-03,1872.531,1891.471,1869.997,1889.33,1329824970,13236752300.0
2025-07-04,1891.632,1905.321,1887.939,1888.971,1199061750,14426391000.0
2025-07-07,1888.172,1907.402,1881.39,1888.329,1055435900,14124595000.0
2025-07-08,1888.843,1918.058,1887.844,1913.777,1330202890,16754828000.0
2025-07-09,1912.698,1927.009,1907.462,1911.709,1220462120,15923688000.0
2025-07-10,1912.228,1936.206,1901.338,1923.466,1501626800,16811917000.0
2025-07-11,1925.436,1937.917,1917.997,1934.323,1502040500,17070791000.0
2025-07-14,1936.159,1945.859,1932.289,1944.025,1385976900,15051315000.0
2025-07-15,1937.575,1938.64,1905.403,1932.264,1744334300,18047471000.0
2025-07-16,1929.183,1952.909,1928.498,1951.193,1378109200,16625580000.0
2025-07-17,1948.518,1975.905,1946.895,1975.786,1406642400,17518622000.0
2025-07-18,1977.956,1978.051,1957.178,1978.051,1269569890,15871851000.0
2025-07-21,1977.719,1995.537,1972.789,1995.358,1327657130,17593596000.0
2025-07-22,1992.288,2002.65,1982.569,1990.847,1417339400,19827689000.0
2025-07-23,1989.236,2013.64,1982.761,1999.644,1449781500,20556181000.0
2025-07-24,2009.229,2049.707,2009.229,2048.53,1774996400,23234159000.0
2025-07-25,2049.221,2072.551,2041.439,2051.09,1939011000,23408280000.0
2025-07-28,2059.394,2077.885,2057.766,2068.944,1667303100,21645658000.0
2025-07-29,2071.745,2085.601,2047.799,2085.601,1841226900,24748355000.0
2025-07-30,2074.416,2100.68,2053.269,2078.207,1870295500,24502176000.0
2025-07-31,2075.064,2112.704,2075.064,2085.402,2368854600,30267245000.0
2025-08-01,2083.512,2125.595,2080.12,2098.751,2240057500,27169643000.0
2025-08-04,2085.058,2116.324,2055.015,2116.157,1845629300,23958436000.0
2025-08-05,2117.414,2133.896,2103.418,2120.149,1529047200,21969452000.0
2025-08-06,2118.042,2125.788,2098.268,2104.089,1487411600,20255981000.0
2025-08-07,2101.615,2140.004,2098.889,2105.875,1658927600,22944730000.0
2025-08-08,2102.751,2118.204,2082.491,2099.081,1423961200,19523417000.0
2025-08-11,2100.372,2134.637,2100.372,2134.221,1466049800,21623192000.0
2025-08-12,2134.838,2144.559,2113.52,2125.44,1286653260,18599047000.0
2025-08-13,2125.882,2134.595,2104.191,2132.338,1397874300,20693264000.0
2025-08-14,2134.153,2135.434,2092.61,2092.61,1571639500,21809293000.0
2025-08-15,2092.362,2130.315,2092.362,2130.315,1435442800,19738437000.0
2025-08-18,2135.817,2167.768,2135.817,2165.516,1750292100,25428453000.0
2025-08-19,2166.446,2206.247,2164.175,2176.963,1861307600,27032081000.0
2025-08-20,2168.837,2174.232,2139.107,2174.232,1753459600,25822682000.0
2025-08-21,2173.531,2183.725,2156.14,2166.543,1495689400,22978848000.0
2025-08-22,2169.556,2190.959,2158.872,2190.959,1507119000,23308215000.0
2025-08-25,2194.011,2227.362,2194.011,2226.981,1928900200,30658496000.0
2025-08-26,2222.451,2245.943,2217.431,2225.48,1716054800,26347406000.0
2025-08-27,2225.534,2239.998,2150.274,2150.274,2100060500,30341638000.0
2025-08-28,2148.673,2170.75,2082.642,2148.851,1818283400,26862495000.0
2025-08-29,2144.881,2153.999,2131.781,2142.053,1257756100,20226370000.0
2025-09-01,2139.642,2162.761,2137.58,2158.117,1437222700,22045976000.0
2025-09-02,2158.308,2159.358,2102.301,2116.517,1594480300,24596793000.0
2025-09-03,2120.95,2132.852,2081.902,2087.73,1277761720,19716221000.0
2025-09-04,2091.436,2108.924,2040.606,2067.395,1322189180,19638429000.0
2025-09-05,2071.913,2102.239,2052.618,2102.239,1159321080,16831211000.0
2025-09-08,2103.192,2139.891,2103.192,2136.977,1263471040,20183749000.0
2025-09-09,2131.144,2135.169,2089.711,2099.263,1101910870,17236281000.0
2025-09-10,2099.519,2124.012,2091.68,2102.703,922197890,14946786000.0
2025-09-11,2095.979,2124.865,2066.125,2124.865,1162115990,18848509000.0
2025-09-12,2129.863,2153.903,2116.077,2137.777,1292910590,22061655000.0
2025-09-15,2137.987,2140.204,2123.198,2133.282,1132542310,18619585000.0
2025-09-16,2136.382,2138.085,2113.768,2137.061,1182324080,18423066000.0
2025-09-17,2144.26,2144.26,2125.941,2131.142,1097392360,17501528000.0
2025-09-18,2136.057,2151.092,2086.78,2104.308,1465358900,23079970000.0
2025-09-19,2101.596,2111.017,2078.649,2090.484,1067889270,17890567000.0
2025-09-22,2091.43,2099.284,2066.659,2083.37,828566910,14259047000.0
2025-09-23,2081.969,2082.233,2012.168,2050.576,1073629870,17611110000.0
2025-09-24,2042.896,2085.232,2039.681,2085.232,785212610,15938570000.0
2025-09-25,2084.123,2101.739,2073.547,2076.267,852066940,17346853000.0
2025-09-26,2068.223,2068.688,2047.948,2049.22,805504490,14972628000.0
2025-09-29,2049.343,2061.012,2024.26,2058.473,767495430,13298748900.0
2025-09-30,2061.194,2084.107,2059.251,2079.773,881410900,14855074000.0
2025-10-09,2082.676,2091.721,2069.538,2090.226,1227270510,17935012000.0
2025-10-10,2085.946,2096.197,2078.748,2086.605,996252320,15551150000.0
2025-10-13,2028.466,2082.843,2026.64,2081.802,1129885670,17813305000.0
2025-10-14,2087.794,2100.728,2053.122,2058.975,967515340,16592103000.0
2025-10-15,2061.915,2096.756,2049.7,2095.386,1042173530,17172822000.0
2025-10-16,2091.441,2104.559,2071.759,2078.157,1119624050,17077532000.0
2025-10-17,2082.033,2089.081,2042.24,2043.295,945670830,14439437000.0
2025-10-20,2058.069,2065.19,2048.066,2060.486,767645480,11694912000.0
2025-10-21,2060.576,2090.3,2060.576,2090.3,814411350,12091955900.0
2025-10-22,2087.266,2097.935,2084.397,2091.654,826679320,11794249200.0
2025-10-23,2087.822,2089.014,2061.954,2088.032,819482950,11295734800.0
2025-10-24,2091.878,2103.89,2087.588,2093.333,858105800,12227757000.0
2025-10-27,2102.893,2109.343,2095.529,2106.217,782487350,13104967200.0
2025-10-28,2106.06,2122.015,2098.041,2106.278,785170130,11722740000.0
2025-10-29,2107.252,2108.07,2086.621,2107.874,913385240,13553985000.0
2025-10-30,2104.505,2109.243,2087.242,2087.242,1200660620,14732999000.0
2025-10-31,2088.388,2136.597,2088.025,2132.616,1273989670,17791855000.0
2025-11-03,2148.73,2155.89,2130.61,2155.582,1307174960,19396414000.0
2025-11-04,2152.367,2152.367,2112.891,2125.773,930338050,13631485000.0
2025-11-05,2109.841,2136.711,2108.084,2128.283,846031510,11663000200.0
2025-11-06,2127.604,2127.604,2113.236,2122.617,851639260,11634417500.0
2025-11-07,2116.584,2124.66,2110.4,2114.624,829126600,11943424200.0
2025-11-10,2118.531,2142.274,2118.531,2142.179,1036214280,14114804000.0
2025-11-11,2141.889,2145.179,2130.324,2142.253,853935250,12552223800.0
2025-11-12,2144.429,2173.072,2140.523,2169.647,1161659180,16136422000.0
2025-11-13,2175.118,2189.721,2159.533,2188.316,1377853200,17621449000.0
2025-11-14,2174.848,2210.764,2174.84,2188.804,1399919500,17108769000.0
2025-11-17,2189.995,2189.995,2154.52,2160.304,1491684300,16079635000.0
2025-11-18,2155.051,2161.892,2127.87,2137.828,1345385900,15816822000.0
2025-11-19,2138.052,2141.223,2102.51,2111.384,1159793230,14830089000.0
2025-11-20,2118.848,2124.242,2084.772,2087.261,1294915590,14315075000.0
2025-11-21,2071.352,2088.342,2015.482,2015.482,1390983300,16432637000.0
2025-11-24,2025.215,2063.08,2025.215,2056.472,1155731010,14448058000.0
2025-11-25,2062.728,2095.61,2058.789,2081.713,1165740580,16583122000.0
2025-11-26,2079.888,2118.59,2075.814,2078.044,1264210080,18015118000.0
2025-11-27,2078.551,2085.304,2068.266,2072.61,896135800,14276016000.0
2025-11-28,2072.494,2080.572,2056.532,2080.367,729268230,11316862900.0
2025-12-01,2082.22,2085.864,2077.099,2081.284,816248820,14246810000.0
2025-12-02,2078.478,2078.478,2056.896,2061.67,767650770,12012507100.0
2025-12-03,2063.48,2068.844,2038.024,2044.852,902722950,12871675900.0
2025-12-04,2042.125,2044.582,2012.768,2027.34,848030200,11283906400.0
2025-12-05,2023.667,2044.593,2004.523,2044.541,772366070,13167731600.0
2025-12-08,2048.846,2057.997,2046.716,2050.5,833696170,15826776000.0
2025-12-09,2049.985,2057.537,2032.491,2033.386,851256660,15701967000.0
2025-12-10,2030.563,2037.4,2016.751,2033.33,930737770,16120555000.0
2025-12-11,2034.035,2034.263,1999.938,2000.494,1102690580,15599183000.0
2025-12-12,1998.256,2008.669,1986.463,2001.6,959198550,17852261000.0
2025-12-15,1992.837,2007.736,1991.054,1994.88,748048250,15526389000.0
2025-12-16,1992.572,1992.84,1966.39,1972.496,795452660,14618341000.0
2025-12-17,1971.987,1994.596,1961.508,1993.806,1078286020,18264670000.0
2025-12-18,1988.744,2025.949,1988.744,2011.176,1328335000,17878072000.0
2025-12-19,2016.315,2034.236,2007.753,2029.573,1688345500,18825526000.0
2025-12-22,2027.666,2031.722,2019.656,2023.154,1261411340,17353281000.0
2025-12-23,2020.978,2021.847,2002.983,2007.084,1105491610,15878453000.0
2025-12-24,2005.611,2024.977,2000.371,2023.721,997198010,14223328000.0
2025-12-25,2025.715,2044.614,2021.545,2041.378,952724260,14655488000.0
2025-12-26,2043.147,2043.147,2018.328,2026.418,932322500,15223647000.0
2025-12-29,2027.153,2027.153,2009.928,2013.193,977845440,14254451000.0
2025-12-30,2007.223,2018.857,2004.478,2006.815,886820830,14343699000.0
2025-12-31,2011.236,2014.302,2002.705,2008.785,942783880,13864840000.0
2026-01-05,2013.82,2084.439,2013.82,2084.439,1554678200,23999508000.0
2026-01-06,2089.596,2105.316,2082.882,2101.79,1484590200,23788173000.0
2026-01-07,2104.714,2114.667,2097.269,2101.176,1307576660,25449702000.0
2026-01-08,2100.171,2139.545,2100.171,2135.563,1359862900,22337358000.0
2026-01-09,2135.801,2180.753,2135.801,2180.753,1580338500,28699360000.0
2026-01-12,2200.647,2234.819,2197.318,2234.573,1534788100,29111087000.0
2026-01-13,2261.67,2308.501,2240.701,2261.18,2159818500,41716784000.0
2026-01-14,2257.967,2313.897,2239.349,2268.989,2497787000,45773561000.0
2026-01-15,2255.751,2264.835,2223.486,2235.512,2603188000,36697639000.0
2026-01-16,2239.151,2243.226,2193.92,2203.819,2026420400,31360187000.0
2026-01-19,2203.757,2216.854,2200.515,2208.645,1528056500,23894007000.0
2026-01-20,2214.159,2217.052,2191.258,2202.997,1673722000,26489137000.0
2026-01-21,2196.373,2241.027,2195.321,2228.767,1679466900,27112052000.0
2026-01-22,2228.369,2234.358,2222.125,2229.059,1455451900,20820554000.0
2026-01-23,2238.397,2277.326,2231.677,2277.326,1823859400,27591663000.0
2026-01-26,2297.53,2321.14,2272.608,2313.109,2360661200,35442052000.0
2026-01-27,2304.675,2304.971,2232.853,2287.319,2258923000,32577525000.0
2026-01-28,2276.223,2280.071,2244.772,2246.85,1852486800,28392728000.0
2026-01-29,2234.55,2259.035,2209.607,2222.864,1816706300,27203591000.0
2026-01-30,2214.296,2232.383,2179.476,2202.846,1678555100,24384975000.0
2026-02-02,2179.177,2199.81,2140.906,2140.906,1321416100,19828250000.0
2026-02-03,2153.774,2182.225,2149.801,2182.19,1237732300,20144390000.0
2026-02-04,2179.006,2193.308,2165.07,2191.747,1264297160,19280403000.0
2026-02-05,2181.555,2191.496,2175.733,2179.288,1013174590,16365392000.0
2026-02-06,2176.158,2205.881,2171.708,2181.855,1188725550,18351562000.0
2026-02-09,2197.782,2202.605,2191.847,2201.296,1179617020,19751387000.0
2026-02-10,2199.524,2217.223,2192.899,2204.997,1129333370,17562227000.0
2026-02-11,2201.348,2204.804,2186.847,2186.847,861145840,13947244000.0
2026-02-12,2188.163,2188.775,2168.04,2175.651,995849000,15219564000.0
2026-02-13,2175.353,2187.606,2159.927,2160.183,866160790,13238107200.0
2026-02-24,2178.723,2184.55,2166.307,2177.021,1034839700,18632988000.0
2026-02-25,2184.959,2200.71,2182.969,2195.83,1155437560,24096283000.0
2026-02-26,2194.845,2197.338,2184.156,2195.443,1181082340,22588930000.0
2026-02-27,2189.408,2207.564,2184.445,2207.073,979155330,20089742000.0
2026-03-02,2179.198,2187.304,2136.06,2147.555,1335332120,24550051000.0
2026-03-03,2149.368,2158.455,2075.527,2076.251,1477788000,29965977000.0
2026-03-04,2059.52,2088.149,2051.126,2061.272,1187240080,24998502000.0
2026-03-05,2090.731,2108.809,2085.109,2092.743,1144989890,29606186000.0
2026-03-06,2086.849,2147.686,2083.967,2147.621,1312149530,30178764000.0
2026-03-09,2120.144,2136.529,2098.787,2131.09,1298184380,30911615000.0
2026-03-10,2144.957,2169.696,2144.957,2169.696,975322040,25644002000.0
2026-03-11,2173.152,2173.152,2155.303,2160.345,959239360,28451934000.0
2026-03-12,2159.817,2162.256,2133.88,2139.563,1004660420,38441696000.0
2026-03-13,2138.536,2156.846,2126.011,2129.654,979626710,31369661000.0
2026-03-16,2135.137,2152.242,2128.129,2152.242,1031060710,26750813000.0
2026-03-17,2154.909,2164.002,2119.293,2119.522,1345505500,26300785000.0
2026-03-18,2126.379,2151.364,2118.587,2151.196,1153547670,24194759000.0
2026-03-19,2134.143,2139.716,2095.065,2103.09,1122130580,27320509000.0
2026-03-20,2107.921,2122.168,2050.072,2050.072,1141696920,29678512000.0
2026-03-23,2017.047,2017.047,1918.897,1929.587,1502270800,27174699000.0
2026-03-24,1963.386,1998.126,1944.322,1997.677,1219240780,25734904000.0
2026-03-25,2012.833,2028.357,2008.858,2023.401,1087887080,23227732000.0
2026-03-26,2019.837,2040.49,1987.925,1993.049,1110270840,25900883000.0
2026-03-27,1977.141,2052.839,1977.141,2052.012,1118691460,23405823000.0
2026-03-30,2035.171,2068.365,2035.171,2067.818,1261437450,20679897000.0
2026-03-31,2063.952,2092.86,2043.594,2045.803,1243450300,20070162000.0
2026-04-01,2072.936,2118.644,2056.394,2118.644,1440515400,25012346000.0
2026-04-02,2113.488,2128.914,2096.373,2110.461,1859960000,27402240000.0
2026-04-03,2102.291,2103.021,2055.391,2055.391,1540944000,24839851000.0
2026-04-07,2057.297,2090.47,2041.396,2077.676,1335491990,21656577000.0
2026-04-08,2111.806,2132.138,2099.373,2132.138,1540288700,28371423000.0
2026-04-09,2116.247,2132.59,2090.257,2092.429,1442438400,29316802000.0
2026-04-10,2099.877,2125.914,2093.717,2106.098,1380038800,27402748000.0
2026-04-13,2097.683,2097.683,2081.888,2091.448,1176751500,27482413000.0
2026-04-14,2100.27,2112.312,2081.281,2112.13,1189407860,31939177000.0
2026-04-15,2126.457,2131.25,2101.528,2120.189,1735855100,34311942000.0
2026-04-16,2120.061,2127.835,2101.849,2126.079,1343443500,24009380000.0
2026-04-17,2121.065,2121.767,2100.157,2120.09,1260778330,26724124000.0
2026-04-20,2113.824,2137.195,2113.602,2135.924,1332721000,28517494000.0
2026-04-21,2130.943,2139.253,2103.976,2112.718,1129409110,23038277000.0
2026-04-22,2105.192,2124.787,2101.647,2124.177,1098725380,27647124000.0
2026-04-23,2124.937,2128.917,2098.423,2106.59,1244163660,29330011000.0
2026-04-24,2094.485,2100.05,2078.493,2090.781,1152782870,23628514000.0
2026-04-27,2084.973,2105.302,2062.896,2103.633,1062960730,25394629000.0
2026-04-28,2101.762,2119.079,2084.05,2092.935,1165628410,25356233000.0
2026-04-29,2088.068,2123.258,2088.068,2115.898,1319188720,27412855000.0
2026-04-30,2111.965,2124.381,2103.768,2112.506,1457112800,28948514000.0
2026-05-06,2119.888,2141.284,2119.888,2133.131,1328916750,33249169000.0
2026-05-07,2137.473,2151.992,2132.873,2151.875,1662444200,34554935000.0
2026-05-08,2149.827,2180.865,2149.827,2176.629,1647236400,35099412000.0
2026-05-11,2187.083,2230.906,2174.219,2227.686,2118000400,42298316000.0
2026-05-12,2218.208,2218.208,2173.815,2179.702,1852204000,37773294000.0
2026-05-13,2172.493,2177.836,2161.006,2173.954,1442094500,31967811000.0
2026-05-14,2177.812,2178.615,2131.912,2131.912,1540858900,33415278000.0
2026-05-15,2130.609,2149.836,2105.234,2118.68,1508169800,32991369000.0
2026-05-18,2114.331,2120.353,2097.544,2111.792,1198604370,25918904000.0
2026-05-19,2110.584,2140.758,2110.584,2140.633,1504122900,40063039000.0
2026-05-20,2134.518,2134.518,2105.992,2122.464,1332731500,39673559000.0
2026-05-21,2122.349,2141.006,2065.495,2066.77,1450287400,41720928000.0
2026-05-22,2074.542,2090.739,2055.05,2083.066,1112279890,32172842000.0
2026-05-25,2084.211,2105.033,2060.827,2081.405,1172157920,35093421000.0
2026-05-26,2073.535,2076.194,2016.821,2040.655,1165832300,34992474000.0
2026-05-27,2037.789,2042.201,1994.48,2010.866,1126307830,33184936000.0
2026-05-28,2010.624,2029.073,1982.735,2019.405,1256843150,28619266000.0
2026-05-29,2026.377,2027.899,1985.883,1992.681,1325226220,33607018000.0
2026-06-01,1985.393,2011.418,1978.824,1994.944,1070005190,26563239000.0
2026-06-02,1993.918,1995.171,1950.699,1965.339,973807990,23224207000.0
2026-06-03,1966.894,1966.894,1932.995,1944.109,978088540,27646592000.0
2026-06-04,1937.055,1943.536,1904.527,1913.384,1031637970,23448356000.0
2026-06-05,1920.998,1946.212,1911.665,1924.256,1016525730,28736070000.0
2026-06-08,1883.948,1913.773,1844.811,1866.71,1023863170,23170000000.0
2026-06-09,1881.412,1897.147,1857.475,1896.537,878406560,21587200000.0
2026-06-10,1881.809,1886.443,1849.326,1873.982,878024980,19004578000.0
2026-06-11,1862.858,1870.287,1832.228,1850.364,796177220,18357956000.0
2026-06-12,1867.3,1892.294,1852.637,1883.682,1039323840,25072265000.0
2026-06-15,1885.889,1903.642,1879.853,1894.393,998956780,26315114000.0
2026-06-16,1889.854,1889.854,1864.62,1886.302,882447760,24925296000.0
2026-06-17,1881.753,1882.84,1863.801,1877.639,932754810,24981230000.0
2026-06-18,1874.759,1910.73,1863.211,1897.126,1228226100,29963409000.0
2026-06-22,1889.411,1898.665,1829.875,1897.967,1269799130,32935356000.0
2026-06-23,1888.763,1948.254,1886.684,1917.95,1231121230,28956918000.0
2026-06-24,1917.854,1932.275,1889.196,1903.308,1178227520,26156955000.0
2026-06-25,1893.545,1893.545,1843.375,1870.498,1130152740,26811696000.0
2026-06-26,1860.091,1862.952,1806.913,1806.913,1100932290,26483312000.0
2026-06-29,1805.532,1878.796,1783.288,1875.311,1370433100,40044620000.0
2026-06-30,1872.488,1883.425,1850.966,1873.596,1207410050,38068261000.0
2026-07-01,1875.263,1950.619,1861.857,1944.314,1545581700,39964919000.0
2026-07-02,1936.029,1970.725,1927.373,1930.339,1379084400,32974865000.0
2026-07-03,1943.774,1972.405,1927.689,1966.758,1381847500,29055190000.0
2026-07-06,1968.52,1993.763,1960.956,1963.578,1511077800,31003904000.0
2026-07-07,1949.721,1949.721,1889.992,1893.25,1274377710,24535639000.0
2026-07-08,1892.922,1901.141,1878.309,1881.222,1088632750,21740970000.0
2026-07-09,1872.761,1907.074,1848.797,1887.78,1165749800,25372611000.0
2026-07-10,1888.529,1973.88,1872.719,1941.804,1652571700,35725609000.0
2026-07-13,1936.44,1951.951,1903.913,1911.532,1528369000,31343844000.0
2026-07-14,1910.915,1948.191,1891.635,1947.12,1388094500,31776772000.0
2026-07-15,1939.517,2007.031,1936.961,1982.348,1649077900,33303023000.0
2026-07-16,1963.831,2009.36,1945.33,1990.182,1804366000,37392219000.0
2026-07-17,1977.191,1977.524,1865.661,1868.076,1653029900,30044457000.0
2026-07-20,1869.182,1894.389,1811.083,1838.246,1531954700,29893608000.0
2026-07-21,1832.899,1844.329,1758.162,1844.329,1502586200,31480210000.0
2026-07-22,1836.227,1866.69,1815.559,1823.764,1215059190,27560007000.0
2026-07-23,1814.964,1839.458,1803.051,1836.049,1107659300,21686536000.0
2026-07-24,1819.902,1831.029,1784.411,1784.411,1039116570,18575922000.0
2026-07-27,1774.144,1846.04,1772.911,1846.04,1066804180,20129170000.0
2026-07-28,1845.265,1874.633,1838.167,1845.389,1124594690,23114389000.0
2026-07-29,1847.307,1861.027,1830.077,1850.957,1224642930,24743874000.0
2026-07-30,1844.902,1867.07,1813.996,1826.225,1116549730,22247161000.0
2026-07-31,1835.2,1878.876,1835.2,1866.955,1314129580,23140675000.0
2026-08-03,1864.66,1877.448,1863.173,1875.118,973797320,16002060000.0
2026-08-04,1886.99,1917.849,1886.99,1913.403,1139486560,20898499000.0
2026-08-05,1905.697,1938.103,1905.697,1931.792,1252012530,27309386000.0
2026-08-06,1932.985,1935.541,1913.954,1934.346,1195061460,24161214000.0
2026-08-07,1933.161,2003.933,1923.783,2003.573,1611981100,30861586000.0
2026-08-10,2017.607,2062.597,2017.607,2048.884,2075877600,34229860000.0
2026-08-11,2034.628,2064.566,2025.62,2036.84,1947691600,28018302000.0
2026-08-12,2032.621,2059.871,2031.559,2049.938,1729586500,24637688000.0
2026-08-13,2047.842,2114.461,2034.207,2086.63,2131968800,34627239000.0
2026-08-14,2091.091,2121.704,2072.787,2095.038,2467754500,31001146000.0
2026-08-17,2095.747,2105.565,2053.207,2105.33,2104147400,31635979000.0
2026-08-18,2101.307,2106.939,2074.389,2087.103,2371351600,33610395000.0
2026-08-19,2068.409,2075.61,1999.488,2005.384,2119890200,30767397000.0
2026-08-20,2077.943,2154.074,2077.943,2133.808,2429344600,37466462000.0
2026-08-21,2107.377,2109.076,2075.386,2093.418,2576150300,37570302000.0
2026-08-24,2088.712,2095.069,2021.121,2034.566,2174253900,30009367000.0
2026-08-25,2021.527,2073.537,2013.058,2069.749,2164453300,26676925000.0
2026-08-26,2076.321,2101.846,2057.531,2062.958,2042390000,25879128000.0
2026-08-27,2059.067,2087.516,2057.314,2086.785,2176125700,30590791000.0
2026-08-28,2085.598,2088.676,2063.638,2068.547,2063545200,26618110000.0
2026-08-31,2045.815,2050.522,2029.512,2049.482,1873986300,22659427000.0
2026-09-01,2046.754,2071.773,2044.962,2067.203,1850327800,22729567000.0
2026-09-02,2059.162,2059.162,2036.858,2041.975,1675161200,19727558000.0
2026-09-03,2045.291,2052.328,2009.032,2020.93,1436936900,16344437000.0
